Time (ns),IRQ,spi_dual_tb.dut.tx_ready,SS_N,SCLK,spi_dual_tb.dut.rx_valid,DATA,MOSI,MISO,BUSY,spi_dual_tb.dut.clk,spi_dual_tb.expected_slave_rx,spi_dual_tb.dut.master_mode,MISO,MOSI,spi_dual_tb.dut.rst_n,SCLK,spi_dual_tb.slave_rx_valid_seen,SS_N,spi_dual_tb.timeout_cycles,spi_dual_tb.tx_data,spi_dual_tb.dut.tx_valid,spi_dual_tb.i,spi_dual_tb.dut.irq_clear,spi_dual_tb.dut.tx_data,SS_N,DATA,spi_dual_tb.dut.default_data,spi_dual_tb.dut.master_bit_counter,spi_dual_tb.dut.master_busy,spi_dual_tb.dut.master_rx_data_buffer,spi_dual_tb.dut.master_rx_shift_reg,spi_dual_tb.dut.master_rx_valid_buffer,spi_dual_tb.dut.master_sclk_counter,spi_dual_tb.dut.master_sclk_en,spi_dual_tb.dut.master_ss_n_reg,spi_dual_tb.dut.master_start_rx,spi_dual_tb.dut.master_start_tx,spi_dual_tb.dut.master_tx_ready_buffer,spi_dual_tb.dut.master_tx_shift_reg,spi_dual_tb.dut.slave_bit_counter,spi_dual_tb.dut.slave_busy_buffer,spi_dual_tb.dut.slave_rx_data_buffer,spi_dual_tb.dut.slave_rx_valid_buffer,spi_dual_tb.dut.slave_sclk_last_state,spi_dual_tb.dut.slave_ss_last_state,spi_dual_tb.dut.slave_timeout_counter,spi_dual_tb.dut.slave_transaction_active,spi_dual_tb.dut.slave_tx_ready_buffer,spi_dual_tb.dut.slave_tx_shift_reg,spi_dual_tb.wait_master.timeout
0,0,1,b1111,0,0,bx,0,0,0,0,bx,1,0,0,0,0,0,1,bx,b0,0,bx,0,b0,b1111,bx,b100101101001011010010110100101,b0,0,bx,b0,0,b0,0,b1111,0,0,1,b0,b0,0,b0,0,0,1,b0,0,0,bx,bx
10000,0,1,b1111,0,0,bx,0,0,0,1,bx,1,0,0,0,0,0,1,bx,b0,0,bx,0,b0,b1111,bx,b100101101001011010010110100101,b0,0,bx,b0,0,b0,0,b1111,0,0,1,b0,b0,0,b0,0,0,1,b0,0,0,b100101101001011010010110100101,bx
20000,0,1,b1111,0,0,bx,0,0,0,0,bx,1,0,0,0,0,0,1,bx,b0,0,bx,0,b0,b1111,bx,b100101101001011010010110100101,b0,0,bx,b0,0,b0,0,b1111,0,0,1,b0,b0,0,b0,0,0,1,b0,0,0,b100101101001011010010110100101,bx
30000,0,1,b1111,0,0,bx,0,0,0,1,bx,1,0,0,0,0,0,1,bx,b0,0,bx,0,b0,b1111,bx,b100101101001011010010110100101,b0,0,bx,b0,0,b0,0,b1111,0,0,1,b0,b0,0,b0,0,0,1,b0,0,0,b100101101001011010010110100101,bx
40000,0,1,b1111,0,0,bx,0,0,0,0,bx,1,0,0,0,0,0,1,bx,b0,0,bx,0,b0,b1111,bx,b100101101001011010010110100101,b0,0,bx,b0,0,b0,0,b1111,0,0,1,b0,b0,0,b0,0,0,1,b0,0,0,b100101101001011010010110100101,bx
50000,0,1,b1111,0,0,bx,0,0,0,1,bx,1,0,0,0,0,0,1,bx,b0,0,bx,0,b0,b1111,bx,b100101101001011010010110100101,b0,0,bx,b0,0,b0,0,b1111,0,0,1,b0,b0,0,b0,0,0,1,b0,0,0,b100101101001011010010110100101,bx
60000,0,1,b1111,0,0,bx,0,0,0,0,bx,1,0,0,0,0,0,1,bx,b0,0,bx,0,b0,b1111,bx,b100101101001011010010110100101,b0,0,bx,b0,0,b0,0,b1111,0,0,1,b0,b0,0,b0,0,0,1,b0,0,0,b100101101001011010010110100101,bx
70000,0,1,b1111,0,0,bx,0,0,0,1,bx,1,0,0,0,0,0,1,bx,b0,0,bx,0,b0,b1111,bx,b100101101001011010010110100101,b0,0,bx,b0,0,b0,0,b1111,0,0,1,b0,b0,0,b0,0,0,1,b0,0,0,b100101101001011010010110100101,bx
80000,0,1,b1111,0,0,bx,0,0,0,0,bx,1,0,0,0,0,0,1,bx,b0,0,bx,0,b0,b1111,bx,b100101101001011010010110100101,b0,0,bx,b0,0,b0,0,b1111,0,0,1,b0,b0,0,b0,0,0,1,b0,0,0,b100101101001011010010110100101,bx
90000,0,1,b1111,0,0,bx,0,0,0,1,bx,1,0,0,0,0,0,1,bx,b0,0,bx,0,b0,b1111,bx,b100101101001011010010110100101,b0,0,bx,b0,0,b0,0,b1111,0,0,1,b0,b0,0,b0,0,0,1,b0,0,0,b100101101001011010010110100101,bx
100000,0,1,b1111,0,0,bx,0,0,0,0,bx,1,0,0,1,0,0,1,bx,b0,0,bx,0,b0,b1111,bx,b100101101001011010010110100101,b0,0,bx,b0,0,b0,0,b1111,0,0,1,b0,b0,0,b0,0,0,1,b0,0,0,b100101101001011010010110100101,bx
110000,0,1,b1111,0,0,bx,0,0,0,1,bx,1,0,0,1,0,0,1,bx,b0,0,bx,0,b0,b1111,bx,b100101101001011010010110100101,b0,0,bx,b0,0,b0,0,b1111,0,0,1,b0,b0,0,b0,0,0,1,b0,0,0,b100101101001011010010110100101,bx
120000,0,1,b1111,0,0,bx,0,0,0,0,bx,1,0,0,1,0,0,1,bx,b0,0,bx,0,b0,b1111,bx,b100101101001011010010110100101,b0,0,bx,b0,0,b0,0,b1111,0,0,1,b0,b0,0,b0,0,0,1,b0,0,0,b100101101001011010010110100101,bx
130000,0,1,b1111,0,0,bx,0,0,0,1,bx,1,0,0,1,0,0,1,bx,b0,0,bx,0,b0,b1111,bx,b100101101001011010010110100101,b0,0,bx,b0,0,b0,0,b1111,0,0,1,b0,b0,0,b0,0,0,1,b0,0,0,b100101101001011010010110100101,bx
140000,0,1,b1111,0,0,bx,0,0,0,0,bx,1,0,0,1,0,0,1,bx,b0,0,bx,0,b0,b1111,bx,b100101101001011010010110100101,b0,0,bx,b0,0,b0,0,b1111,0,0,1,b0,b0,0,b0,0,0,1,b0,0,0,b100101101001011010010110100101,bx
150000,0,1,b1111,0,0,bx,0,0,0,1,bx,1,0,0,1,0,0,1,bx,b0,0,bx,0,b0,b1111,bx,b100101101001011010010110100101,b0,0,bx,b0,0,b0,0,b1111,0,0,1,b0,b0,0,b0,0,0,1,b0,0,0,b100101101001011010010110100101,bx
160000,0,1,b1111,0,0,bx,0,0,0,0,bx,1,0,0,1,0,0,1,bx,b0,0,bx,0,b0,b1111,bx,b100101101001011010010110100101,b0,0,bx,b0,0,b0,0,b1111,0,0,1,b0,b0,0,b0,0,0,1,b0,0,0,b100101101001011010010110100101,bx
170000,0,1,b1111,0,0,bx,0,0,0,1,bx,1,0,0,1,0,0,1,bx,b0,0,bx,0,b0,b1111,bx,b100101101001011010010110100101,b0,0,bx,b0,0,b0,0,b1111,0,0,1,b0,b0,0,b0,0,0,1,b0,0,0,b100101101001011010010110100101,bx
180000,0,1,b1111,0,0,bx,0,0,0,0,bx,1,0,0,1,0,0,1,bx,b0,0,bx,0,b0,b1111,bx,b100101101001011010010110100101,b0,0,bx,b0,0,b0,0,b1111,0,0,1,b0,b0,0,b0,0,0,1,b0,0,0,b100101101001011010010110100101,bx
190000,0,1,b1111,0,0,bx,0,0,0,1,bx,1,0,0,1,0,0,1,bx,b0,0,bx,0,b0,b1111,bx,b100101101001011010010110100101,b0,0,bx,b0,0,b0,0,b1111,0,0,1,b0,b0,0,b0,0,0,1,b0,0,0,b100101101001011010010110100101,bx
200000,0,1,b1111,0,0,bx,0,0,0,0,bx,1,0,0,1,0,0,1,bx,b0,0,bx,0,b0,b1111,bx,b100101101001011010010110100101,b0,0,bx,b0,0,b0,0,b1111,0,0,1,b0,b0,0,b0,0,0,1,b0,0,0,b100101101001011010010110100101,bx
210000,0,1,b1111,0,0,bx,0,0,0,1,bx,1,0,0,1,0,0,1,bx,b0,0,bx,0,b0,b1111,bx,b100101101001011010010110100101,b0,0,bx,b0,0,b0,0,b1111,0,0,1,b0,b0,0,b0,0,0,1,b0,0,0,b100101101001011010010110100101,bx
220000,0,1,b1111,0,0,bx,0,0,0,0,bx,1,0,0,1,0,0,1,bx,b0,0,bx,0,b0,b1111,bx,b100101101001011010010110100101,b0,0,bx,b0,0,b0,0,b1111,0,0,1,b0,b0,0,b0,0,0,1,b0,0,0,b100101101001011010010110100101,bx
230000,0,1,b1111,0,0,bx,0,0,0,1,bx,1,0,0,1,0,0,1,bx,b0,0,bx,0,b0,b1111,bx,b100101101001011010010110100101,b0,0,bx,b0,0,b0,0,b1111,0,0,1,b0,b0,0,b0,0,0,1,b0,0,0,b100101101001011010010110100101,bx
240000,0,1,b1111,0,0,bx,0,0,0,0,bx,1,0,0,1,0,0,1,bx,b0,0,bx,0,b0,b1111,bx,b100101101001011010010110100101,b0,0,bx,b0,0,b0,0,b1111,0,0,1,b0,b0,0,b0,0,0,1,b0,0,0,b100101101001011010010110100101,bx
250000,0,1,b1111,0,0,bx,0,0,0,1,bx,1,0,0,1,0,0,1,bx,b0,0,bx,0,b0,b1111,bx,b100101101001011010010110100101,b0,0,bx,b0,0,b0,0,b1111,0,0,1,b0,b0,0,b0,0,0,1,b0,0,0,b100101101001011010010110100101,bx
260000,0,1,b1111,0,0,bx,0,0,0,0,bx,1,0,0,1,0,0,1,bx,b0,0,bx,0,b0,b1111,bx,b100101101001011010010110100101,b0,0,bx,b0,0,b0,0,b1111,0,0,1,b0,b0,0,b0,0,0,1,b0,0,0,b100101101001011010010110100101,bx
270000,0,1,b1111,0,0,bx,0,0,0,1,bx,1,0,0,1,0,0,1,bx,b0,0,bx,0,b0,b1111,bx,b100101101001011010010110100101,b0,0,bx,b0,0,b0,0,b1111,0,0,1,b0,b0,0,b0,0,0,1,b0,0,0,b100101101001011010010110100101,bx
280000,0,1,b1111,0,0,bx,0,0,0,0,bx,1,0,0,1,0,0,1,bx,b0,0,bx,0,b0,b1111,bx,b100101101001011010010110100101,b0,0,bx,b0,0,b0,0,b1111,0,0,1,b0,b0,0,b0,0,0,1,b0,0,0,b100101101001011010010110100101,bx
290000,0,1,b1111,0,0,bx,0,0,0,1,bx,1,0,0,1,0,0,1,bx,b0,0,bx,0,b0,b1111,bx,b100101101001011010010110100101,b0,0,bx,b0,0,b0,0,b1111,0,0,1,b0,b0,0,b0,0,0,1,b0,0,0,b100101101001011010010110100101,bx
300000,0,1,b1111,0,0,bx,0,0,0,0,bx,1,0,0,1,0,0,1,bx,b100101101001011010010110100101,0,bx,0,b100101101001011010010110100101,b1111,bx,b100101101001011010010110100101,b0,0,bx,b0,0,b0,0,b1111,0,0,1,b0,b0,0,b0,0,0,1,b0,0,0,b100101101001011010010110100101,bx
310000,0,0,b1101,0,0,bx,1,0,1,1,bx,1,0,0,1,0,0,1,bx,b100101101001011010010110100101,1,bx,0,b100101101001011010010110100101,b1101,bx,b100101101001011010010110100101,b0,1,bx,b0,0,b0,1,b1101,0,1,0,b100101101001011010010110100101,b0,0,b0,0,0,1,b0,0,0,b100101101001011010010110100101,bx
320000,0,0,b1101,0,0,bx,1,0,1,0,bx,1,0,0,1,0,0,1,bx,b100101101001011010010110100101,1,bx,0,b100101101001011010010110100101,b1101,bx,b100101101001011010010110100101,b0,1,bx,b0,0,b0,1,b1101,0,1,0,b100101101001011010010110100101,b0,0,b0,0,0,1,b0,0,0,b100101101001011010010110100101,bx
330000,0,0,b1101,1,0,bx,1,0,1,1,bx,1,0,0,1,0,0,1,bx,b100101101001011010010110100101,0,bx,0,b100101101001011010010110100101,b1101,bx,b100101101001011010010110100101,b0,1,bx,b0,0,b1,1,b1101,0,0,0,b100101101001011010010110100101,b0,0,b0,0,0,1,b0,0,0,b100101101001011010010110100101,bx
340000,0,0,b1101,1,0,bx,1,0,1,0,bx,1,0,0,1,0,0,1,bx,b100101101001011010010110100101,0,bx,0,b100101101001011010010110100101,b1101,bx,b100101101001011010010110100101,b0,1,bx,b0,0,b1,1,b1101,0,0,0,b100101101001011010010110100101,b0,0,b0,0,0,1,b0,0,0,b100101101001011010010110100101,bx
350000,0,0,b1101,0,0,bx,1,0,1,1,bx,1,0,0,1,0,0,1,bx,b100101101001011010010110100101,0,bx,0,b100101101001011010010110100101,b1101,bx,b100101101001011010010110100101,b0,1,bx,b0,0,b10,1,b1101,0,0,0,b100101101001011010010110100101,b0,0,b0,0,0,1,b0,0,0,b100101101001011010010110100101,bx
360000,0,0,b1101,0,0,bx,1,0,1,0,bx,1,0,0,1,0,0,1,bx,b100101101001011010010110100101,0,bx,0,b100101101001011010010110100101,b1101,bx,b100101101001011010010110100101,b0,1,bx,b0,0,b10,1,b1101,0,0,0,b100101101001011010010110100101,b0,0,b0,0,0,1,b0,0,0,b100101101001011010010110100101,bx
370000,0,0,b1101,0,0,bx,0,0,1,1,bx,1,0,0,1,0,0,1,bx,b100101101001011010010110100101,0,bx,0,b100101101001011010010110100101,b1101,bx,b100101101001011010010110100101,b1,1,bx,b0,0,b0,1,b1101,0,0,0,b1011010010110100101101001010,b0,0,b0,0,0,1,b0,0,0,b100101101001011010010110100101,bx
380000,0,0,b1101,0,0,bx,0,0,1,0,bx,1,0,0,1,0,0,1,bx,b100101101001011010010110100101,0,bx,0,b100101101001011010010110100101,b1101,bx,b100101101001011010010110100101,b1,1,bx,b0,0,b0,1,b1101,0,0,0,b1011010010110100101101001010,b0,0,b0,0,0,1,b0,0,0,b100101101001011010010110100101,bx
390000,0,0,b1101,1,0,bx,0,0,1,1,bx,1,0,0,1,0,0,1,bx,b100101101001011010010110100101,0,bx,0,b100101101001011010010110100101,b1101,bx,b100101101001011010010110100101,b1,1,bx,b0,0,b1,1,b1101,0,0,0,b1011010010110100101101001010,b0,0,b0,0,0,1,b0,0,0,b100101101001011010010110100101,bx
400000,0,0,b1101,1,0,bx,0,0,1,0,bx,1,0,0,1,0,0,1,bx,b100101101001011010010110100101,0,bx,0,b100101101001011010010110100101,b1101,bx,b100101101001011010010110100101,b1,1,bx,b0,0,b1,1,b1101,0,0,0,b1011010010110100101101001010,b0,0,b0,0,0,1,b0,0,0,b100101101001011010010110100101,bx
410000,0,0,b1101,0,0,bx,0,0,1,1,bx,1,0,0,1,0,0,1,bx,b100101101001011010010110100101,0,bx,0,b100101101001011010010110100101,b1101,bx,b100101101001011010010110100101,b1,1,bx,b0,0,b10,1,b1101,0,0,0,b1011010010110100101101001010,b0,0,b0,0,0,1,b0,0,0,b100101101001011010010110100101,bx
420000,0,0,b1101,0,0,bx,0,0,1,0,bx,1,0,0,1,0,0,1,bx,b100101101001011010010110100101,0,bx,0,b100101101001011010010110100101,b1101,bx,b100101101001011010010110100101,b1,1,bx,b0,0,b10,1,b1101,0,0,0,b1011010010110100101101001010,b0,0,b0,0,0,1,b0,0,0,b100101101001011010010110100101,bx
430000,0,0,b1101,0,0,bx,0,0,1,1,bx,1,0,0,1,0,0,1,bx,b100101101001011010010110100101,0,bx,0,b100101101001011010010110100101,b1101,bx,b100101101001011010010110100101,b10,1,bx,b0,0,b0,1,b1101,0,0,0,b10110100101101001011010010100,b0,0,b0,0,0,1,b0,0,0,b100101101001011010010110100101,b0
440000,0,0,b1101,0,0,bx,0,0,1,0,bx,1,0,0,1,0,0,1,bx,b100101101001011010010110100101,0,bx,0,b100101101001011010010110100101,b1101,bx,b100101101001011010010110100101,b10,1,bx,b0,0,b0,1,b1101,0,0,0,b10110100101101001011010010100,b0,0,b0,0,0,1,b0,0,0,b100101101001011010010110100101,b0
450000,0,0,b1101,1,0,bx,0,0,1,1,bx,1,0,0,1,0,0,1,bx,b100101101001011010010110100101,0,bx,0,b100101101001011010010110100101,b1101,bx,b100101101001011010010110100101,b10,1,bx,b0,0,b1,1,b1101,0,0,0,b10110100101101001011010010100,b0,0,b0,0,0,1,b0,0,0,b100101101001011010010110100101,b1
460000,0,0,b1101,1,0,bx,0,0,1,0,bx,1,0,0,1,0,0,1,bx,b100101101001011010010110100101,0,bx,0,b100101101001011010010110100101,b1101,bx,b100101101001011010010110100101,b10,1,bx,b0,0,b1,1,b1101,0,0,0,b10110100101101001011010010100,b0,0,b0,0,0,1,b0,0,0,b100101101001011010010110100101,b1
470000,0,0,b1101,0,0,bx,0,0,1,1,bx,1,0,0,1,0,0,1,bx,b100101101001011010010110100101,0,bx,0,b100101101001011010010110100101,b1101,bx,b100101101001011010010110100101,b10,1,bx,b0,0,b10,1,b1101,0,0,0,b10110100101101001011010010100,b0,0,b0,0,0,1,b0,0,0,b100101101001011010010110100101,b10
480000,0,0,b1101,0,0,bx,0,0,1,0,bx,1,0,0,1,0,0,1,bx,b100101101001011010010110100101,0,bx,0,b100101101001011010010110100101,b1101,bx,b100101101001011010010110100101,b10,1,bx,b0,0,b10,1,b1101,0,0,0,b10110100101101001011010010100,b0,0,b0,0,0,1,b0,0,0,b100101101001011010010110100101,b10
490000,0,0,b1101,0,0,bx,1,0,1,1,bx,1,0,0,1,0,0,1,bx,b100101101001011010010110100101,0,bx,0,b100101101001011010010110100101,b1101,bx,b100101101001011010010110100101,b11,1,bx,b0,0,b0,1,b1101,0,0,0,b101101001011010010110100101000,b0,0,b0,0,0,1,b0,0,0,b100101101001011010010110100101,b11
500000,0,0,b1101,0,0,bx,1,0,1,0,bx,1,0,0,1,0,0,1,bx,b100101101001011010010110100101,0,bx,0,b100101101001011010010110100101,b1101,bx,b100101101001011010010110100101,b11,1,bx,b0,0,b0,1,b1101,0,0,0,b101101001011010010110100101000,b0,0,b0,0,0,1,b0,0,0,b100101101001011010010110100101,b11
510000,0,0,b1101,1,0,bx,1,0,1,1,bx,1,0,0,1,0,0,1,bx,b100101101001011010010110100101,0,bx,0,b100101101001011010010110100101,b1101,bx,b100101101001011010010110100101,b11,1,bx,b0,0,b1,1,b1101,0,0,0,b101101001011010010110100101000,b0,0,b0,0,0,1,b0,0,0,b100101101001011010010110100101,b100
520000,0,0,b1101,1,0,bx,1,0,1,0,bx,1,0,0,1,0,0,1,bx,b100101101001011010010110100101,0,bx,0,b100101101001011010010110100101,b1101,bx,b100101101001011010010110100101,b11,1,bx,b0,0,b1,1,b1101,0,0,0,b101101001011010010110100101000,b0,0,b0,0,0,1,b0,0,0,b100101101001011010010110100101,b100
530000,0,0,b1101,0,0,bx,1,0,1,1,bx,1,0,0,1,0,0,1,bx,b100101101001011010010110100101,0,bx,0,b100101101001011010010110100101,b1101,bx,b100101101001011010010110100101,b11,1,bx,b0,0,b10,1,b1101,0,0,0,b101101001011010010110100101000,b0,0,b0,0,0,1,b0,0,0,b100101101001011010010110100101,b101
540000,0,0,b1101,0,0,bx,1,0,1,0,bx,1,0,0,1,0,0,1,bx,b100101101001011010010110100101,0,bx,0,b100101101001011010010110100101,b1101,bx,b100101101001011010010110100101,b11,1,bx,b0,0,b10,1,b1101,0,0,0,b101101001011010010110100101000,b0,0,b0,0,0,1,b0,0,0,b100101101001011010010110100101,b101
550000,0,0,b1101,0,0,bx,0,0,1,1,bx,1,0,0,1,0,0,1,bx,b100101101001011010010110100101,0,bx,0,b100101101001011010010110100101,b1101,bx,b100101101001011010010110100101,b100,1,bx,b0,0,b0,1,b1101,0,0,0,b11010010110100101101001010000,b0,0,b0,0,0,1,b0,0,0,b100101101001011010010110100101,b110
560000,0,0,b1101,0,0,bx,0,0,1,0,bx,1,0,0,1,0,0,1,bx,b100101101001011010010110100101,0,bx,0,b100101101001011010010110100101,b1101,bx,b100101101001011010010110100101,b100,1,bx,b0,0,b0,1,b1101,0,0,0,b11010010110100101101001010000,b0,0,b0,0,0,1,b0,0,0,b100101101001011010010110100101,b110
570000,0,0,b1101,1,0,bx,0,0,1,1,bx,1,0,0,1,0,0,1,bx,b100101101001011010010110100101,0,bx,0,b100101101001011010010110100101,b1101,bx,b100101101001011010010110100101,b100,1,bx,b0,0,b1,1,b1101,0,0,0,b11010010110100101101001010000,b0,0,b0,0,0,1,b0,0,0,b100101101001011010010110100101,b111
580000,0,0,b1101,1,0,bx,0,0,1,0,bx,1,0,0,1,0,0,1,bx,b100101101001011010010110100101,0,bx,0,b100101101001011010010110100101,b1101,bx,b100101101001011010010110100101,b100,1,bx,b0,0,b1,1,b1101,0,0,0,b11010010110100101101001010000,b0,0,b0,0,0,1,b0,0,0,b100101101001011010010110100101,b111
590000,0,0,b1101,0,0,bx,0,0,1,1,bx,1,0,0,1,0,0,1,bx,b100101101001011010010110100101,0,bx,0,b100101101001011010010110100101,b1101,bx,b100101101001011010010110100101,b100,1,bx,b0,0,b10,1,b1101,0,0,0,b11010010110100101101001010000,b0,0,b0,0,0,1,b0,0,0,b100101101001011010010110100101,b1000
600000,0,0,b1101,0,0,bx,0,0,1,0,bx,1,0,0,1,0,0,1,bx,b100101101001011010010110100101,0,bx,0,b100101101001011010010110100101,b1101,bx,b100101101001011010010110100101,b100,1,bx,b0,0,b10,1,b1101,0,0,0,b11010010110100101101001010000,b0,0,b0,0,0,1,b0,0,0,b100101101001011010010110100101,b1000
610000,0,0,b1101,0,0,bx,1,0,1,1,bx,1,0,0,1,0,0,1,bx,b100101101001011010010110100101,0,bx,0,b100101101001011010010110100101,b1101,bx,b100101101001011010010110100101,b101,1,bx,b0,0,b0,1,b1101,0,0,0,b110100101101001011010010100000,b0,0,b0,0,0,1,b0,0,0,b100101101001011010010110100101,b1001
620000,0,0,b1101,0,0,bx,1,0,1,0,bx,1,0,0,1,0,0,1,bx,b100101101001011010010110100101,0,bx,0,b100101101001011010010110100101,b1101,bx,b100101101001011010010110100101,b101,1,bx,b0,0,b0,1,b1101,0,0,0,b110100101101001011010010100000,b0,0,b0,0,0,1,b0,0,0,b100101101001011010010110100101,b1001
630000,0,0,b1101,1,0,bx,1,0,1,1,bx,1,0,0,1,0,0,1,bx,b100101101001011010010110100101,0,bx,0,b100101101001011010010110100101,b1101,bx,b100101101001011010010110100101,b101,1,bx,b0,0,b1,1,b1101,0,0,0,b110100101101001011010010100000,b0,0,b0,0,0,1,b0,0,0,b100101101001011010010110100101,b1010
640000,0,0,b1101,1,0,bx,1,0,1,0,bx,1,0,0,1,0,0,1,bx,b100101101001011010010110100101,0,bx,0,b100101101001011010010110100101,b1101,bx,b100101101001011010010110100101,b101,1,bx,b0,0,b1,1,b1101,0,0,0,b110100101101001011010010100000,b0,0,b0,0,0,1,b0,0,0,b100101101001011010010110100101,b1010
650000,0,0,b1101,0,0,bx,1,0,1,1,bx,1,0,0,1,0,0,1,bx,b100101101001011010010110100101,0,bx,0,b100101101001011010010110100101,b1101,bx,b100101101001011010010110100101,b101,1,bx,b0,0,b10,1,b1101,0,0,0,b110100101101001011010010100000,b0,0,b0,0,0,1,b0,0,0,b100101101001011010010110100101,b1011
660000,0,0,b1101,0,0,bx,1,0,1,0,bx,1,0,0,1,0,0,1,bx,b100101101001011010010110100101,0,bx,0,b100101101001011010010110100101,b1101,bx,b100101101001011010010110100101,b101,1,bx,b0,0,b10,1,b1101,0,0,0,b110100101101001011010010100000,b0,0,b0,0,0,1,b0,0,0,b100101101001011010010110100101,b1011
670000,0,0,b1101,0,0,bx,1,0,1,1,bx,1,0,0,1,0,0,1,bx,b100101101001011010010110100101,0,bx,0,b100101101001011010010110100101,b1101,bx,b100101101001011010010110100101,b110,1,bx,b0,0,b0,1,b1101,0,0,0,b101001011010010110100101000000,b0,0,b0,0,0,1,b0,0,0,b100101101001011010010110100101,b1100
680000,0,0,b1101,0,0,bx,1,0,1,0,bx,1,0,0,1,0,0,1,bx,b100101101001011010010110100101,0,bx,0,b100101101001011010010110100101,b1101,bx,b100101101001011010010110100101,b110,1,bx,b0,0,b0,1,b1101,0,0,0,b101001011010010110100101000000,b0,0,b0,0,0,1,b0,0,0,b100101101001011010010110100101,b1100
690000,0,0,b1101,1,0,bx,1,0,1,1,bx,1,0,0,1,0,0,1,bx,b100101101001011010010110100101,0,bx,0,b100101101001011010010110100101,b1101,bx,b100101101001011010010110100101,b110,1,bx,b0,0,b1,1,b1101,0,0,0,b101001011010010110100101000000,b0,0,b0,0,0,1,b0,0,0,b100101101001011010010110100101,b1101
700000,0,0,b1101,1,0,bx,1,0,1,0,bx,1,0,0,1,0,0,1,bx,b100101101001011010010110100101,0,bx,0,b100101101001011010010110100101,b1101,bx,b100101101001011010010110100101,b110,1,bx,b0,0,b1,1,b1101,0,0,0,b101001011010010110100101000000,b0,0,b0,0,0,1,b0,0,0,b100101101001011010010110100101,b1101
710000,0,0,b1101,0,0,bx,1,0,1,1,bx,1,0,0,1,0,0,1,bx,b100101101001011010010110100101,0,bx,0,b100101101001011010010110100101,b1101,bx,b100101101001011010010110100101,b110,1,bx,b0,0,b10,1,b1101,0,0,0,b101001011010010110100101000000,b0,0,b0,0,0,1,b0,0,0,b100101101001011010010110100101,b1110
720000,0,0,b1101,0,0,bx,1,0,1,0,bx,1,0,0,1,0,0,1,bx,b100101101001011010010110100101,0,bx,0,b100101101001011010010110100101,b1101,bx,b100101101001011010010110100101,b110,1,bx,b0,0,b10,1,b1101,0,0,0,b101001011010010110100101000000,b0,0,b0,0,0,1,b0,0,0,b100101101001011010010110100101,b1110
730000,0,0,b1101,0,0,bx,0,0,1,1,bx,1,0,0,1,0,0,1,bx,b100101101001011010010110100101,0,bx,0,b100101101001011010010110100101,b1101,bx,b100101101001011010010110100101,b111,1,bx,b0,0,b0,1,b1101,0,0,0,b10010110100101101001010000000,b0,0,b0,0,0,1,b0,0,0,b100101101001011010010110100101,b1111
740000,0,0,b1101,0,0,bx,0,0,1,0,bx,1,0,0,1,0,0,1,bx,b100101101001011010010110100101,0,bx,0,b100101101001011010010110100101,b1101,bx,b100101101001011010010110100101,b111,1,bx,b0,0,b0,1,b1101,0,0,0,b10010110100101101001010000000,b0,0,b0,0,0,1,b0,0,0,b100101101001011010010110100101,b1111
750000,0,0,b1101,1,0,bx,0,0,1,1,bx,1,0,0,1,0,0,1,bx,b100101101001011010010110100101,0,bx,0,b100101101001011010010110100101,b1101,bx,b100101101001011010010110100101,b111,1,bx,b0,0,b1,1,b1101,0,0,0,b10010110100101101001010000000,b0,0,b0,0,0,1,b0,0,0,b100101101001011010010110100101,b10000
760000,0,0,b1101,1,0,bx,0,0,1,0,bx,1,0,0,1,0,0,1,bx,b100101101001011010010110100101,0,bx,0,b100101101001011010010110100101,b1101,bx,b100101101001011010010110100101,b111,1,bx,b0,0,b1,1,b1101,0,0,0,b10010110100101101001010000000,b0,0,b0,0,0,1,b0,0,0,b100101101001011010010110100101,b10000
770000,0,0,b1101,0,0,bx,0,0,1,1,bx,1,0,0,1,0,0,1,bx,b100101101001011010010110100101,0,bx,0,b100101101001011010010110100101,b1101,bx,b100101101001011010010110100101,b111,1,bx,b0,0,b10,1,b1101,0,0,0,b10010110100101101001010000000,b0,0,b0,0,0,1,b0,0,0,b100101101001011010010110100101,b10001
780000,0,0,b1101,0,0,bx,0,0,1,0,bx,1,0,0,1,0,0,1,bx,b100101101001011010010110100101,0,bx,0,b100101101001011010010110100101,b1101,bx,b100101101001011010010110100101,b111,1,bx,b0,0,b10,1,b1101,0,0,0,b10010110100101101001010000000,b0,0,b0,0,0,1,b0,0,0,b100101101001011010010110100101,b10001
790000,0,0,b1101,0,0,bx,1,0,1,1,bx,1,0,0,1,0,0,1,bx,b100101101001011010010110100101,0,bx,0,b100101101001011010010110100101,b1101,bx,b100101101001011010010110100101,b1000,1,bx,b0,0,b0,1,b1101,0,0,0,b100101101001011010010100000000,b0,0,b0,0,0,1,b0,0,0,b100101101001011010010110100101,b10010
800000,0,0,b1101,0,0,bx,1,0,1,0,bx,1,0,0,1,0,0,1,bx,b100101101001011010010110100101,0,bx,0,b100101101001011010010110100101,b1101,bx,b100101101001011010010110100101,b1000,1,bx,b0,0,b0,1,b1101,0,0,0,b100101101001011010010100000000,b0,0,b0,0,0,1,b0,0,0,b100101101001011010010110100101,b10010
810000,0,0,b1101,1,0,bx,1,0,1,1,bx,1,0,0,1,0,0,1,bx,b100101101001011010010110100101,0,bx,0,b100101101001011010010110100101,b1101,bx,b100101101001011010010110100101,b1000,1,bx,b0,0,b1,1,b1101,0,0,0,b100101101001011010010100000000,b0,0,b0,0,0,1,b0,0,0,b100101101001011010010110100101,b10011
820000,0,0,b1101,1,0,bx,1,0,1,0,bx,1,0,0,1,0,0,1,bx,b100101101001011010010110100101,0,bx,0,b100101101001011010010110100101,b1101,bx,b100101101001011010010110100101,b1000,1,bx,b0,0,b1,1,b1101,0,0,0,b100101101001011010010100000000,b0,0,b0,0,0,1,b0,0,0,b100101101001011010010110100101,b10011
830000,0,0,b1101,0,0,bx,1,0,1,1,bx,1,0,0,1,0,0,1,bx,b100101101001011010010110100101,0,bx,0,b100101101001011010010110100101,b1101,bx,b100101101001011010010110100101,b1000,1,bx,b0,0,b10,1,b1101,0,0,0,b100101101001011010010100000000,b0,0,b0,0,0,1,b0,0,0,b100101101001011010010110100101,b10100
840000,0,0,b1101,0,0,bx,1,0,1,0,bx,1,0,0,1,0,0,1,bx,b100101101001011010010110100101,0,bx,0,b100101101001011010010110100101,b1101,bx,b100101101001011010010110100101,b1000,1,bx,b0,0,b10,1,b1101,0,0,0,b100101101001011010010100000000,b0,0,b0,0,0,1,b0,0,0,b100101101001011010010110100101,b10100
850000,0,0,b1101,0,0,bx,0,0,1,1,bx,1,0,0,1,0,0,1,bx,b100101101001011010010110100101,0,bx,0,b100101101001011010010110100101,b1101,bx,b100101101001011010010110100101,b1001,1,bx,b0,0,b0,1,b1101,0,0,0,b1011010010110100101000000000,b0,0,b0,0,0,1,b0,0,0,b100101101001011010010110100101,b10101
860000,0,0,b1101,0,0,bx,0,0,1,0,bx,1,0,0,1,0,0,1,bx,b100101101001011010010110100101,0,bx,0,b100101101001011010010110100101,b1101,bx,b100101101001011010010110100101,b1001,1,bx,b0,0,b0,1,b1101,0,0,0,b1011010010110100101000000000,b0,0,b0,0,0,1,b0,0,0,b100101101001011010010110100101,b10101
870000,0,0,b1101,1,0,bx,0,0,1,1,bx,1,0,0,1,0,0,1,bx,b100101101001011010010110100101,0,bx,0,b100101101001011010010110100101,b1101,bx,b100101101001011010010110100101,b1001,1,bx,b0,0,b1,1,b1101,0,0,0,b1011010010110100101000000000,b0,0,b0,0,0,1,b0,0,0,b100101101001011010010110100101,b10110
880000,0,0,b1101,1,0,bx,0,0,1,0,bx,1,0,0,1,0,0,1,bx,b100101101001011010010110100101,0,bx,0,b100101101001011010010110100101,b1101,bx,b100101101001011010010110100101,b1001,1,bx,b0,0,b1,1,b1101,0,0,0,b1011010010110100101000000000,b0,0,b0,0,0,1,b0,0,0,b100101101001011010010110100101,b10110
890000,0,0,b1101,0,0,bx,0,0,1,1,bx,1,0,0,1,0,0,1,bx,b100101101001011010010110100101,0,bx,0,b100101101001011010010110100101,b1101,bx,b100101101001011010010110100101,b1001,1,bx,b0,0,b10,1,b1101,0,0,0,b1011010010110100101000000000,b0,0,b0,0,0,1,b0,0,0,b100101101001011010010110100101,b10111
900000,0,0,b1101,0,0,bx,0,0,1,0,bx,1,0,0,1,0,0,1,bx,b100101101001011010010110100101,0,bx,0,b100101101001011010010110100101,b1101,bx,b100101101001011010010110100101,b1001,1,bx,b0,0,b10,1,b1101,0,0,0,b1011010010110100101000000000,b0,0,b0,0,0,1,b0,0,0,b100101101001011010010110100101,b10111
910000,0,0,b1101,0,0,bx,0,0,1,1,bx,1,0,0,1,0,0,1,bx,b100101101001011010010110100101,0,bx,0,b100101101001011010010110100101,b1101,bx,b100101101001011010010110100101,b1010,1,bx,b0,0,b0,1,b1101,0,0,0,b10110100101101001010000000000,b0,0,b0,0,0,1,b0,0,0,b100101101001011010010110100101,b11000
920000,0,0,b1101,0,0,bx,0,0,1,0,bx,1,0,0,1,0,0,1,bx,b100101101001011010010110100101,0,bx,0,b100101101001011010010110100101,b1101,bx,b100101101001011010010110100101,b1010,1,bx,b0,0,b0,1,b1101,0,0,0,b10110100101101001010000000000,b0,0,b0,0,0,1,b0,0,0,b100101101001011010010110100101,b11000
930000,0,0,b1101,1,0,bx,0,0,1,1,bx,1,0,0,1,0,0,1,bx,b100101101001011010010110100101,0,bx,0,b100101101001011010010110100101,b1101,bx,b100101101001011010010110100101,b1010,1,bx,b0,0,b1,1,b1101,0,0,0,b10110100101101001010000000000,b0,0,b0,0,0,1,b0,0,0,b100101101001011010010110100101,b11001
940000,0,0,b1101,1,0,bx,0,0,1,0,bx,1,0,0,1,0,0,1,bx,b100101101001011010010110100101,0,bx,0,b100101101001011010010110100101,b1101,bx,b100101101001011010010110100101,b1010,1,bx,b0,0,b1,1,b1101,0,0,0,b10110100101101001010000000000,b0,0,b0,0,0,1,b0,0,0,b100101101001011010010110100101,b11001
950000,0,0,b1101,0,0,bx,0,0,1,1,bx,1,0,0,1,0,0,1,bx,b100101101001011010010110100101,0,bx,0,b100101101001011010010110100101,b1101,bx,b100101101001011010010110100101,b1010,1,bx,b0,0,b10,1,b1101,0,0,0,b10110100101101001010000000000,b0,0,b0,0,0,1,b0,0,0,b100101101001011010010110100101,b11010
960000,0,0,b1101,0,0,bx,0,0,1,0,bx,1,0,0,1,0,0,1,bx,b100101101001011010010110100101,0,bx,0,b100101101001011010010110100101,b1101,bx,b100101101001011010010110100101,b1010,1,bx,b0,0,b10,1,b1101,0,0,0,b10110100101101001010000000000,b0,0,b0,0,0,1,b0,0,0,b100101101001011010010110100101,b11010
970000,0,0,b1101,0,0,bx,1,0,1,1,bx,1,0,0,1,0,0,1,bx,b100101101001011010010110100101,0,bx,0,b100101101001011010010110100101,b1101,bx,b100101101001011010010110100101,b1011,1,bx,b0,0,b0,1,b1101,0,0,0,b101101001011010010100000000000,b0,0,b0,0,0,1,b0,0,0,b100101101001011010010110100101,b11011
980000,0,0,b1101,0,0,bx,1,0,1,0,bx,1,0,0,1,0,0,1,bx,b100101101001011010010110100101,0,bx,0,b100101101001011010010110100101,b1101,bx,b100101101001011010010110100101,b1011,1,bx,b0,0,b0,1,b1101,0,0,0,b101101001011010010100000000000,b0,0,b0,0,0,1,b0,0,0,b100101101001011010010110100101,b11011
990000,0,0,b1101,1,0,bx,1,0,1,1,bx,1,0,0,1,0,0,1,bx,b100101101001011010010110100101,0,bx,0,b100101101001011010010110100101,b1101,bx,b100101101001011010010110100101,b1011,1,bx,b0,0,b1,1,b1101,0,0,0,b101101001011010010100000000000,b0,0,b0,0,0,1,b0,0,0,b100101101001011010010110100101,b11100
1000000,0,0,b1101,1,0,bx,1,0,1,0,bx,1,0,0,1,0,0,1,bx,b100101101001011010010110100101,0,bx,0,b100101101001011010010110100101,b1101,bx,b100101101001011010010110100101,b1011,1,bx,b0,0,b1,1,b1101,0,0,0,b101101001011010010100000000000,b0,0,b0,0,0,1,b0,0,0,b100101101001011010010110100101,b11100
1010000,0,0,b1101,0,0,bx,1,0,1,1,bx,1,0,0,1,0,0,1,bx,b100101101001011010010110100101,0,bx,0,b100101101001011010010110100101,b1101,bx,b100101101001011010010110100101,b1011,1,bx,b0,0,b10,1,b1101,0,0,0,b101101001011010010100000000000,b0,0,b0,0,0,1,b0,0,0,b100101101001011010010110100101,b11101
1020000,0,0,b1101,0,0,bx,1,0,1,0,bx,1,0,0,1,0,0,1,bx,b100101101001011010010110100101,0,bx,0,b100101101001011010010110100101,b1101,bx,b100101101001011010010110100101,b1011,1,bx,b0,0,b10,1,b1101,0,0,0,b101101001011010010100000000000,b0,0,b0,0,0,1,b0,0,0,b100101101001011010010110100101,b11101
1030000,0,0,b1101,0,0,bx,0,0,1,1,bx,1,0,0,1,0,0,1,bx,b100101101001011010010110100101,0,bx,0,b100101101001011010010110100101,b1101,bx,b100101101001011010010110100101,b1100,1,bx,b0,0,b0,1,b1101,0,0,0,b11010010110100101000000000000,b0,0,b0,0,0,1,b0,0,0,b100101101001011010010110100101,b11110
1040000,0,0,b1101,0,0,bx,0,0,1,0,bx,1,0,0,1,0,0,1,bx,b100101101001011010010110100101,0,bx,0,b100101101001011010010110100101,b1101,bx,b100101101001011010010110100101,b1100,1,bx,b0,0,b0,1,b1101,0,0,0,b11010010110100101000000000000,b0,0,b0,0,0,1,b0,0,0,b100101101001011010010110100101,b11110
1050000,0,0,b1101,1,0,bx,0,0,1,1,bx,1,0,0,1,0,0,1,bx,b100101101001011010010110100101,0,bx,0,b100101101001011010010110100101,b1101,bx,b100101101001011010010110100101,b1100,1,bx,b0,0,b1,1,b1101,0,0,0,b11010010110100101000000000000,b0,0,b0,0,0,1,b0,0,0,b100101101001011010010110100101,b11111
1060000,0,0,b1101,1,0,bx,0,0,1,0,bx,1,0,0,1,0,0,1,bx,b100101101001011010010110100101,0,bx,0,b100101101001011010010110100101,b1101,bx,b100101101001011010010110100101,b1100,1,bx,b0,0,b1,1,b1101,0,0,0,b11010010110100101000000000000,b0,0,b0,0,0,1,b0,0,0,b100101101001011010010110100101,b11111
1070000,0,0,b1101,0,0,bx,0,0,1,1,bx,1,0,0,1,0,0,1,bx,b100101101001011010010110100101,0,bx,0,b100101101001011010010110100101,b1101,bx,b100101101001011010010110100101,b1100,1,bx,b0,0,b10,1,b1101,0,0,0,b11010010110100101000000000000,b0,0,b0,0,0,1,b0,0,0,b100101101001011010010110100101,b100000
1080000,0,0,b1101,0,0,bx,0,0,1,0,bx,1,0,0,1,0,0,1,bx,b100101101001011010010110100101,0,bx,0,b100101101001011010010110100101,b1101,bx,b100101101001011010010110100101,b1100,1,bx,b0,0,b10,1,b1101,0,0,0,b11010010110100101000000000000,b0,0,b0,0,0,1,b0,0,0,b100101101001011010010110100101,b100000
1090000,0,0,b1101,0,0,bx,1,0,1,1,bx,1,0,0,1,0,0,1,bx,b100101101001011010010110100101,0,bx,0,b100101101001011010010110100101,b1101,bx,b100101101001011010010110100101,b1101,1,bx,b0,0,b0,1,b1101,0,0,0,b110100101101001010000000000000,b0,0,b0,0,0,1,b0,0,0,b100101101001011010010110100101,b100001
1100000,0,0,b1101,0,0,bx,1,0,1,0,bx,1,0,0,1,0,0,1,bx,b100101101001011010010110100101,0,bx,0,b100101101001011010010110100101,b1101,bx,b100101101001011010010110100101,b1101,1,bx,b0,0,b0,1,b1101,0,0,0,b110100101101001010000000000000,b0,0,b0,0,0,1,b0,0,0,b100101101001011010010110100101,b100001
1110000,0,0,b1101,1,0,bx,1,0,1,1,bx,1,0,0,1,0,0,1,bx,b100101101001011010010110100101,0,bx,0,b100101101001011010010110100101,b1101,bx,b100101101001011010010110100101,b1101,1,bx,b0,0,b1,1,b1101,0,0,0,b110100101101001010000000000000,b0,0,b0,0,0,1,b0,0,0,b100101101001011010010110100101,b100010
1120000,0,0,b1101,1,0,bx,1,0,1,0,bx,1,0,0,1,0,0,1,bx,b100101101001011010010110100101,0,bx,0,b100101101001011010010110100101,b1101,bx,b100101101001011010010110100101,b1101,1,bx,b0,0,b1,1,b1101,0,0,0,b110100101101001010000000000000,b0,0,b0,0,0,1,b0,0,0,b100101101001011010010110100101,b100010
1130000,0,0,b1101,0,0,bx,1,0,1,1,bx,1,0,0,1,0,0,1,bx,b100101101001011010010110100101,0,bx,0,b100101101001011010010110100101,b1101,bx,b100101101001011010010110100101,b1101,1,bx,b0,0,b10,1,b1101,0,0,0,b110100101101001010000000000000,b0,0,b0,0,0,1,b0,0,0,b100101101001011010010110100101,b100011
1140000,0,0,b1101,0,0,bx,1,0,1,0,bx,1,0,0,1,0,0,1,bx,b100101101001011010010110100101,0,bx,0,b100101101001011010010110100101,b1101,bx,b100101101001011010010110100101,b1101,1,bx,b0,0,b10,1,b1101,0,0,0,b110100101101001010000000000000,b0,0,b0,0,0,1,b0,0,0,b100101101001011010010110100101,b100011
1150000,0,0,b1101,0,0,bx,1,0,1,1,bx,1,0,0,1,0,0,1,bx,b100101101001011010010110100101,0,bx,0,b100101101001011010010110100101,b1101,bx,b100101101001011010010110100101,b1110,1,bx,b0,0,b0,1,b1101,0,0,0,b101001011010010100000000000000,b0,0,b0,0,0,1,b0,0,0,b100101101001011010010110100101,b100100
1160000,0,0,b1101,0,0,bx,1,0,1,0,bx,1,0,0,1,0,0,1,bx,b100101101001011010010110100101,0,bx,0,b100101101001011010010110100101,b1101,bx,b100101101001011010010110100101,b1110,1,bx,b0,0,b0,1,b1101,0,0,0,b101001011010010100000000000000,b0,0,b0,0,0,1,b0,0,0,b100101101001011010010110100101,b100100
1170000,0,0,b1101,1,0,bx,1,0,1,1,bx,1,0,0,1,0,0,1,bx,b100101101001011010010110100101,0,bx,0,b100101101001011010010110100101,b1101,bx,b100101101001011010010110100101,b1110,1,bx,b0,0,b1,1,b1101,0,0,0,b101001011010010100000000000000,b0,0,b0,0,0,1,b0,0,0,b100101101001011010010110100101,b100101
1180000,0,0,b1101,1,0,bx,1,0,1,0,bx,1,0,0,1,0,0,1,bx,b100101101001011010010110100101,0,bx,0,b100101101001011010010110100101,b1101,bx,b100101101001011010010110100101,b1110,1,bx,b0,0,b1,1,b1101,0,0,0,b101001011010010100000000000000,b0,0,b0,0,0,1,b0,0,0,b100101101001011010010110100101,b100101
1190000,0,0,b1101,0,0,bx,1,0,1,1,bx,1,0,0,1,0,0,1,bx,b100101101001011010010110100101,0,bx,0,b100101101001011010010110100101,b1101,bx,b100101101001011010010110100101,b1110,1,bx,b0,0,b10,1,b1101,0,0,0,b101001011010010100000000000000,b0,0,b0,0,0,1,b0,0,0,b100101101001011010010110100101,b100110
1200000,0,0,b1101,0,0,bx,1,0,1,0,bx,1,0,0,1,0,0,1,bx,b100101101001011010010110100101,0,bx,0,b100101101001011010010110100101,b1101,bx,b100101101001011010010110100101,b1110,1,bx,b0,0,b10,1,b1101,0,0,0,b101001011010010100000000000000,b0,0,b0,0,0,1,b0,0,0,b100101101001011010010110100101,b100110
1210000,0,0,b1101,0,0,bx,0,0,1,1,bx,1,0,0,1,0,0,1,bx,b100101101001011010010110100101,0,bx,0,b100101101001011010010110100101,b1101,bx,b100101101001011010010110100101,b1111,1,bx,b0,0,b0,1,b1101,0,0,0,b10010110100101000000000000000,b0,0,b0,0,0,1,b0,0,0,b100101101001011010010110100101,b100111
1220000,0,0,b1101,0,0,bx,0,0,1,0,bx,1,0,0,1,0,0,1,bx,b100101101001011010010110100101,0,bx,0,b100101101001011010010110100101,b1101,bx,b100101101001011010010110100101,b1111,1,bx,b0,0,b0,1,b1101,0,0,0,b10010110100101000000000000000,b0,0,b0,0,0,1,b0,0,0,b100101101001011010010110100101,b100111
1230000,0,0,b1101,1,0,bx,0,0,1,1,bx,1,0,0,1,0,0,1,bx,b100101101001011010010110100101,0,bx,0,b100101101001011010010110100101,b1101,bx,b100101101001011010010110100101,b1111,1,bx,b0,0,b1,1,b1101,0,0,0,b10010110100101000000000000000,b0,0,b0,0,0,1,b0,0,0,b100101101001011010010110100101,b101000
1240000,0,0,b1101,1,0,bx,0,0,1,0,bx,1,0,0,1,0,0,1,bx,b100101101001011010010110100101,0,bx,0,b100101101001011010010110100101,b1101,bx,b100101101001011010010110100101,b1111,1,bx,b0,0,b1,1,b1101,0,0,0,b10010110100101000000000000000,b0,0,b0,0,0,1,b0,0,0,b100101101001011010010110100101,b101000
1250000,0,0,b1101,0,0,bx,0,0,1,1,bx,1,0,0,1,0,0,1,bx,b100101101001011010010110100101,0,bx,0,b100101101001011010010110100101,b1101,bx,b100101101001011010010110100101,b1111,1,bx,b0,0,b10,1,b1101,0,0,0,b10010110100101000000000000000,b0,0,b0,0,0,1,b0,0,0,b100101101001011010010110100101,b101001
1260000,0,0,b1101,0,0,bx,0,0,1,0,bx,1,0,0,1,0,0,1,bx,b100101101001011010010110100101,0,bx,0,b100101101001011010010110100101,b1101,bx,b100101101001011010010110100101,b1111,1,bx,b0,0,b10,1,b1101,0,0,0,b10010110100101000000000000000,b0,0,b0,0,0,1,b0,0,0,b100101101001011010010110100101,b101001
1270000,0,0,b1101,0,0,bx,1,0,1,1,bx,1,0,0,1,0,0,1,bx,b100101101001011010010110100101,0,bx,0,b100101101001011010010110100101,b1101,bx,b100101101001011010010110100101,b10000,1,bx,b0,0,b0,1,b1101,0,0,0,b100101101001010000000000000000,b0,0,b0,0,0,1,b0,0,0,b100101101001011010010110100101,b101010
1280000,0,0,b1101,0,0,bx,1,0,1,0,bx,1,0,0,1,0,0,1,bx,b100101101001011010010110100101,0,bx,0,b100101101001011010010110100101,b1101,bx,b100101101001011010010110100101,b10000,1,bx,b0,0,b0,1,b1101,0,0,0,b100101101001010000000000000000,b0,0,b0,0,0,1,b0,0,0,b100101101001011010010110100101,b101010
1290000,0,0,b1101,1,0,bx,1,0,1,1,bx,1,0,0,1,0,0,1,bx,b100101101001011010010110100101,0,bx,0,b100101101001011010010110100101,b1101,bx,b100101101001011010010110100101,b10000,1,bx,b0,0,b1,1,b1101,0,0,0,b100101101001010000000000000000,b0,0,b0,0,0,1,b0,0,0,b100101101001011010010110100101,b101011
1300000,0,0,b1101,1,0,bx,1,0,1,0,bx,1,0,0,1,0,0,1,bx,b100101101001011010010110100101,0,bx,0,b100101101001011010010110100101,b1101,bx,b100101101001011010010110100101,b10000,1,bx,b0,0,b1,1,b1101,0,0,0,b100101101001010000000000000000,b0,0,b0,0,0,1,b0,0,0,b100101101001011010010110100101,b101011
1310000,0,0,b1101,0,0,bx,1,0,1,1,bx,1,0,0,1,0,0,1,bx,b100101101001011010010110100101,0,bx,0,b100101101001011010010110100101,b1101,bx,b100101101001011010010110100101,b10000,1,bx,b0,0,b10,1,b1101,0,0,0,b100101101001010000000000000000,b0,0,b0,0,0,1,b0,0,0,b100101101001011010010110100101,b101100
1320000,0,0,b1101,0,0,bx,1,0,1,0,bx,1,0,0,1,0,0,1,bx,b100101101001011010010110100101,0,bx,0,b100101101001011010010110100101,b1101,bx,b100101101001011010010110100101,b10000,1,bx,b0,0,b10,1,b1101,0,0,0,b100101101001010000000000000000,b0,0,b0,0,0,1,b0,0,0,b100101101001011010010110100101,b101100
1330000,0,0,b1101,0,0,bx,0,0,1,1,bx,1,0,0,1,0,0,1,bx,b100101101001011010010110100101,0,bx,0,b100101101001011010010110100101,b1101,bx,b100101101001011010010110100101,b10001,1,bx,b0,0,b0,1,b1101,0,0,0,b1011010010100000000000000000,b0,0,b0,0,0,1,b0,0,0,b100101101001011010010110100101,b101101
1340000,0,0,b1101,0,0,bx,0,0,1,0,bx,1,0,0,1,0,0,1,bx,b100101101001011010010110100101,0,bx,0,b100101101001011010010110100101,b1101,bx,b100101101001011010010110100101,b10001,1,bx,b0,0,b0,1,b1101,0,0,0,b1011010010100000000000000000,b0,0,b0,0,0,1,b0,0,0,b100101101001011010010110100101,b101101
1350000,0,0,b1101,1,0,bx,0,0,1,1,bx,1,0,0,1,0,0,1,bx,b100101101001011010010110100101,0,bx,0,b100101101001011010010110100101,b1101,bx,b100101101001011010010110100101,b10001,1,bx,b0,0,b1,1,b1101,0,0,0,b1011010010100000000000000000,b0,0,b0,0,0,1,b0,0,0,b100101101001011010010110100101,b101110
1360000,0,0,b1101,1,0,bx,0,0,1,0,bx,1,0,0,1,0,0,1,bx,b100101101001011010010110100101,0,bx,0,b100101101001011010010110100101,b1101,bx,b100101101001011010010110100101,b10001,1,bx,b0,0,b1,1,b1101,0,0,0,b1011010010100000000000000000,b0,0,b0,0,0,1,b0,0,0,b100101101001011010010110100101,b101110
1370000,0,0,b1101,0,0,bx,0,0,1,1,bx,1,0,0,1,0,0,1,bx,b100101101001011010010110100101,0,bx,0,b100101101001011010010110100101,b1101,bx,b100101101001011010010110100101,b10001,1,bx,b0,0,b10,1,b1101,0,0,0,b1011010010100000000000000000,b0,0,b0,0,0,1,b0,0,0,b100101101001011010010110100101,b101111
1380000,0,0,b1101,0,0,bx,0,0,1,0,bx,1,0,0,1,0,0,1,bx,b100101101001011010010110100101,0,bx,0,b100101101001011010010110100101,b1101,bx,b100101101001011010010110100101,b10001,1,bx,b0,0,b10,1,b1101,0,0,0,b1011010010100000000000000000,b0,0,b0,0,0,1,b0,0,0,b100101101001011010010110100101,b101111
1390000,0,0,b1101,0,0,bx,0,0,1,1,bx,1,0,0,1,0,0,1,bx,b100101101001011010010110100101,0,bx,0,b100101101001011010010110100101,b1101,bx,b100101101001011010010110100101,b10010,1,bx,b0,0,b0,1,b1101,0,0,0,b10110100101000000000000000000,b0,0,b0,0,0,1,b0,0,0,b100101101001011010010110100101,b110000
1400000,0,0,b1101,0,0,bx,0,0,1,0,bx,1,0,0,1,0,0,1,bx,b100101101001011010010110100101,0,bx,0,b100101101001011010010110100101,b1101,bx,b100101101001011010010110100101,b10010,1,bx,b0,0,b0,1,b1101,0,0,0,b10110100101000000000000000000,b0,0,b0,0,0,1,b0,0,0,b100101101001011010010110100101,b110000
1410000,0,0,b1101,1,0,bx,0,0,1,1,bx,1,0,0,1,0,0,1,bx,b100101101001011010010110100101,0,bx,0,b100101101001011010010110100101,b1101,bx,b100101101001011010010110100101,b10010,1,bx,b0,0,b1,1,b1101,0,0,0,b10110100101000000000000000000,b0,0,b0,0,0,1,b0,0,0,b100101101001011010010110100101,b110001
1420000,0,0,b1101,1,0,bx,0,0,1,0,bx,1,0,0,1,0,0,1,bx,b100101101001011010010110100101,0,bx,0,b100101101001011010010110100101,b1101,bx,b100101101001011010010110100101,b10010,1,bx,b0,0,b1,1,b1101,0,0,0,b10110100101000000000000000000,b0,0,b0,0,0,1,b0,0,0,b100101101001011010010110100101,b110001
1430000,0,0,b1101,0,0,bx,0,0,1,1,bx,1,0,0,1,0,0,1,bx,b100101101001011010010110100101,0,bx,0,b100101101001011010010110100101,b1101,bx,b100101101001011010010110100101,b10010,1,bx,b0,0,b10,1,b1101,0,0,0,b10110100101000000000000000000,b0,0,b0,0,0,1,b0,0,0,b100101101001011010010110100101,b110010
1440000,0,0,b1101,0,0,bx,0,0,1,0,bx,1,0,0,1,0,0,1,bx,b100101101001011010010110100101,0,bx,0,b100101101001011010010110100101,b1101,bx,b100101101001011010010110100101,b10010,1,bx,b0,0,b10,1,b1101,0,0,0,b10110100101000000000000000000,b0,0,b0,0,0,1,b0,0,0,b100101101001011010010110100101,b110010
1450000,0,0,b1101,0,0,bx,1,0,1,1,bx,1,0,0,1,0,0,1,bx,b100101101001011010010110100101,0,bx,0,b100101101001011010010110100101,b1101,bx,b100101101001011010010110100101,b10011,1,bx,b0,0,b0,1,b1101,0,0,0,b101101001010000000000000000000,b0,0,b0,0,0,1,b0,0,0,b100101101001011010010110100101,b110011
1460000,0,0,b1101,0,0,bx,1,0,1,0,bx,1,0,0,1,0,0,1,bx,b100101101001011010010110100101,0,bx,0,b100101101001011010010110100101,b1101,bx,b100101101001011010010110100101,b10011,1,bx,b0,0,b0,1,b1101,0,0,0,b101101001010000000000000000000,b0,0,b0,0,0,1,b0,0,0,b100101101001011010010110100101,b110011
1470000,0,0,b1101,1,0,bx,1,0,1,1,bx,1,0,0,1,0,0,1,bx,b100101101001011010010110100101,0,bx,0,b100101101001011010010110100101,b1101,bx,b100101101001011010010110100101,b10011,1,bx,b0,0,b1,1,b1101,0,0,0,b101101001010000000000000000000,b0,0,b0,0,0,1,b0,0,0,b100101101001011010010110100101,b110100
1480000,0,0,b1101,1,0,bx,1,0,1,0,bx,1,0,0,1,0,0,1,bx,b100101101001011010010110100101,0,bx,0,b100101101001011010010110100101,b1101,bx,b100101101001011010010110100101,b10011,1,bx,b0,0,b1,1,b1101,0,0,0,b101101001010000000000000000000,b0,0,b0,0,0,1,b0,0,0,b100101101001011010010110100101,b110100
1490000,0,0,b1101,0,0,bx,1,0,1,1,bx,1,0,0,1,0,0,1,bx,b100101101001011010010110100101,0,bx,0,b100101101001011010010110100101,b1101,bx,b100101101001011010010110100101,b10011,1,bx,b0,0,b10,1,b1101,0,0,0,b101101001010000000000000000000,b0,0,b0,0,0,1,b0,0,0,b100101101001011010010110100101,b110101
1500000,0,0,b1101,0,0,bx,1,0,1,0,bx,1,0,0,1,0,0,1,bx,b100101101001011010010110100101,0,bx,0,b100101101001011010010110100101,b1101,bx,b100101101001011010010110100101,b10011,1,bx,b0,0,b10,1,b1101,0,0,0,b101101001010000000000000000000,b0,0,b0,0,0,1,b0,0,0,b100101101001011010010110100101,b110101
1510000,0,0,b1101,0,0,bx,0,0,1,1,bx,1,0,0,1,0,0,1,bx,b100101101001011010010110100101,0,bx,0,b100101101001011010010110100101,b1101,bx,b100101101001011010010110100101,b10100,1,bx,b0,0,b0,1,b1101,0,0,0,b11010010100000000000000000000,b0,0,b0,0,0,1,b0,0,0,b100101101001011010010110100101,b110110
1520000,0,0,b1101,0,0,bx,0,0,1,0,bx,1,0,0,1,0,0,1,bx,b100101101001011010010110100101,0,bx,0,b100101101001011010010110100101,b1101,bx,b100101101001011010010110100101,b10100,1,bx,b0,0,b0,1,b1101,0,0,0,b11010010100000000000000000000,b0,0,b0,0,0,1,b0,0,0,b100101101001011010010110100101,b110110
1530000,0,0,b1101,1,0,bx,0,0,1,1,bx,1,0,0,1,0,0,1,bx,b100101101001011010010110100101,0,bx,0,b100101101001011010010110100101,b1101,bx,b100101101001011010010110100101,b10100,1,bx,b0,0,b1,1,b1101,0,0,0,b11010010100000000000000000000,b0,0,b0,0,0,1,b0,0,0,b100101101001011010010110100101,b110111
1540000,0,0,b1101,1,0,bx,0,0,1,0,bx,1,0,0,1,0,0,1,bx,b100101101001011010010110100101,0,bx,0,b100101101001011010010110100101,b1101,bx,b100101101001011010010110100101,b10100,1,bx,b0,0,b1,1,b1101,0,0,0,b11010010100000000000000000000,b0,0,b0,0,0,1,b0,0,0,b100101101001011010010110100101,b110111
1550000,0,0,b1101,0,0,bx,0,0,1,1,bx,1,0,0,1,0,0,1,bx,b100101101001011010010110100101,0,bx,0,b100101101001011010010110100101,b1101,bx,b100101101001011010010110100101,b10100,1,bx,b0,0,b10,1,b1101,0,0,0,b11010010100000000000000000000,b0,0,b0,0,0,1,b0,0,0,b100101101001011010010110100101,b111000
1560000,0,0,b1101,0,0,bx,0,0,1,0,bx,1,0,0,1,0,0,1,bx,b100101101001011010010110100101,0,bx,0,b100101101001011010010110100101,b1101,bx,b100101101001011010010110100101,b10100,1,bx,b0,0,b10,1,b1101,0,0,0,b11010010100000000000000000000,b0,0,b0,0,0,1,b0,0,0,b100101101001011010010110100101,b111000
1570000,0,0,b1101,0,0,bx,1,0,1,1,bx,1,0,0,1,0,0,1,bx,b100101101001011010010110100101,0,bx,0,b100101101001011010010110100101,b1101,bx,b100101101001011010010110100101,b10101,1,bx,b0,0,b0,1,b1101,0,0,0,b110100101000000000000000000000,b0,0,b0,0,0,1,b0,0,0,b100101101001011010010110100101,b111001
1580000,0,0,b1101,0,0,bx,1,0,1,0,bx,1,0,0,1,0,0,1,bx,b100101101001011010010110100101,0,bx,0,b100101101001011010010110100101,b1101,bx,b100101101001011010010110100101,b10101,1,bx,b0,0,b0,1,b1101,0,0,0,b110100101000000000000000000000,b0,0,b0,0,0,1,b0,0,0,b100101101001011010010110100101,b111001
1590000,0,0,b1101,1,0,bx,1,0,1,1,bx,1,0,0,1,0,0,1,bx,b100101101001011010010110100101,0,bx,0,b100101101001011010010110100101,b1101,bx,b100101101001011010010110100101,b10101,1,bx,b0,0,b1,1,b1101,0,0,0,b110100101000000000000000000000,b0,0,b0,0,0,1,b0,0,0,b100101101001011010010110100101,b111010
1600000,0,0,b1101,1,0,bx,1,0,1,0,bx,1,0,0,1,0,0,1,bx,b100101101001011010010110100101,0,bx,0,b100101101001011010010110100101,b1101,bx,b100101101001011010010110100101,b10101,1,bx,b0,0,b1,1,b1101,0,0,0,b110100101000000000000000000000,b0,0,b0,0,0,1,b0,0,0,b100101101001011010010110100101,b111010
1610000,0,0,b1101,0,0,bx,1,0,1,1,bx,1,0,0,1,0,0,1,bx,b100101101001011010010110100101,0,bx,0,b100101101001011010010110100101,b1101,bx,b100101101001011010010110100101,b10101,1,bx,b0,0,b10,1,b1101,0,0,0,b110100101000000000000000000000,b0,0,b0,0,0,1,b0,0,0,b100101101001011010010110100101,b111011
1620000,0,0,b1101,0,0,bx,1,0,1,0,bx,1,0,0,1,0,0,1,bx,b100101101001011010010110100101,0,bx,0,b100101101001011010010110100101,b1101,bx,b100101101001011010010110100101,b10101,1,bx,b0,0,b10,1,b1101,0,0,0,b110100101000000000000000000000,b0,0,b0,0,0,1,b0,0,0,b100101101001011010010110100101,b111011
1630000,0,0,b1101,0,0,bx,1,0,1,1,bx,1,0,0,1,0,0,1,bx,b100101101001011010010110100101,0,bx,0,b100101101001011010010110100101,b1101,bx,b100101101001011010010110100101,b10110,1,bx,b0,0,b0,1,b1101,0,0,0,b101001010000000000000000000000,b0,0,b0,0,0,1,b0,0,0,b100101101001011010010110100101,b111100
1640000,0,0,b1101,0,0,bx,1,0,1,0,bx,1,0,0,1,0,0,1,bx,b100101101001011010010110100101,0,bx,0,b100101101001011010010110100101,b1101,bx,b100101101001011010010110100101,b10110,1,bx,b0,0,b0,1,b1101,0,0,0,b101001010000000000000000000000,b0,0,b0,0,0,1,b0,0,0,b100101101001011010010110100101,b111100
1650000,0,0,b1101,1,0,bx,1,0,1,1,bx,1,0,0,1,0,0,1,bx,b100101101001011010010110100101,0,bx,0,b100101101001011010010110100101,b1101,bx,b100101101001011010010110100101,b10110,1,bx,b0,0,b1,1,b1101,0,0,0,b101001010000000000000000000000,b0,0,b0,0,0,1,b0,0,0,b100101101001011010010110100101,b111101
1660000,0,0,b1101,1,0,bx,1,0,1,0,bx,1,0,0,1,0,0,1,bx,b100101101001011010010110100101,0,bx,0,b100101101001011010010110100101,b1101,bx,b100101101001011010010110100101,b10110,1,bx,b0,0,b1,1,b1101,0,0,0,b101001010000000000000000000000,b0,0,b0,0,0,1,b0,0,0,b100101101001011010010110100101,b111101
1670000,0,0,b1101,0,0,bx,1,0,1,1,bx,1,0,0,1,0,0,1,bx,b100101101001011010010110100101,0,bx,0,b100101101001011010010110100101,b1101,bx,b100101101001011010010110100101,b10110,1,bx,b0,0,b10,1,b1101,0,0,0,b101001010000000000000000000000,b0,0,b0,0,0,1,b0,0,0,b100101101001011010010110100101,b111110
1680000,0,0,b1101,0,0,bx,1,0,1,0,bx,1,0,0,1,0,0,1,bx,b100101101001011010010110100101,0,bx,0,b100101101001011010010110100101,b1101,bx,b100101101001011010010110100101,b10110,1,bx,b0,0,b10,1,b1101,0,0,0,b101001010000000000000000000000,b0,0,b0,0,0,1,b0,0,0,b100101101001011010010110100101,b111110
1690000,0,0,b1101,0,0,bx,0,0,1,1,bx,1,0,0,1,0,0,1,bx,b100101101001011010010110100101,0,bx,0,b100101101001011010010110100101,b1101,bx,b100101101001011010010110100101,b10111,1,bx,b0,0,b0,1,b1101,0,0,0,b10010100000000000000000000000,b0,0,b0,0,0,1,b0,0,0,b100101101001011010010110100101,b111111
1700000,0,0,b1101,0,0,bx,0,0,1,0,bx,1,0,0,1,0,0,1,bx,b100101101001011010010110100101,0,bx,0,b100101101001011010010110100101,b1101,bx,b100101101001011010010110100101,b10111,1,bx,b0,0,b0,1,b1101,0,0,0,b10010100000000000000000000000,b0,0,b0,0,0,1,b0,0,0,b100101101001011010010110100101,b111111
1710000,0,0,b1101,1,0,bx,0,0,1,1,bx,1,0,0,1,0,0,1,bx,b100101101001011010010110100101,0,bx,0,b100101101001011010010110100101,b1101,bx,b100101101001011010010110100101,b10111,1,bx,b0,0,b1,1,b1101,0,0,0,b10010100000000000000000000000,b0,0,b0,0,0,1,b0,0,0,b100101101001011010010110100101,b1000000
1720000,0,0,b1101,1,0,bx,0,0,1,0,bx,1,0,0,1,0,0,1,bx,b100101101001011010010110100101,0,bx,0,b100101101001011010010110100101,b1101,bx,b100101101001011010010110100101,b10111,1,bx,b0,0,b1,1,b1101,0,0,0,b10010100000000000000000000000,b0,0,b0,0,0,1,b0,0,0,b100101101001011010010110100101,b1000000
1730000,0,0,b1101,0,0,bx,0,0,1,1,bx,1,0,0,1,0,0,1,bx,b100101101001011010010110100101,0,bx,0,b100101101001011010010110100101,b1101,bx,b100101101001011010010110100101,b10111,1,bx,b0,0,b10,1,b1101,0,0,0,b10010100000000000000000000000,b0,0,b0,0,0,1,b0,0,0,b100101101001011010010110100101,b1000001
1740000,0,0,b1101,0,0,bx,0,0,1,0,bx,1,0,0,1,0,0,1,bx,b100101101001011010010110100101,0,bx,0,b100101101001011010010110100101,b1101,bx,b100101101001011010010110100101,b10111,1,bx,b0,0,b10,1,b1101,0,0,0,b10010100000000000000000000000,b0,0,b0,0,0,1,b0,0,0,b100101101001011010010110100101,b1000001
1750000,0,0,b1101,0,0,bx,1,0,1,1,bx,1,0,0,1,0,0,1,bx,b100101101001011010010110100101,0,bx,0,b100101101001011010010110100101,b1101,bx,b100101101001011010010110100101,b11000,1,bx,b0,0,b0,1,b1101,0,0,0,b100101000000000000000000000000,b0,0,b0,0,0,1,b0,0,0,b100101101001011010010110100101,b1000010
1760000,0,0,b1101,0,0,bx,1,0,1,0,bx,1,0,0,1,0,0,1,bx,b100101101001011010010110100101,0,bx,0,b100101101001011010010110100101,b1101,bx,b100101101001011010010110100101,b11000,1,bx,b0,0,b0,1,b1101,0,0,0,b100101000000000000000000000000,b0,0,b0,0,0,1,b0,0,0,b100101101001011010010110100101,b1000010
1770000,0,0,b1101,1,0,bx,1,0,1,1,bx,1,0,0,1,0,0,1,bx,b100101101001011010010110100101,0,bx,0,b100101101001011010010110100101,b1101,bx,b100101101001011010010110100101,b11000,1,bx,b0,0,b1,1,b1101,0,0,0,b100101000000000000000000000000,b0,0,b0,0,0,1,b0,0,0,b100101101001011010010110100101,b1000011
1780000,0,0,b1101,1,0,bx,1,0,1,0,bx,1,0,0,1,0,0,1,bx,b100101101001011010010110100101,0,bx,0,b100101101001011010010110100101,b1101,bx,b100101101001011010010110100101,b11000,1,bx,b0,0,b1,1,b1101,0,0,0,b100101000000000000000000000000,b0,0,b0,0,0,1,b0,0,0,b100101101001011010010110100101,b1000011
1790000,0,0,b1101,0,0,bx,1,0,1,1,bx,1,0,0,1,0,0,1,bx,b100101101001011010010110100101,0,bx,0,b100101101001011010010110100101,b1101,bx,b100101101001011010010110100101,b11000,1,bx,b0,0,b10,1,b1101,0,0,0,b100101000000000000000000000000,b0,0,b0,0,0,1,b0,0,0,b100101101001011010010110100101,b1000100
1800000,0,0,b1101,0,0,bx,1,0,1,0,bx,1,0,0,1,0,0,1,bx,b100101101001011010010110100101,0,bx,0,b100101101001011010010110100101,b1101,bx,b100101101001011010010110100101,b11000,1,bx,b0,0,b10,1,b1101,0,0,0,b100101000000000000000000000000,b0,0,b0,0,0,1,b0,0,0,b100101101001011010010110100101,b1000100
1810000,0,0,b1101,0,0,bx,0,0,1,1,bx,1,0,0,1,0,0,1,bx,b100101101001011010010110100101,0,bx,0,b100101101001011010010110100101,b1101,bx,b100101101001011010010110100101,b11001,1,bx,b0,0,b0,1,b1101,0,0,0,b1010000000000000000000000000,b0,0,b0,0,0,1,b0,0,0,b100101101001011010010110100101,b1000101
1820000,0,0,b1101,0,0,bx,0,0,1,0,bx,1,0,0,1,0,0,1,bx,b100101101001011010010110100101,0,bx,0,b100101101001011010010110100101,b1101,bx,b100101101001011010010110100101,b11001,1,bx,b0,0,b0,1,b1101,0,0,0,b1010000000000000000000000000,b0,0,b0,0,0,1,b0,0,0,b100101101001011010010110100101,b1000101
1830000,0,0,b1101,1,0,bx,0,0,1,1,bx,1,0,0,1,0,0,1,bx,b100101101001011010010110100101,0,bx,0,b100101101001011010010110100101,b1101,bx,b100101101001011010010110100101,b11001,1,bx,b0,0,b1,1,b1101,0,0,0,b1010000000000000000000000000,b0,0,b0,0,0,1,b0,0,0,b100101101001011010010110100101,b1000110
1840000,0,0,b1101,1,0,bx,0,0,1,0,bx,1,0,0,1,0,0,1,bx,b100101101001011010010110100101,0,bx,0,b100101101001011010010110100101,b1101,bx,b100101101001011010010110100101,b11001,1,bx,b0,0,b1,1,b1101,0,0,0,b1010000000000000000000000000,b0,0,b0,0,0,1,b0,0,0,b100101101001011010010110100101,b1000110
1850000,0,0,b1101,0,0,bx,0,0,1,1,bx,1,0,0,1,0,0,1,bx,b100101101001011010010110100101,0,bx,0,b100101101001011010010110100101,b1101,bx,b100101101001011010010110100101,b11001,1,bx,b0,0,b10,1,b1101,0,0,0,b1010000000000000000000000000,b0,0,b0,0,0,1,b0,0,0,b100101101001011010010110100101,b1000111
1860000,0,0,b1101,0,0,bx,0,0,1,0,bx,1,0,0,1,0,0,1,bx,b100101101001011010010110100101,0,bx,0,b100101101001011010010110100101,b1101,bx,b100101101001011010010110100101,b11001,1,bx,b0,0,b10,1,b1101,0,0,0,b1010000000000000000000000000,b0,0,b0,0,0,1,b0,0,0,b100101101001011010010110100101,b1000111
1870000,0,0,b1101,0,0,bx,0,0,1,1,bx,1,0,0,1,0,0,1,bx,b100101101001011010010110100101,0,bx,0,b100101101001011010010110100101,b1101,bx,b100101101001011010010110100101,b11010,1,bx,b0,0,b0,1,b1101,0,0,0,b10100000000000000000000000000,b0,0,b0,0,0,1,b0,0,0,b100101101001011010010110100101,b1001000
1880000,0,0,b1101,0,0,bx,0,0,1,0,bx,1,0,0,1,0,0,1,bx,b100101101001011010010110100101,0,bx,0,b100101101001011010010110100101,b1101,bx,b100101101001011010010110100101,b11010,1,bx,b0,0,b0,1,b1101,0,0,0,b10100000000000000000000000000,b0,0,b0,0,0,1,b0,0,0,b100101101001011010010110100101,b1001000
1890000,0,0,b1101,1,0,bx,0,0,1,1,bx,1,0,0,1,0,0,1,bx,b100101101001011010010110100101,0,bx,0,b100101101001011010010110100101,b1101,bx,b100101101001011010010110100101,b11010,1,bx,b0,0,b1,1,b1101,0,0,0,b10100000000000000000000000000,b0,0,b0,0,0,1,b0,0,0,b100101101001011010010110100101,b1001001
1900000,0,0,b1101,1,0,bx,0,0,1,0,bx,1,0,0,1,0,0,1,bx,b100101101001011010010110100101,0,bx,0,b100101101001011010010110100101,b1101,bx,b100101101001011010010110100101,b11010,1,bx,b0,0,b1,1,b1101,0,0,0,b10100000000000000000000000000,b0,0,b0,0,0,1,b0,0,0,b100101101001011010010110100101,b1001001
1910000,0,0,b1101,0,0,bx,0,0,1,1,bx,1,0,0,1,0,0,1,bx,b100101101001011010010110100101,0,bx,0,b100101101001011010010110100101,b1101,bx,b100101101001011010010110100101,b11010,1,bx,b0,0,b10,1,b1101,0,0,0,b10100000000000000000000000000,b0,0,b0,0,0,1,b0,0,0,b100101101001011010010110100101,b1001010
1920000,0,0,b1101,0,0,bx,0,0,1,0,bx,1,0,0,1,0,0,1,bx,b100101101001011010010110100101,0,bx,0,b100101101001011010010110100101,b1101,bx,b100101101001011010010110100101,b11010,1,bx,b0,0,b10,1,b1101,0,0,0,b10100000000000000000000000000,b0,0,b0,0,0,1,b0,0,0,b100101101001011010010110100101,b1001010
1930000,0,0,b1101,0,0,bx,1,0,1,1,bx,1,0,0,1,0,0,1,bx,b100101101001011010010110100101,0,bx,0,b100101101001011010010110100101,b1101,bx,b100101101001011010010110100101,b11011,1,bx,b0,0,b0,1,b1101,0,0,0,b101000000000000000000000000000,b0,0,b0,0,0,1,b0,0,0,b100101101001011010010110100101,b1001011
1940000,0,0,b1101,0,0,bx,1,0,1,0,bx,1,0,0,1,0,0,1,bx,b100101101001011010010110100101,0,bx,0,b100101101001011010010110100101,b1101,bx,b100101101001011010010110100101,b11011,1,bx,b0,0,b0,1,b1101,0,0,0,b101000000000000000000000000000,b0,0,b0,0,0,1,b0,0,0,b100101101001011010010110100101,b1001011
1950000,0,0,b1101,1,0,bx,1,0,1,1,bx,1,0,0,1,0,0,1,bx,b100101101001011010010110100101,0,bx,0,b100101101001011010010110100101,b1101,bx,b100101101001011010010110100101,b11011,1,bx,b0,0,b1,1,b1101,0,0,0,b101000000000000000000000000000,b0,0,b0,0,0,1,b0,0,0,b100101101001011010010110100101,b1001100
1960000,0,0,b1101,1,0,bx,1,0,1,0,bx,1,0,0,1,0,0,1,bx,b100101101001011010010110100101,0,bx,0,b100101101001011010010110100101,b1101,bx,b100101101001011010010110100101,b11011,1,bx,b0,0,b1,1,b1101,0,0,0,b101000000000000000000000000000,b0,0,b0,0,0,1,b0,0,0,b100101101001011010010110100101,b1001100
1970000,0,0,b1101,0,0,bx,1,0,1,1,bx,1,0,0,1,0,0,1,bx,b100101101001011010010110100101,0,bx,0,b100101101001011010010110100101,b1101,bx,b100101101001011010010110100101,b11011,1,bx,b0,0,b10,1,b1101,0,0,0,b101000000000000000000000000000,b0,0,b0,0,0,1,b0,0,0,b100101101001011010010110100101,b1001101
1980000,0,0,b1101,0,0,bx,1,0,1,0,bx,1,0,0,1,0,0,1,bx,b100101101001011010010110100101,0,bx,0,b100101101001011010010110100101,b1101,bx,b100101101001011010010110100101,b11011,1,bx,b0,0,b10,1,b1101,0,0,0,b101000000000000000000000000000,b0,0,b0,0,0,1,b0,0,0,b100101101001011010010110100101,b1001101
1990000,0,0,b1101,0,0,bx,0,0,1,1,bx,1,0,0,1,0,0,1,bx,b100101101001011010010110100101,0,bx,0,b100101101001011010010110100101,b1101,bx,b100101101001011010010110100101,b11100,1,bx,b0,0,b0,1,b1101,0,0,0,b10000000000000000000000000000,b0,0,b0,0,0,1,b0,0,0,b100101101001011010010110100101,b1001110
2000000,0,0,b1101,0,0,bx,0,0,1,0,bx,1,0,0,1,0,0,1,bx,b100101101001011010010110100101,0,bx,0,b100101101001011010010110100101,b1101,bx,b100101101001011010010110100101,b11100,1,bx,b0,0,b0,1,b1101,0,0,0,b10000000000000000000000000000,b0,0,b0,0,0,1,b0,0,0,b100101101001011010010110100101,b1001110
2010000,0,0,b1101,1,0,bx,0,0,1,1,bx,1,0,0,1,0,0,1,bx,b100101101001011010010110100101,0,bx,0,b100101101001011010010110100101,b1101,bx,b100101101001011010010110100101,b11100,1,bx,b0,0,b1,1,b1101,0,0,0,b10000000000000000000000000000,b0,0,b0,0,0,1,b0,0,0,b100101101001011010010110100101,b1001111
2020000,0,0,b1101,1,0,bx,0,0,1,0,bx,1,0,0,1,0,0,1,bx,b100101101001011010010110100101,0,bx,0,b100101101001011010010110100101,b1101,bx,b100101101001011010010110100101,b11100,1,bx,b0,0,b1,1,b1101,0,0,0,b10000000000000000000000000000,b0,0,b0,0,0,1,b0,0,0,b100101101001011010010110100101,b1001111
2030000,0,0,b1101,0,0,bx,0,0,1,1,bx,1,0,0,1,0,0,1,bx,b100101101001011010010110100101,0,bx,0,b100101101001011010010110100101,b1101,bx,b100101101001011010010110100101,b11100,1,bx,b0,0,b10,1,b1101,0,0,0,b10000000000000000000000000000,b0,0,b0,0,0,1,b0,0,0,b100101101001011010010110100101,b1010000
2040000,0,0,b1101,0,0,bx,0,0,1,0,bx,1,0,0,1,0,0,1,bx,b100101101001011010010110100101,0,bx,0,b100101101001011010010110100101,b1101,bx,b100101101001011010010110100101,b11100,1,bx,b0,0,b10,1,b1101,0,0,0,b10000000000000000000000000000,b0,0,b0,0,0,1,b0,0,0,b100101101001011010010110100101,b1010000
2050000,0,0,b1101,0,0,bx,1,0,1,1,bx,1,0,0,1,0,0,1,bx,b100101101001011010010110100101,0,bx,0,b100101101001011010010110100101,b1101,bx,b100101101001011010010110100101,b11101,1,bx,b0,0,b0,1,b1101,0,0,0,b100000000000000000000000000000,b0,0,b0,0,0,1,b0,0,0,b100101101001011010010110100101,b1010001
2060000,0,0,b1101,0,0,bx,1,0,1,0,bx,1,0,0,1,0,0,1,bx,b100101101001011010010110100101,0,bx,0,b100101101001011010010110100101,b1101,bx,b100101101001011010010110100101,b11101,1,bx,b0,0,b0,1,b1101,0,0,0,b100000000000000000000000000000,b0,0,b0,0,0,1,b0,0,0,b100101101001011010010110100101,b1010001
2070000,0,0,b1101,1,0,bx,1,0,1,1,bx,1,0,0,1,0,0,1,bx,b100101101001011010010110100101,0,bx,0,b100101101001011010010110100101,b1101,bx,b100101101001011010010110100101,b11101,1,bx,b0,0,b1,1,b1101,0,0,0,b100000000000000000000000000000,b0,0,b0,0,0,1,b0,0,0,b100101101001011010010110100101,b1010010
2080000,0,0,b1101,1,0,bx,1,0,1,0,bx,1,0,0,1,0,0,1,bx,b100101101001011010010110100101,0,bx,0,b100101101001011010010110100101,b1101,bx,b100101101001011010010110100101,b11101,1,bx,b0,0,b1,1,b1101,0,0,0,b100000000000000000000000000000,b0,0,b0,0,0,1,b0,0,0,b100101101001011010010110100101,b1010010
2090000,0,0,b1101,0,0,bx,1,0,1,1,bx,1,0,0,1,0,0,1,bx,b100101101001011010010110100101,0,bx,0,b100101101001011010010110100101,b1101,bx,b100101101001011010010110100101,b11101,1,bx,b0,0,b10,1,b1101,0,0,0,b100000000000000000000000000000,b0,0,b0,0,0,1,b0,0,0,b100101101001011010010110100101,b1010011
2100000,0,0,b1101,0,0,bx,1,0,1,0,bx,1,0,0,1,0,0,1,bx,b100101101001011010010110100101,0,bx,0,b100101101001011010010110100101,b1101,bx,b100101101001011010010110100101,b11101,1,bx,b0,0,b10,1,b1101,0,0,0,b100000000000000000000000000000,b0,0,b0,0,0,1,b0,0,0,b100101101001011010010110100101,b1010011
2110000,0,0,b1101,0,0,bx,0,0,1,1,bx,1,0,0,1,0,0,1,bx,b100101101001011010010110100101,0,bx,0,b100101101001011010010110100101,b1101,bx,b100101101001011010010110100101,b11110,1,bx,b0,0,b0,1,b1101,0,0,0,b0,b0,0,b0,0,0,1,b0,0,0,b100101101001011010010110100101,b1010100
2120000,0,0,b1101,0,0,bx,0,0,1,0,bx,1,0,0,1,0,0,1,bx,b100101101001011010010110100101,0,bx,0,b100101101001011010010110100101,b1101,bx,b100101101001011010010110100101,b11110,1,bx,b0,0,b0,1,b1101,0,0,0,b0,b0,0,b0,0,0,1,b0,0,0,b100101101001011010010110100101,b1010100
2130000,0,0,b1101,1,0,bx,0,0,1,1,bx,1,0,0,1,0,0,1,bx,b100101101001011010010110100101,0,bx,0,b100101101001011010010110100101,b1101,bx,b100101101001011010010110100101,b11110,1,bx,b0,0,b1,1,b1101,0,0,0,b0,b0,0,b0,0,0,1,b0,0,0,b100101101001011010010110100101,b1010101
2140000,0,0,b1101,1,0,bx,0,0,1,0,bx,1,0,0,1,0,0,1,bx,b100101101001011010010110100101,0,bx,0,b100101101001011010010110100101,b1101,bx,b100101101001011010010110100101,b11110,1,bx,b0,0,b1,1,b1101,0,0,0,b0,b0,0,b0,0,0,1,b0,0,0,b100101101001011010010110100101,b1010101
2150000,0,0,b1101,0,0,bx,0,0,1,1,bx,1,0,0,1,0,0,1,bx,b100101101001011010010110100101,0,bx,0,b100101101001011010010110100101,b1101,bx,b100101101001011010010110100101,b11110,1,bx,b0,0,b10,1,b1101,0,0,0,b0,b0,0,b0,0,0,1,b0,0,0,b100101101001011010010110100101,b1010110
2160000,0,0,b1101,0,0,bx,0,0,1,0,bx,1,0,0,1,0,0,1,bx,b100101101001011010010110100101,0,bx,0,b100101101001011010010110100101,b1101,bx,b100101101001011010010110100101,b11110,1,bx,b0,0,b10,1,b1101,0,0,0,b0,b0,0,b0,0,0,1,b0,0,0,b100101101001011010010110100101,b1010110
2170000,0,1,b1111,0,1,b0,0,0,0,1,bx,1,0,0,1,0,0,1,bx,b100101101001011010010110100101,0,bx,0,b100101101001011010010110100101,b1111,b0,b100101101001011010010110100101,b11110,0,b0,b0,1,b0,0,b1111,0,0,1,b0,b0,0,b0,0,0,1,b0,0,0,b100101101001011010010110100101,b1010111
2180000,0,1,b1111,0,1,b0,0,0,0,0,bx,1,0,0,1,0,0,1,bx,b100101101001011010010110100101,0,bx,0,b100101101001011010010110100101,b1111,b0,b100101101001011010010110100101,b11110,0,b0,b0,1,b0,0,b1111,0,0,1,b0,b0,0,b0,0,0,1,b0,0,0,b100101101001011010010110100101,b1010111
2190000,0,1,b1111,0,1,b0,0,0,0,1,bx,1,0,0,1,0,1,1,bx,b100101101001011010010110100101,0,bx,0,b100101101001011010010110100101,b1111,b0,b100101101001011010010110100101,b11110,0,b0,b0,1,b0,0,b1111,0,0,1,b0,b0,0,b0,0,0,1,b0,0,0,b100101101001011010010110100101,b1011000
2200000,0,1,b1111,0,1,b0,0,0,0,0,bx,1,0,0,1,0,1,1,bx,b100101101001011010010110100101,0,bx,0,b100101101001011010010110100101,b1111,b0,b100101101001011010010110100101,b11110,0,b0,b0,1,b0,0,b1111,0,0,1,b0,b0,0,b0,0,0,1,b0,0,0,b100101101001011010010110100101,b1011000
2210000,0,1,b1111,0,1,b0,0,0,0,1,bx,1,0,0,1,0,1,1,bx,b100101101001011010010110100101,0,bx,0,b100101101001011010010110100101,b1111,b0,b100101101001011010010110100101,b11110,0,b0,b0,1,b0,0,b1111,0,0,1,b0,b0,0,b0,0,0,1,b0,0,0,b100101101001011010010110100101,b1011000
2220000,0,1,b1111,0,1,b0,0,0,0,0,bx,1,0,0,1,0,1,1,bx,b100101101001011010010110100101,0,bx,0,b100101101001011010010110100101,b1111,b0,b100101101001011010010110100101,b11110,0,b0,b0,1,b0,0,b1111,0,0,1,b0,b0,0,b0,0,0,1,b0,0,0,b100101101001011010010110100101,b1011000
2230000,0,1,b1111,0,1,b0,0,0,0,1,bx,1,0,0,1,0,1,1,bx,b100101101001011010010110100101,0,bx,0,b100101101001011010010110100101,b1111,b0,b100101101001011010010110100101,b11110,0,b0,b0,1,b0,0,b1111,0,0,1,b0,b0,0,b0,0,0,1,b0,0,0,b100101101001011010010110100101,b1011000
2240000,0,1,b1111,0,1,b0,0,0,0,0,bx,1,0,0,1,0,1,1,bx,b100101101001011010010110100101,0,bx,0,b100101101001011010010110100101,b1111,b0,b100101101001011010010110100101,b11110,0,b0,b0,1,b0,0,b1111,0,0,1,b0,b0,0,b0,0,0,1,b0,0,0,b100101101001011010010110100101,b1011000
2250000,0,1,b1111,0,1,b0,0,0,0,1,bx,1,0,0,1,0,1,1,bx,b100101101001011010010110100101,0,bx,0,b100101101001011010010110100101,b1111,b0,b100101101001011010010110100101,b11110,0,b0,b0,1,b0,0,b1111,0,0,1,b0,b0,0,b0,0,0,1,b0,0,0,b100101101001011010010110100101,b1011000
2260000,0,1,b1111,0,1,b0,0,0,0,0,bx,1,0,0,1,0,1,1,bx,b100101101001011010010110100101,0,bx,0,b100101101001011010010110100101,b1111,b0,b100101101001011010010110100101,b11110,0,b0,b0,1,b0,0,b1111,0,0,1,b0,b0,0,b0,0,0,1,b0,0,0,b100101101001011010010110100101,b1011000
2270000,0,1,b1111,0,1,b0,0,0,0,1,bx,1,0,0,1,0,1,1,bx,b100101101001011010010110100101,0,bx,0,b100101101001011010010110100101,b1111,b0,b100101101001011010010110100101,b11110,0,b0,b0,1,b0,0,b1111,0,0,1,b0,b0,0,b0,0,0,1,b0,0,0,b100101101001011010010110100101,b1011000
2280000,0,1,b1111,0,1,b0,0,0,0,0,bx,1,0,0,1,0,1,1,bx,b100101101001011010010110100101,0,bx,0,b100101101001011010010110100101,b1111,b0,b100101101001011010010110100101,b11110,0,b0,b0,1,b0,0,b1111,0,0,1,b0,b0,0,b0,0,0,1,b0,0,0,b100101101001011010010110100101,b1011000
2290000,0,1,b1111,0,1,b0,0,0,0,1,bx,1,0,0,1,0,1,1,bx,b100101101001011010010110100101,0,bx,0,b100101101001011010010110100101,b1111,b0,b100101101001011010010110100101,b11110,0,b0,b0,1,b0,0,b1111,0,0,1,b0,b0,0,b0,0,0,1,b0,0,0,b100101101001011010010110100101,b1011000
2300000,0,1,b1111,0,1,b0,0,0,0,0,bx,1,0,0,1,0,1,1,bx,b100101101001011010010110100101,0,bx,0,b100101101001011010010110100101,b1111,b0,b100101101001011010010110100101,b11110,0,b0,b0,1,b0,0,b1111,0,0,1,b0,b0,0,b0,0,0,1,b0,0,0,b100101101001011010010110100101,b1011000
2310000,0,1,b1111,0,1,b0,0,0,0,1,bx,1,0,0,1,0,1,1,bx,b100101101001011010010110100101,0,bx,0,b100101101001011010010110100101,b1111,b0,b100101101001011010010110100101,b11110,0,b0,b0,1,b0,0,b1111,0,0,1,b0,b0,0,b0,0,0,1,b0,0,0,b100101101001011010010110100101,b1011000
2320000,0,1,b1111,0,1,b0,0,0,0,0,bx,1,0,0,1,0,1,1,bx,b100101101001011010010110100101,0,bx,0,b100101101001011010010110100101,b1111,b0,b100101101001011010010110100101,b11110,0,b0,b0,1,b0,0,b1111,0,0,1,b0,b0,0,b0,0,0,1,b0,0,0,b100101101001011010010110100101,b1011000
2330000,0,1,b1111,0,1,b0,0,0,0,1,bx,1,0,0,1,0,1,1,bx,b100101101001011010010110100101,0,bx,0,b100101101001011010010110100101,b1111,b0,b100101101001011010010110100101,b11110,0,b0,b0,1,b0,0,b1111,0,0,1,b0,b0,0,b0,0,0,1,b0,0,0,b100101101001011010010110100101,b1011000
2340000,0,1,b1111,0,1,b0,0,0,0,0,bx,1,0,0,1,0,1,1,bx,b100101101001011010010110100101,0,bx,0,b100101101001011010010110100101,b1111,b0,b100101101001011010010110100101,b11110,0,b0,b0,1,b0,0,b1111,0,0,1,b0,b0,0,b0,0,0,1,b0,0,0,b100101101001011010010110100101,b1011000
2350000,0,1,b1111,0,1,b0,0,0,0,1,bx,1,0,0,1,0,1,1,bx,b100101101001011010010110100101,0,bx,0,b100101101001011010010110100101,b1111,b0,b100101101001011010010110100101,b11110,0,b0,b0,1,b0,0,b1111,0,0,1,b0,b0,0,b0,0,0,1,b0,0,0,b100101101001011010010110100101,b1011000
2360000,0,1,b1111,0,1,b0,0,0,0,0,bx,1,0,0,1,0,1,1,bx,b100101101001011010010110100101,0,bx,0,b100101101001011010010110100101,b1111,b0,b100101101001011010010110100101,b11110,0,b0,b0,1,b0,0,b1111,0,0,1,b0,b0,0,b0,0,0,1,b0,0,0,b100101101001011010010110100101,b1011000
2370000,0,1,b1111,0,1,b0,0,0,0,1,bx,1,0,0,1,0,1,1,bx,b100101101001011010010110100101,0,bx,0,b100101101001011010010110100101,b1111,b0,b100101101001011010010110100101,b11110,0,b0,b0,1,b0,0,b1111,0,0,1,b0,b0,0,b0,0,0,1,b0,0,0,b100101101001011010010110100101,b1011000
2380000,0,1,b1111,0,1,b0,0,0,0,0,bx,1,0,0,1,0,1,1,bx,b100101101001011010010110100101,0,bx,0,b100101101001011010010110100101,b1111,b0,b100101101001011010010110100101,b11110,0,b0,b0,1,b0,0,b1111,0,0,1,b0,b0,0,b0,0,0,1,b0,0,0,b100101101001011010010110100101,b1011000
2390000,0,1,b1111,0,1,b0,0,0,0,1,bx,1,0,0,1,0,1,1,bx,b100101101001011010010110100101,0,bx,0,b100101101001011010010110100101,b1111,b0,b100101101001011010010110100101,b11110,0,b0,b0,1,b0,0,b1111,0,0,1,b0,b0,0,b0,0,0,1,b0,0,0,b100101101001011010010110100101,b1011000
2400000,0,1,b1111,0,1,b0,0,0,0,0,bx,1,0,0,1,0,1,1,bx,b100101101001011010010110100101,0,bx,0,b100101101001011010010110100101,b1111,b0,b100101101001011010010110100101,b11110,0,b0,b0,1,b0,0,b1111,0,0,1,b0,b0,0,b0,0,0,1,b0,0,0,b100101101001011010010110100101,b1011000
2410000,0,1,b1111,0,1,b0,0,0,0,1,bx,1,0,0,1,0,1,1,bx,b100101101001011010010110100101,0,bx,0,b100101101001011010010110100101,b1111,b0,b100101101001011010010110100101,b11110,0,b0,b0,1,b0,0,b1111,0,0,1,b0,b0,0,b0,0,0,1,b0,0,0,b100101101001011010010110100101,b1011000
2420000,0,1,b1111,0,1,b0,0,0,0,0,bx,1,0,0,1,0,1,1,bx,b100101101001011010010110100101,0,bx,0,b100101101001011010010110100101,b1111,b0,b100101101001011010010110100101,b11110,0,b0,b0,1,b0,0,b1111,0,0,1,b0,b0,0,b0,0,0,1,b0,0,0,b100101101001011010010110100101,b1011000
2430000,0,1,b1111,0,1,b0,0,0,0,1,bx,1,0,0,1,0,1,1,bx,b100101101001011010010110100101,0,bx,0,b100101101001011010010110100101,b1111,b0,b100101101001011010010110100101,b11110,0,b0,b0,1,b0,0,b1111,0,0,1,b0,b0,0,b0,0,0,1,b0,0,0,b100101101001011010010110100101,b1011000
2440000,0,1,b1111,0,1,b0,0,0,0,0,bx,1,0,0,1,0,1,1,bx,b100101101001011010010110100101,0,bx,0,b100101101001011010010110100101,b1111,b0,b100101101001011010010110100101,b11110,0,b0,b0,1,b0,0,b1111,0,0,1,b0,b0,0,b0,0,0,1,b0,0,0,b100101101001011010010110100101,b1011000
2450000,0,1,b1111,0,1,b0,0,0,0,1,bx,1,0,0,1,0,1,1,bx,b100101101001011010010110100101,0,bx,0,b100101101001011010010110100101,b1111,b0,b100101101001011010010110100101,b11110,0,b0,b0,1,b0,0,b1111,0,0,1,b0,b0,0,b0,0,0,1,b0,0,0,b100101101001011010010110100101,b1011000
2460000,0,1,b1111,0,1,b0,0,0,0,0,bx,1,0,0,1,0,1,1,bx,b100101101001011010010110100101,0,bx,0,b100101101001011010010110100101,b1111,b0,b100101101001011010010110100101,b11110,0,b0,b0,1,b0,0,b1111,0,0,1,b0,b0,0,b0,0,0,1,b0,0,0,b100101101001011010010110100101,b1011000
2470000,0,1,b1111,0,1,b0,0,0,0,1,bx,1,0,0,1,0,1,1,bx,b100101101001011010010110100101,0,bx,0,b100101101001011010010110100101,b1111,b0,b100101101001011010010110100101,b11110,0,b0,b0,1,b0,0,b1111,0,0,1,b0,b0,0,b0,0,0,1,b0,0,0,b100101101001011010010110100101,b1011000
2480000,0,1,b1111,0,1,b0,0,0,0,0,bx,1,0,0,1,0,1,1,bx,b100101101001011010010110100101,0,bx,0,b100101101001011010010110100101,b1111,b0,b100101101001011010010110100101,b11110,0,b0,b0,1,b0,0,b1111,0,0,1,b0,b0,0,b0,0,0,1,b0,0,0,b100101101001011010010110100101,b1011000
2490000,0,1,b1111,0,1,b0,0,0,0,1,bx,1,0,0,1,0,1,1,bx,b100101101001011010010110100101,0,bx,0,b100101101001011010010110100101,b1111,b0,b100101101001011010010110100101,b11110,0,b0,b0,1,b0,0,b1111,0,0,1,b0,b0,0,b0,0,0,1,b0,0,0,b100101101001011010010110100101,b1011000
2500000,0,1,b1111,0,1,b0,0,0,0,0,bx,1,0,0,1,0,1,1,bx,b100101101001011010010110100101,0,bx,0,b100101101001011010010110100101,b1111,b0,b100101101001011010010110100101,b11110,0,b0,b0,1,b0,0,b1111,0,0,1,b0,b0,0,b0,0,0,1,b0,0,0,b100101101001011010010110100101,b1011000
2510000,0,1,b1111,0,1,b0,0,0,0,1,bx,1,0,0,1,0,1,1,bx,b100101101001011010010110100101,0,bx,0,b100101101001011010010110100101,b1111,b0,b100101101001011010010110100101,b11110,0,b0,b0,1,b0,0,b1111,0,0,1,b0,b0,0,b0,0,0,1,b0,0,0,b100101101001011010010110100101,b1011000
2520000,0,1,b1111,0,1,b0,0,0,0,0,bx,1,0,0,1,0,1,1,bx,b100101101001011010010110100101,0,bx,0,b100101101001011010010110100101,b1111,b0,b100101101001011010010110100101,b11110,0,b0,b0,1,b0,0,b1111,0,0,1,b0,b0,0,b0,0,0,1,b0,0,0,b100101101001011010010110100101,b1011000
2530000,0,1,b1111,0,1,b0,0,0,0,1,bx,1,0,0,1,0,1,1,bx,b100101101001011010010110100101,0,bx,0,b100101101001011010010110100101,b1111,b0,b100101101001011010010110100101,b11110,0,b0,b0,1,b0,0,b1111,0,0,1,b0,b0,0,b0,0,0,1,b0,0,0,b100101101001011010010110100101,b1011000
2540000,0,1,b1111,0,1,b0,0,0,0,0,bx,1,0,0,1,0,1,1,bx,b100101101001011010010110100101,0,bx,0,b100101101001011010010110100101,b1111,b0,b100101101001011010010110100101,b11110,0,b0,b0,1,b0,0,b1111,0,0,1,b0,b0,0,b0,0,0,1,b0,0,0,b100101101001011010010110100101,b1011000
2550000,0,1,b1111,0,1,b0,0,0,0,1,bx,1,0,0,1,0,1,1,bx,b100101101001011010010110100101,0,bx,0,b100101101001011010010110100101,b1111,b0,b100101101001011010010110100101,b11110,0,b0,b0,1,b0,0,b1111,0,0,1,b0,b0,0,b0,0,0,1,b0,0,0,b100101101001011010010110100101,b1011000
2560000,0,1,b1111,0,1,b0,0,0,0,0,bx,1,0,0,1,0,1,1,bx,b100101101001011010010110100101,0,bx,0,b100101101001011010010110100101,b1111,b0,b100101101001011010010110100101,b11110,0,b0,b0,1,b0,0,b1111,0,0,1,b0,b0,0,b0,0,0,1,b0,0,0,b100101101001011010010110100101,b1011000
2570000,0,1,b1111,0,1,b0,0,0,0,1,bx,1,0,0,1,0,1,1,bx,b100101101001011010010110100101,0,bx,0,b100101101001011010010110100101,b1111,b0,b100101101001011010010110100101,b11110,0,b0,b0,1,b0,0,b1111,0,0,1,b0,b0,0,b0,0,0,1,b0,0,0,b100101101001011010010110100101,b1011000
2580000,0,1,b1111,0,1,b0,0,0,0,0,bx,1,0,0,1,0,1,1,bx,b100101101001011010010110100101,0,bx,0,b100101101001011010010110100101,b1111,b0,b100101101001011010010110100101,b11110,0,b0,b0,1,b0,0,b1111,0,0,1,b0,b0,0,b0,0,0,1,b0,0,0,b100101101001011010010110100101,b1011000
2590000,0,1,b1111,0,1,b0,0,0,0,1,bx,1,0,0,1,0,1,1,bx,b100101101001011010010110100101,0,bx,0,b100101101001011010010110100101,b1111,b0,b100101101001011010010110100101,b11110,0,b0,b0,1,b0,0,b1111,0,0,1,b0,b0,0,b0,0,0,1,b0,0,0,b100101101001011010010110100101,b1011000
2600000,0,1,b1111,0,1,b0,0,0,0,0,bx,1,0,0,1,0,1,1,bx,b100101101001011010010110100101,0,bx,0,b100101101001011010010110100101,b1111,b0,b100101101001011010010110100101,b11110,0,b0,b0,1,b0,0,b1111,0,0,1,b0,b0,0,b0,0,0,1,b0,0,0,b100101101001011010010110100101,b1011000
2610000,0,1,b1111,0,1,b0,0,0,0,1,bx,1,0,0,1,0,1,1,bx,b100101101001011010010110100101,0,bx,0,b100101101001011010010110100101,b1111,b0,b100101101001011010010110100101,b11110,0,b0,b0,1,b0,0,b1111,0,0,1,b0,b0,0,b0,0,0,1,b0,0,0,b100101101001011010010110100101,b1011000
2620000,0,1,b1111,0,1,b0,0,0,0,0,bx,1,0,0,1,0,1,1,bx,b100101101001011010010110100101,0,bx,0,b100101101001011010010110100101,b1111,b0,b100101101001011010010110100101,b11110,0,b0,b0,1,b0,0,b1111,0,0,1,b0,b0,0,b0,0,0,1,b0,0,0,b100101101001011010010110100101,b1011000
2630000,0,1,b1111,0,1,b0,0,0,0,1,bx,1,0,0,1,0,1,1,bx,b100101101001011010010110100101,0,bx,0,b100101101001011010010110100101,b1111,b0,b100101101001011010010110100101,b11110,0,b0,b0,1,b0,0,b1111,0,0,1,b0,b0,0,b0,0,0,1,b0,0,0,b100101101001011010010110100101,b1011000
2640000,0,1,b1111,0,1,b0,0,0,0,0,bx,1,0,0,1,0,1,1,bx,b100101101001011010010110100101,0,bx,0,b100101101001011010010110100101,b1111,b0,b100101101001011010010110100101,b11110,0,b0,b0,1,b0,0,b1111,0,0,1,b0,b0,0,b0,0,0,1,b0,0,0,b100101101001011010010110100101,b1011000
2650000,0,1,b1111,0,1,b0,0,0,0,1,bx,1,0,0,1,0,1,1,bx,b100101101001011010010110100101,0,bx,0,b100101101001011010010110100101,b1111,b0,b100101101001011010010110100101,b11110,0,b0,b0,1,b0,0,b1111,0,0,1,b0,b0,0,b0,0,0,1,b0,0,0,b100101101001011010010110100101,b1011000
2660000,0,1,b1111,0,1,b0,0,0,0,0,bx,1,0,0,1,0,1,1,bx,b100101101001011010010110100101,0,bx,0,b100101101001011010010110100101,b1111,b0,b100101101001011010010110100101,b11110,0,b0,b0,1,b0,0,b1111,0,0,1,b0,b0,0,b0,0,0,1,b0,0,0,b100101101001011010010110100101,b1011000
2670000,0,1,b1111,0,1,b0,0,0,0,1,bx,1,0,0,1,0,1,1,bx,b100101101001011010010110100101,0,bx,0,b100101101001011010010110100101,b1111,b0,b100101101001011010010110100101,b11110,0,b0,b0,1,b0,0,b1111,0,0,1,b0,b0,0,b0,0,0,1,b0,0,0,b100101101001011010010110100101,b1011000
2680000,0,1,b1111,0,1,b0,0,0,0,0,bx,1,0,0,1,0,1,1,bx,b100101101001011010010110100101,0,bx,0,b100101101001011010010110100101,b1111,b0,b100101101001011010010110100101,b11110,0,b0,b0,1,b0,0,b1111,0,0,1,b0,b0,0,b0,0,0,1,b0,0,0,b100101101001011010010110100101,b1011000
2690000,0,1,b1111,0,0,b0,0,1,0,1,bx,0,0,0,1,0,1,1,bx,b100101101001011010010110100101,0,bx,0,b100101101001011010010110100101,b1111,b0,b100101101001011010010110100101,b11110,0,b0,b0,1,b0,0,b1111,0,0,1,b0,b0,0,b0,0,0,1,b0,0,1,b100101101001011010010110100101,b1011000
2700000,0,1,b1111,0,0,b0,0,1,0,0,bx,0,0,0,1,0,1,1,bx,b100101101001011010010110100101,0,bx,0,b100101101001011010010110100101,b1111,b0,b100101101001011010010110100101,b11110,0,b0,b0,1,b0,0,b1111,0,0,1,b0,b0,0,b0,0,0,1,b0,0,1,b100101101001011010010110100101,b1011000
2710000,0,1,b1111,0,0,b0,0,1,0,1,bx,0,0,0,1,0,1,1,bx,b100101101001011010010110100101,0,bx,0,b100101101001011010010110100101,b1111,b0,b100101101001011010010110100101,b11110,0,b0,b0,1,b0,0,b1111,0,0,1,b0,b0,0,b0,0,0,1,b0,0,1,b100101101001011010010110100101,b1011000
2720000,0,1,b1111,0,0,b0,0,1,0,0,bx,0,0,0,1,0,1,1,bx,b100101101001011010010110100101,0,bx,0,b100101101001011010010110100101,b1111,b0,b100101101001011010010110100101,b11110,0,b0,b0,1,b0,0,b1111,0,0,1,b0,b0,0,b0,0,0,1,b0,0,1,b100101101001011010010110100101,b1011000
2730000,0,1,b1111,0,0,b0,0,1,0,1,bx,0,0,0,1,0,1,1,bx,b100101101001011010010110100101,0,bx,0,b100101101001011010010110100101,b1111,b0,b100101101001011010010110100101,b11110,0,b0,b0,1,b0,0,b1111,0,0,1,b0,b0,0,b0,0,0,1,b0,0,1,b100101101001011010010110100101,b1011000
2740000,0,1,b1111,0,0,b0,0,1,0,0,bx,0,0,0,1,0,1,1,bx,b100101101001011010010110100101,0,bx,0,b100101101001011010010110100101,b1111,b0,b100101101001011010010110100101,b11110,0,b0,b0,1,b0,0,b1111,0,0,1,b0,b0,0,b0,0,0,1,b0,0,1,b100101101001011010010110100101,b1011000
2750000,0,1,b1111,0,0,b0,0,1,0,1,bx,0,0,0,1,0,1,1,bx,b100101101001011010010110100101,0,bx,0,b100101101001011010010110100101,b1111,b0,b100101101001011010010110100101,b11110,0,b0,b0,1,b0,0,b1111,0,0,1,b0,b0,0,b0,0,0,1,b0,0,1,b100101101001011010010110100101,b1011000
2760000,0,1,b1111,0,0,b0,0,1,0,0,bx,0,0,0,1,0,1,1,bx,b100101101001011010010110100101,0,bx,0,b100101101001011010010110100101,b1111,b0,b100101101001011010010110100101,b11110,0,b0,b0,1,b0,0,b1111,0,0,1,b0,b0,0,b0,0,0,1,b0,0,1,b100101101001011010010110100101,b1011000
2770000,0,1,b1111,0,0,b0,0,1,0,1,bx,0,0,0,1,0,1,1,bx,b100101101001011010010110100101,0,bx,0,b100101101001011010010110100101,b1111,b0,b100101101001011010010110100101,b11110,0,b0,b0,1,b0,0,b1111,0,0,1,b0,b0,0,b0,0,0,1,b0,0,1,b100101101001011010010110100101,b1011000
2780000,0,1,b1111,0,0,b0,0,1,0,0,bx,0,0,0,1,0,1,1,bx,b100101101001011010010110100101,0,bx,0,b100101101001011010010110100101,b1111,b0,b100101101001011010010110100101,b11110,0,b0,b0,1,b0,0,b1111,0,0,1,b0,b0,0,b0,0,0,1,b0,0,1,b100101101001011010010110100101,b1011000
2790000,0,1,b1111,0,0,b0,0,1,1,1,b11010010110100101101001011010,0,0,0,1,0,1,0,bx,b100101101001011010010110100101,0,b0,0,b100101101001011010010110100101,b1111,b0,b100101101001011010010110100101,b11110,0,b0,b0,1,b0,0,b1111,0,0,1,b0,b0,1,b0,0,0,0,b0,1,1,b100101101001011010010110100101,b1011000
2800000,0,1,b1111,0,0,b0,0,1,1,0,b11010010110100101101001011010,0,0,0,1,0,1,0,bx,b100101101001011010010110100101,0,b0,0,b100101101001011010010110100101,b1111,b0,b100101101001011010010110100101,b11110,0,b0,b0,1,b0,0,b1111,0,0,1,b0,b0,1,b0,0,0,0,b0,1,1,b100101101001011010010110100101,b1011000
2810000,0,1,b1111,0,0,b0,0,1,1,1,b11010010110100101101001011010,0,0,0,1,0,1,0,bx,b100101101001011010010110100101,0,b0,0,b100101101001011010010110100101,b1111,b0,b100101101001011010010110100101,b11110,0,b0,b0,1,b0,0,b1111,0,0,1,b0,b0,1,b0,0,0,0,b1,1,1,b100101101001011010010110100101,b1011000
2820000,0,1,b1111,0,0,b0,0,1,1,0,b11010010110100101101001011010,0,0,0,1,0,1,0,bx,b100101101001011010010110100101,0,b0,0,b100101101001011010010110100101,b1111,b0,b100101101001011010010110100101,b11110,0,b0,b0,1,b0,0,b1111,0,0,1,b0,b0,1,b0,0,0,0,b1,1,1,b100101101001011010010110100101,b1011000
2830000,0,1,b1111,0,0,b0,0,1,1,1,b11010010110100101101001011010,0,0,0,1,0,1,0,bx,b100101101001011010010110100101,0,b0,0,b100101101001011010010110100101,b1111,b0,b100101101001011010010110100101,b11110,0,b0,b0,1,b0,0,b1111,0,0,1,b0,b0,1,b0,0,0,0,b10,1,1,b100101101001011010010110100101,b1011000
2840000,0,1,b1111,0,0,b0,0,1,1,0,b11010010110100101101001011010,0,0,0,1,1,1,0,bx,b100101101001011010010110100101,0,b0,0,b100101101001011010010110100101,b1111,b0,b100101101001011010010110100101,b11110,0,b0,b0,1,b0,0,b1111,0,0,1,b0,b0,1,b0,0,0,0,b10,1,1,b100101101001011010010110100101,b1011000
2850000,0,1,b1111,0,0,b0,0,1,1,1,b11010010110100101101001011010,0,0,0,1,1,1,0,bx,b100101101001011010010110100101,0,b0,0,b100101101001011010010110100101,b1111,b0,b100101101001011010010110100101,b11110,0,b0,b0,1,b0,0,b1111,0,0,1,b0,b1,1,b0,0,1,0,b11,1,1,b100101101001011010010110100101,b1011000
2860000,0,1,b1111,0,0,b0,0,1,1,0,b11010010110100101101001011010,0,0,0,1,1,1,0,bx,b100101101001011010010110100101,0,b0,0,b100101101001011010010110100101,b1111,b0,b100101101001011010010110100101,b11110,0,b0,b0,1,b0,0,b1111,0,0,1,b0,b1,1,b0,0,1,0,b11,1,1,b100101101001011010010110100101,b1011000
2870000,0,1,b1111,0,0,b0,0,1,1,1,b11010010110100101101001011010,0,0,0,1,1,1,0,bx,b100101101001011010010110100101,0,b0,0,b100101101001011010010110100101,b1111,b0,b100101101001011010010110100101,b11110,0,b0,b0,1,b0,0,b1111,0,0,1,b0,b1,1,b0,0,1,0,b100,1,1,b100101101001011010010110100101,b1011000
2880000,0,1,b1111,0,0,b0,0,1,1,0,b11010010110100101101001011010,0,0,0,1,1,1,0,bx,b100101101001011010010110100101,0,b0,0,b100101101001011010010110100101,b1111,b0,b100101101001011010010110100101,b11110,0,b0,b0,1,b0,0,b1111,0,0,1,b0,b1,1,b0,0,1,0,b100,1,1,b100101101001011010010110100101,b1011000
2890000,0,1,b1111,0,0,b0,0,1,1,1,b11010010110100101101001011010,0,0,1,1,0,1,0,bx,b100101101001011010010110100101,0,b1,0,b100101101001011010010110100101,b1111,b0,b100101101001011010010110100101,b11110,0,b0,b0,1,b0,0,b1111,0,0,1,b0,b1,1,b0,0,0,0,b101,1,1,b100101101001011010010110100101,b1011000
2900000,0,1,b1111,0,0,b0,0,1,1,0,b11010010110100101101001011010,0,0,1,1,0,1,0,bx,b100101101001011010010110100101,0,b1,0,b100101101001011010010110100101,b1111,b0,b100101101001011010010110100101,b11110,0,b0,b0,1,b0,0,b1111,0,0,1,b0,b1,1,b0,0,0,0,b101,1,1,b100101101001011010010110100101,b1011000
2910000,0,1,b1111,0,0,b0,0,1,1,1,b11010010110100101101001011010,0,0,1,1,0,1,0,bx,b100101101001011010010110100101,0,b1,0,b100101101001011010010110100101,b1111,b0,b100101101001011010010110100101,b11110,0,b0,b0,1,b0,0,b1111,0,0,1,b0,b1,1,b0,0,0,0,b110,1,1,b100101101001011010010110100101,b1011000
2920000,0,1,b1111,0,0,b0,0,1,1,0,b11010010110100101101001011010,0,0,1,1,0,1,0,bx,b100101101001011010010110100101,0,b1,0,b100101101001011010010110100101,b1111,b0,b100101101001011010010110100101,b11110,0,b0,b0,1,b0,0,b1111,0,0,1,b0,b1,1,b0,0,0,0,b110,1,1,b100101101001011010010110100101,b1011000
2930000,0,1,b1111,0,0,b0,0,1,1,1,b11010010110100101101001011010,0,0,1,1,0,1,0,bx,b100101101001011010010110100101,0,b1,0,b100101101001011010010110100101,b1111,b0,b100101101001011010010110100101,b11110,0,b0,b0,1,b0,0,b1111,0,0,1,b0,b1,1,b0,0,0,0,b111,1,1,b100101101001011010010110100101,b1011000
2940000,0,1,b1111,0,0,b0,0,1,1,0,b11010010110100101101001011010,0,0,1,1,1,1,0,bx,b100101101001011010010110100101,0,b1,0,b100101101001011010010110100101,b1111,b0,b100101101001011010010110100101,b11110,0,b0,b0,1,b0,0,b1111,0,0,1,b0,b1,1,b0,0,0,0,b111,1,1,b100101101001011010010110100101,b1011000
2950000,0,1,b1111,0,0,b1,0,1,1,1,b11010010110100101101001011010,0,0,1,1,1,1,0,bx,b100101101001011010010110100101,0,b1,0,b100101101001011010010110100101,b1111,b1,b100101101001011010010110100101,b11110,0,b0,b0,1,b0,0,b1111,0,0,1,b0,b10,1,b1,0,1,0,b1000,1,1,b100101101001011010010110100101,b1011000
2960000,0,1,b1111,0,0,b1,0,1,1,0,b11010010110100101101001011010,0,0,1,1,1,1,0,bx,b100101101001011010010110100101,0,b1,0,b100101101001011010010110100101,b1111,b1,b100101101001011010010110100101,b11110,0,b0,b0,1,b0,0,b1111,0,0,1,b0,b10,1,b1,0,1,0,b1000,1,1,b100101101001011010010110100101,b1011000
2970000,0,1,b1111,0,0,b1,0,1,1,1,b11010010110100101101001011010,0,0,1,1,1,1,0,bx,b100101101001011010010110100101,0,b1,0,b100101101001011010010110100101,b1111,b1,b100101101001011010010110100101,b11110,0,b0,b0,1,b0,0,b1111,0,0,1,b0,b10,1,b1,0,1,0,b1001,1,1,b100101101001011010010110100101,b1011000
2980000,0,1,b1111,0,0,b1,0,1,1,0,b11010010110100101101001011010,0,0,1,1,1,1,0,bx,b100101101001011010010110100101,0,b1,0,b100101101001011010010110100101,b1111,b1,b100101101001011010010110100101,b11110,0,b0,b0,1,b0,0,b1111,0,0,1,b0,b10,1,b1,0,1,0,b1001,1,1,b100101101001011010010110100101,b1011000
2990000,0,1,b1111,0,0,b1,0,1,1,1,b11010010110100101101001011010,0,0,1,1,0,1,0,bx,b100101101001011010010110100101,0,b10,0,b100101101001011010010110100101,b1111,b1,b100101101001011010010110100101,b11110,0,b0,b0,1,b0,0,b1111,0,0,1,b0,b10,1,b1,0,0,0,b1010,1,1,b100101101001011010010110100101,b1011000
3000000,0,1,b1111,0,0,b1,0,1,1,0,b11010010110100101101001011010,0,0,1,1,0,1,0,bx,b100101101001011010010110100101,0,b10,0,b100101101001011010010110100101,b1111,b1,b100101101001011010010110100101,b11110,0,b0,b0,1,b0,0,b1111,0,0,1,b0,b10,1,b1,0,0,0,b1010,1,1,b100101101001011010010110100101,b1011000
3010000,0,1,b1111,0,0,b1,0,1,1,1,b11010010110100101101001011010,0,0,1,1,0,1,0,bx,b100101101001011010010110100101,0,b10,0,b100101101001011010010110100101,b1111,b1,b100101101001011010010110100101,b11110,0,b0,b0,1,b0,0,b1111,0,0,1,b0,b10,1,b1,0,0,0,b1011,1,1,b100101101001011010010110100101,b1011000
3020000,0,1,b1111,0,0,b1,0,1,1,0,b11010010110100101101001011010,0,0,1,1,0,1,0,bx,b100101101001011010010110100101,0,b10,0,b100101101001011010010110100101,b1111,b1,b100101101001011010010110100101,b11110,0,b0,b0,1,b0,0,b1111,0,0,1,b0,b10,1,b1,0,0,0,b1011,1,1,b100101101001011010010110100101,b1011000
3030000,0,1,b1111,0,0,b1,0,1,1,1,b11010010110100101101001011010,0,0,1,1,0,1,0,bx,b100101101001011010010110100101,0,b10,0,b100101101001011010010110100101,b1111,b1,b100101101001011010010110100101,b11110,0,b0,b0,1,b0,0,b1111,0,0,1,b0,b10,1,b1,0,0,0,b1100,1,1,b100101101001011010010110100101,b1011000
3040000,0,1,b1111,0,0,b1,0,1,1,0,b11010010110100101101001011010,0,0,1,1,1,1,0,bx,b100101101001011010010110100101,0,b10,0,b100101101001011010010110100101,b1111,b1,b100101101001011010010110100101,b11110,0,b0,b0,1,b0,0,b1111,0,0,1,b0,b10,1,b1,0,0,0,b1100,1,1,b100101101001011010010110100101,b1011000
3050000,0,1,b1111,0,0,b11,0,1,1,1,b11010010110100101101001011010,0,0,1,1,1,1,0,bx,b100101101001011010010110100101,0,b10,0,b100101101001011010010110100101,b1111,b11,b100101101001011010010110100101,b11110,0,b0,b0,1,b0,0,b1111,0,0,1,b0,b11,1,b11,0,1,0,b1101,1,1,b100101101001011010010110100101,b1011000
3060000,0,1,b1111,0,0,b11,0,1,1,0,b11010010110100101101001011010,0,0,1,1,1,1,0,bx,b100101101001011010010110100101,0,b10,0,b100101101001011010010110100101,b1111,b11,b100101101001011010010110100101,b11110,0,b0,b0,1,b0,0,b1111,0,0,1,b0,b11,1,b11,0,1,0,b1101,1,1,b100101101001011010010110100101,b1011000
3070000,0,1,b1111,0,0,b11,0,1,1,1,b11010010110100101101001011010,0,0,1,1,1,1,0,bx,b100101101001011010010110100101,0,b10,0,b100101101001011010010110100101,b1111,b11,b100101101001011010010110100101,b11110,0,b0,b0,1,b0,0,b1111,0,0,1,b0,b11,1,b11,0,1,0,b1110,1,1,b100101101001011010010110100101,b1011000
3080000,0,1,b1111,0,0,b11,0,1,1,0,b11010010110100101101001011010,0,0,1,1,1,1,0,bx,b100101101001011010010110100101,0,b10,0,b100101101001011010010110100101,b1111,b11,b100101101001011010010110100101,b11110,0,b0,b0,1,b0,0,b1111,0,0,1,b0,b11,1,b11,0,1,0,b1110,1,1,b100101101001011010010110100101,b1011000
3090000,0,1,b1111,0,0,b11,0,1,1,1,b11010010110100101101001011010,0,0,0,1,0,1,0,bx,b100101101001011010010110100101,0,b11,0,b100101101001011010010110100101,b1111,b11,b100101101001011010010110100101,b11110,0,b0,b0,1,b0,0,b1111,0,0,1,b0,b11,1,b11,0,0,0,b1111,1,1,b100101101001011010010110100101,b1011000
3100000,0,1,b1111,0,0,b11,0,1,1,0,b11010010110100101101001011010,0,0,0,1,0,1,0,bx,b100101101001011010010110100101,0,b11,0,b100101101001011010010110100101,b1111,b11,b100101101001011010010110100101,b11110,0,b0,b0,1,b0,0,b1111,0,0,1,b0,b11,1,b11,0,0,0,b1111,1,1,b100101101001011010010110100101,b1011000
3110000,0,1,b1111,0,0,b11,0,1,1,1,b11010010110100101101001011010,0,0,0,1,0,1,0,bx,b100101101001011010010110100101,0,b11,0,b100101101001011010010110100101,b1111,b11,b100101101001011010010110100101,b11110,0,b0,b0,1,b0,0,b1111,0,0,1,b0,b11,1,b11,0,0,0,b10000,1,1,b100101101001011010010110100101,b1011000
3120000,0,1,b1111,0,0,b11,0,1,1,0,b11010010110100101101001011010,0,0,0,1,0,1,0,bx,b100101101001011010010110100101,0,b11,0,b100101101001011010010110100101,b1111,b11,b100101101001011010010110100101,b11110,0,b0,b0,1,b0,0,b1111,0,0,1,b0,b11,1,b11,0,0,0,b10000,1,1,b100101101001011010010110100101,b1011000
3130000,0,1,b1111,0,0,b11,0,1,1,1,b11010010110100101101001011010,0,0,0,1,0,1,0,bx,b100101101001011010010110100101,0,b11,0,b100101101001011010010110100101,b1111,b11,b100101101001011010010110100101,b11110,0,b0,b0,1,b0,0,b1111,0,0,1,b0,b11,1,b11,0,0,0,b10001,1,1,b100101101001011010010110100101,b1011000
3140000,0,1,b1111,0,0,b11,0,1,1,0,b11010010110100101101001011010,0,0,0,1,1,1,0,bx,b100101101001011010010110100101,0,b11,0,b100101101001011010010110100101,b1111,b11,b100101101001011010010110100101,b11110,0,b0,b0,1,b0,0,b1111,0,0,1,b0,b11,1,b11,0,0,0,b10001,1,1,b100101101001011010010110100101,b1011000
3150000,0,1,b1111,0,0,b110,0,1,1,1,b11010010110100101101001011010,0,0,0,1,1,1,0,bx,b100101101001011010010110100101,0,b11,0,b100101101001011010010110100101,b1111,b110,b100101101001011010010110100101,b11110,0,b0,b0,1,b0,0,b1111,0,0,1,b0,b100,1,b110,0,1,0,b10010,1,1,b100101101001011010010110100101,b1011000
3160000,0,1,b1111,0,0,b110,0,1,1,0,b11010010110100101101001011010,0,0,0,1,1,1,0,bx,b100101101001011010010110100101,0,b11,0,b100101101001011010010110100101,b1111,b110,b100101101001011010010110100101,b11110,0,b0,b0,1,b0,0,b1111,0,0,1,b0,b100,1,b110,0,1,0,b10010,1,1,b100101101001011010010110100101,b1011000
3170000,0,1,b1111,0,0,b110,0,1,1,1,b11010010110100101101001011010,0,0,0,1,1,1,0,bx,b100101101001011010010110100101,0,b11,0,b100101101001011010010110100101,b1111,b110,b100101101001011010010110100101,b11110,0,b0,b0,1,b0,0,b1111,0,0,1,b0,b100,1,b110,0,1,0,b10011,1,1,b100101101001011010010110100101,b1011000
3180000,0,1,b1111,0,0,b110,0,1,1,0,b11010010110100101101001011010,0,0,0,1,1,1,0,bx,b100101101001011010010110100101,0,b11,0,b100101101001011010010110100101,b1111,b110,b100101101001011010010110100101,b11110,0,b0,b0,1,b0,0,b1111,0,0,1,b0,b100,1,b110,0,1,0,b10011,1,1,b100101101001011010010110100101,b1011000
3190000,0,1,b1111,0,0,b110,0,1,1,1,b11010010110100101101001011010,0,0,1,1,0,1,0,bx,b100101101001011010010110100101,0,b100,0,b100101101001011010010110100101,b1111,b110,b100101101001011010010110100101,b11110,0,b0,b0,1,b0,0,b1111,0,0,1,b0,b100,1,b110,0,0,0,b10100,1,1,b100101101001011010010110100101,b1011000
3200000,0,1,b1111,0,0,b110,0,1,1,0,b11010010110100101101001011010,0,0,1,1,0,1,0,bx,b100101101001011010010110100101,0,b100,0,b100101101001011010010110100101,b1111,b110,b100101101001011010010110100101,b11110,0,b0,b0,1,b0,0,b1111,0,0,1,b0,b100,1,b110,0,0,0,b10100,1,1,b100101101001011010010110100101,b1011000
3210000,0,1,b1111,0,0,b110,0,1,1,1,b11010010110100101101001011010,0,0,1,1,0,1,0,bx,b100101101001011010010110100101,0,b100,0,b100101101001011010010110100101,b1111,b110,b100101101001011010010110100101,b11110,0,b0,b0,1,b0,0,b1111,0,0,1,b0,b100,1,b110,0,0,0,b10101,1,1,b100101101001011010010110100101,b1011000
3220000,0,1,b1111,0,0,b110,0,1,1,0,b11010010110100101101001011010,0,0,1,1,0,1,0,bx,b100101101001011010010110100101,0,b100,0,b100101101001011010010110100101,b1111,b110,b100101101001011010010110100101,b11110,0,b0,b0,1,b0,0,b1111,0,0,1,b0,b100,1,b110,0,0,0,b10101,1,1,b100101101001011010010110100101,b1011000
3230000,0,1,b1111,0,0,b110,0,1,1,1,b11010010110100101101001011010,0,0,1,1,0,1,0,bx,b100101101001011010010110100101,0,b100,0,b100101101001011010010110100101,b1111,b110,b100101101001011010010110100101,b11110,0,b0,b0,1,b0,0,b1111,0,0,1,b0,b100,1,b110,0,0,0,b10110,1,1,b100101101001011010010110100101,b1011000
3240000,0,1,b1111,0,0,b110,0,1,1,0,b11010010110100101101001011010,0,0,1,1,1,1,0,bx,b100101101001011010010110100101,0,b100,0,b100101101001011010010110100101,b1111,b110,b100101101001011010010110100101,b11110,0,b0,b0,1,b0,0,b1111,0,0,1,b0,b100,1,b110,0,0,0,b10110,1,1,b100101101001011010010110100101,b1011000
3250000,0,1,b1111,0,0,b1101,0,1,1,1,b11010010110100101101001011010,0,0,1,1,1,1,0,bx,b100101101001011010010110100101,0,b100,0,b100101101001011010010110100101,b1111,b1101,b100101101001011010010110100101,b11110,0,b0,b0,1,b0,0,b1111,0,0,1,b0,b101,1,b1101,0,1,0,b10111,1,1,b100101101001011010010110100101,b1011000
3260000,0,1,b1111,0,0,b1101,0,1,1,0,b11010010110100101101001011010,0,0,1,1,1,1,0,bx,b100101101001011010010110100101,0,b100,0,b100101101001011010010110100101,b1111,b1101,b100101101001011010010110100101,b11110,0,b0,b0,1,b0,0,b1111,0,0,1,b0,b101,1,b1101,0,1,0,b10111,1,1,b100101101001011010010110100101,b1011000
3270000,0,1,b1111,0,0,b1101,0,1,1,1,b11010010110100101101001011010,0,0,1,1,1,1,0,bx,b100101101001011010010110100101,0,b100,0,b100101101001011010010110100101,b1111,b1101,b100101101001011010010110100101,b11110,0,b0,b0,1,b0,0,b1111,0,0,1,b0,b101,1,b1101,0,1,0,b11000,1,1,b100101101001011010010110100101,b1011000
3280000,0,1,b1111,0,0,b1101,0,1,1,0,b11010010110100101101001011010,0,0,1,1,1,1,0,bx,b100101101001011010010110100101,0,b100,0,b100101101001011010010110100101,b1111,b1101,b100101101001011010010110100101,b11110,0,b0,b0,1,b0,0,b1111,0,0,1,b0,b101,1,b1101,0,1,0,b11000,1,1,b100101101001011010010110100101,b1011000
3290000,0,1,b1111,0,0,b1101,0,1,1,1,b11010010110100101101001011010,0,0,0,1,0,1,0,bx,b100101101001011010010110100101,0,b101,0,b100101101001011010010110100101,b1111,b1101,b100101101001011010010110100101,b11110,0,b0,b0,1,b0,0,b1111,0,0,1,b0,b101,1,b1101,0,0,0,b11001,1,1,b100101101001011010010110100101,b1011000
3300000,0,1,b1111,0,0,b1101,0,1,1,0,b11010010110100101101001011010,0,0,0,1,0,1,0,bx,b100101101001011010010110100101,0,b101,0,b100101101001011010010110100101,b1111,b1101,b100101101001011010010110100101,b11110,0,b0,b0,1,b0,0,b1111,0,0,1,b0,b101,1,b1101,0,0,0,b11001,1,1,b100101101001011010010110100101,b1011000
3310000,0,1,b1111,0,0,b1101,0,1,1,1,b11010010110100101101001011010,0,0,0,1,0,1,0,bx,b100101101001011010010110100101,0,b101,0,b100101101001011010010110100101,b1111,b1101,b100101101001011010010110100101,b11110,0,b0,b0,1,b0,0,b1111,0,0,1,b0,b101,1,b1101,0,0,0,b11010,1,1,b100101101001011010010110100101,b1011000
3320000,0,1,b1111,0,0,b1101,0,1,1,0,b11010010110100101101001011010,0,0,0,1,0,1,0,bx,b100101101001011010010110100101,0,b101,0,b100101101001011010010110100101,b1111,b1101,b100101101001011010010110100101,b11110,0,b0,b0,1,b0,0,b1111,0,0,1,b0,b101,1,b1101,0,0,0,b11010,1,1,b100101101001011010010110100101,b1011000
3330000,0,1,b1111,0,0,b1101,0,1,1,1,b11010010110100101101001011010,0,0,0,1,0,1,0,bx,b100101101001011010010110100101,0,b101,0,b100101101001011010010110100101,b1111,b1101,b100101101001011010010110100101,b11110,0,b0,b0,1,b0,0,b1111,0,0,1,b0,b101,1,b1101,0,0,0,b11011,1,1,b100101101001011010010110100101,b1011000
3340000,0,1,b1111,0,0,b1101,0,1,1,0,b11010010110100101101001011010,0,0,0,1,1,1,0,bx,b100101101001011010010110100101,0,b101,0,b100101101001011010010110100101,b1111,b1101,b100101101001011010010110100101,b11110,0,b0,b0,1,b0,0,b1111,0,0,1,b0,b101,1,b1101,0,0,0,b11011,1,1,b100101101001011010010110100101,b1011000
3350000,0,1,b1111,0,0,b11010,0,1,1,1,b11010010110100101101001011010,0,0,0,1,1,1,0,bx,b100101101001011010010110100101,0,b101,0,b100101101001011010010110100101,b1111,b11010,b100101101001011010010110100101,b11110,0,b0,b0,1,b0,0,b1111,0,0,1,b0,b110,1,b11010,0,1,0,b11100,1,1,b100101101001011010010110100101,b1011000
3360000,0,1,b1111,0,0,b11010,0,1,1,0,b11010010110100101101001011010,0,0,0,1,1,1,0,bx,b100101101001011010010110100101,0,b101,0,b100101101001011010010110100101,b1111,b11010,b100101101001011010010110100101,b11110,0,b0,b0,1,b0,0,b1111,0,0,1,b0,b110,1,b11010,0,1,0,b11100,1,1,b100101101001011010010110100101,b1011000
3370000,0,1,b1111,0,0,b11010,0,1,1,1,b11010010110100101101001011010,0,0,0,1,1,1,0,bx,b100101101001011010010110100101,0,b101,0,b100101101001011010010110100101,b1111,b11010,b100101101001011010010110100101,b11110,0,b0,b0,1,b0,0,b1111,0,0,1,b0,b110,1,b11010,0,1,0,b11101,1,1,b100101101001011010010110100101,b1011000
3380000,0,1,b1111,0,0,b11010,0,1,1,0,b11010010110100101101001011010,0,0,0,1,1,1,0,bx,b100101101001011010010110100101,0,b101,0,b100101101001011010010110100101,b1111,b11010,b100101101001011010010110100101,b11110,0,b0,b0,1,b0,0,b1111,0,0,1,b0,b110,1,b11010,0,1,0,b11101,1,1,b100101101001011010010110100101,b1011000
3390000,0,1,b1111,0,0,b11010,0,1,1,1,b11010010110100101101001011010,0,0,0,1,0,1,0,bx,b100101101001011010010110100101,0,b110,0,b100101101001011010010110100101,b1111,b11010,b100101101001011010010110100101,b11110,0,b0,b0,1,b0,0,b1111,0,0,1,b0,b110,1,b11010,0,0,0,b11110,1,1,b100101101001011010010110100101,b1011000
3400000,0,1,b1111,0,0,b11010,0,1,1,0,b11010010110100101101001011010,0,0,0,1,0,1,0,bx,b100101101001011010010110100101,0,b110,0,b100101101001011010010110100101,b1111,b11010,b100101101001011010010110100101,b11110,0,b0,b0,1,b0,0,b1111,0,0,1,b0,b110,1,b11010,0,0,0,b11110,1,1,b100101101001011010010110100101,b1011000
3410000,0,1,b1111,0,0,b11010,0,1,1,1,b11010010110100101101001011010,0,0,0,1,0,1,0,bx,b100101101001011010010110100101,0,b110,0,b100101101001011010010110100101,b1111,b11010,b100101101001011010010110100101,b11110,0,b0,b0,1,b0,0,b1111,0,0,1,b0,b110,1,b11010,0,0,0,b11111,1,1,b100101101001011010010110100101,b1011000
3420000,0,1,b1111,0,0,b11010,0,1,1,0,b11010010110100101101001011010,0,0,0,1,0,1,0,bx,b100101101001011010010110100101,0,b110,0,b100101101001011010010110100101,b1111,b11010,b100101101001011010010110100101,b11110,0,b0,b0,1,b0,0,b1111,0,0,1,b0,b110,1,b11010,0,0,0,b11111,1,1,b100101101001011010010110100101,b1011000
3430000,0,1,b1111,0,0,b11010,0,1,1,1,b11010010110100101101001011010,0,0,0,1,0,1,0,bx,b100101101001011010010110100101,0,b110,0,b100101101001011010010110100101,b1111,b11010,b100101101001011010010110100101,b11110,0,b0,b0,1,b0,0,b1111,0,0,1,b0,b110,1,b11010,0,0,0,b100000,1,1,b100101101001011010010110100101,b1011000
3440000,0,1,b1111,0,0,b11010,0,1,1,0,b11010010110100101101001011010,0,0,0,1,1,1,0,bx,b100101101001011010010110100101,0,b110,0,b100101101001011010010110100101,b1111,b11010,b100101101001011010010110100101,b11110,0,b0,b0,1,b0,0,b1111,0,0,1,b0,b110,1,b11010,0,0,0,b100000,1,1,b100101101001011010010110100101,b1011000
3450000,0,1,b1111,0,0,b110100,0,1,1,1,b11010010110100101101001011010,0,0,0,1,1,1,0,bx,b100101101001011010010110100101,0,b110,0,b100101101001011010010110100101,b1111,b110100,b100101101001011010010110100101,b11110,0,b0,b0,1,b0,0,b1111,0,0,1,b0,b111,1,b110100,0,1,0,b100001,1,1,b100101101001011010010110100101,b1011000
3460000,0,1,b1111,0,0,b110100,0,1,1,0,b11010010110100101101001011010,0,0,0,1,1,1,0,bx,b100101101001011010010110100101,0,b110,0,b100101101001011010010110100101,b1111,b110100,b100101101001011010010110100101,b11110,0,b0,b0,1,b0,0,b1111,0,0,1,b0,b111,1,b110100,0,1,0,b100001,1,1,b100101101001011010010110100101,b1011000
3470000,0,1,b1111,0,0,b110100,0,1,1,1,b11010010110100101101001011010,0,0,0,1,1,1,0,bx,b100101101001011010010110100101,0,b110,0,b100101101001011010010110100101,b1111,b110100,b100101101001011010010110100101,b11110,0,b0,b0,1,b0,0,b1111,0,0,1,b0,b111,1,b110100,0,1,0,b100010,1,1,b100101101001011010010110100101,b1011000
3480000,0,1,b1111,0,0,b110100,0,1,1,0,b11010010110100101101001011010,0,0,0,1,1,1,0,bx,b100101101001011010010110100101,0,b110,0,b100101101001011010010110100101,b1111,b110100,b100101101001011010010110100101,b11110,0,b0,b0,1,b0,0,b1111,0,0,1,b0,b111,1,b110100,0,1,0,b100010,1,1,b100101101001011010010110100101,b1011000
3490000,0,1,b1111,0,0,b110100,0,1,1,1,b11010010110100101101001011010,0,0,1,1,0,1,0,bx,b100101101001011010010110100101,0,b111,0,b100101101001011010010110100101,b1111,b110100,b100101101001011010010110100101,b11110,0,b0,b0,1,b0,0,b1111,0,0,1,b0,b111,1,b110100,0,0,0,b100011,1,1,b100101101001011010010110100101,b1011000
3500000,0,1,b1111,0,0,b110100,0,1,1,0,b11010010110100101101001011010,0,0,1,1,0,1,0,bx,b100101101001011010010110100101,0,b111,0,b100101101001011010010110100101,b1111,b110100,b100101101001011010010110100101,b11110,0,b0,b0,1,b0,0,b1111,0,0,1,b0,b111,1,b110100,0,0,0,b100011,1,1,b100101101001011010010110100101,b1011000
3510000,0,1,b1111,0,0,b110100,0,1,1,1,b11010010110100101101001011010,0,0,1,1,0,1,0,bx,b100101101001011010010110100101,0,b111,0,b100101101001011010010110100101,b1111,b110100,b100101101001011010010110100101,b11110,0,b0,b0,1,b0,0,b1111,0,0,1,b0,b111,1,b110100,0,0,0,b100100,1,1,b100101101001011010010110100101,b1011000
3520000,0,1,b1111,0,0,b110100,0,1,1,0,b11010010110100101101001011010,0,0,1,1,0,1,0,bx,b100101101001011010010110100101,0,b111,0,b100101101001011010010110100101,b1111,b110100,b100101101001011010010110100101,b11110,0,b0,b0,1,b0,0,b1111,0,0,1,b0,b111,1,b110100,0,0,0,b100100,1,1,b100101101001011010010110100101,b1011000
3530000,0,1,b1111,0,0,b110100,0,1,1,1,b11010010110100101101001011010,0,0,1,1,0,1,0,bx,b100101101001011010010110100101,0,b111,0,b100101101001011010010110100101,b1111,b110100,b100101101001011010010110100101,b11110,0,b0,b0,1,b0,0,b1111,0,0,1,b0,b111,1,b110100,0,0,0,b100101,1,1,b100101101001011010010110100101,b1011000
3540000,0,1,b1111,0,0,b110100,0,1,1,0,b11010010110100101101001011010,0,0,1,1,1,1,0,bx,b100101101001011010010110100101,0,b111,0,b100101101001011010010110100101,b1111,b110100,b100101101001011010010110100101,b11110,0,b0,b0,1,b0,0,b1111,0,0,1,b0,b111,1,b110100,0,0,0,b100101,1,1,b100101101001011010010110100101,b1011000
3550000,0,1,b1111,0,0,b1101001,0,1,1,1,b11010010110100101101001011010,0,0,1,1,1,1,0,bx,b100101101001011010010110100101,0,b111,0,b100101101001011010010110100101,b1111,b1101001,b100101101001011010010110100101,b11110,0,b0,b0,1,b0,0,b1111,0,0,1,b0,b1000,1,b1101001,0,1,0,b100110,1,1,b100101101001011010010110100101,b1011000
3560000,0,1,b1111,0,0,b1101001,0,1,1,0,b11010010110100101101001011010,0,0,1,1,1,1,0,bx,b100101101001011010010110100101,0,b111,0,b100101101001011010010110100101,b1111,b1101001,b100101101001011010010110100101,b11110,0,b0,b0,1,b0,0,b1111,0,0,1,b0,b1000,1,b1101001,0,1,0,b100110,1,1,b100101101001011010010110100101,b1011000
3570000,0,1,b1111,0,0,b1101001,0,1,1,1,b11010010110100101101001011010,0,0,1,1,1,1,0,bx,b100101101001011010010110100101,0,b111,0,b100101101001011010010110100101,b1111,b1101001,b100101101001011010010110100101,b11110,0,b0,b0,1,b0,0,b1111,0,0,1,b0,b1000,1,b1101001,0,1,0,b100111,1,1,b100101101001011010010110100101,b1011000
3580000,0,1,b1111,0,0,b1101001,0,1,1,0,b11010010110100101101001011010,0,0,1,1,1,1,0,bx,b100101101001011010010110100101,0,b111,0,b100101101001011010010110100101,b1111,b1101001,b100101101001011010010110100101,b11110,0,b0,b0,1,b0,0,b1111,0,0,1,b0,b1000,1,b1101001,0,1,0,b100111,1,1,b100101101001011010010110100101,b1011000
3590000,0,1,b1111,0,0,b1101001,0,1,1,1,b11010010110100101101001011010,0,0,0,1,0,1,0,bx,b100101101001011010010110100101,0,b1000,0,b100101101001011010010110100101,b1111,b1101001,b100101101001011010010110100101,b11110,0,b0,b0,1,b0,0,b1111,0,0,1,b0,b1000,1,b1101001,0,0,0,b101000,1,1,b100101101001011010010110100101,b1011000
3600000,0,1,b1111,0,0,b1101001,0,1,1,0,b11010010110100101101001011010,0,0,0,1,0,1,0,bx,b100101101001011010010110100101,0,b1000,0,b100101101001011010010110100101,b1111,b1101001,b100101101001011010010110100101,b11110,0,b0,b0,1,b0,0,b1111,0,0,1,b0,b1000,1,b1101001,0,0,0,b101000,1,1,b100101101001011010010110100101,b1011000
3610000,0,1,b1111,0,0,b1101001,0,1,1,1,b11010010110100101101001011010,0,0,0,1,0,1,0,bx,b100101101001011010010110100101,0,b1000,0,b100101101001011010010110100101,b1111,b1101001,b100101101001011010010110100101,b11110,0,b0,b0,1,b0,0,b1111,0,0,1,b0,b1000,1,b1101001,0,0,0,b101001,1,1,b100101101001011010010110100101,b1011000
3620000,0,1,b1111,0,0,b1101001,0,1,1,0,b11010010110100101101001011010,0,0,0,1,0,1,0,bx,b100101101001011010010110100101,0,b1000,0,b100101101001011010010110100101,b1111,b1101001,b100101101001011010010110100101,b11110,0,b0,b0,1,b0,0,b1111,0,0,1,b0,b1000,1,b1101001,0,0,0,b101001,1,1,b100101101001011010010110100101,b1011000
3630000,0,1,b1111,0,0,b1101001,0,1,1,1,b11010010110100101101001011010,0,0,0,1,0,1,0,bx,b100101101001011010010110100101,0,b1000,0,b100101101001011010010110100101,b1111,b1101001,b100101101001011010010110100101,b11110,0,b0,b0,1,b0,0,b1111,0,0,1,b0,b1000,1,b1101001,0,0,0,b101010,1,1,b100101101001011010010110100101,b1011000
3640000,0,1,b1111,0,0,b1101001,0,1,1,0,b11010010110100101101001011010,0,0,0,1,1,1,0,bx,b100101101001011010010110100101,0,b1000,0,b100101101001011010010110100101,b1111,b1101001,b100101101001011010010110100101,b11110,0,b0,b0,1,b0,0,b1111,0,0,1,b0,b1000,1,b1101001,0,0,0,b101010,1,1,b100101101001011010010110100101,b1011000
3650000,0,1,b1111,0,0,b11010010,0,1,1,1,b11010010110100101101001011010,0,0,0,1,1,1,0,bx,b100101101001011010010110100101,0,b1000,0,b100101101001011010010110100101,b1111,b11010010,b100101101001011010010110100101,b11110,0,b0,b0,1,b0,0,b1111,0,0,1,b0,b1001,1,b11010010,0,1,0,b101011,1,1,b100101101001011010010110100101,b1011000
3660000,0,1,b1111,0,0,b11010010,0,1,1,0,b11010010110100101101001011010,0,0,0,1,1,1,0,bx,b100101101001011010010110100101,0,b1000,0,b100101101001011010010110100101,b1111,b11010010,b100101101001011010010110100101,b11110,0,b0,b0,1,b0,0,b1111,0,0,1,b0,b1001,1,b11010010,0,1,0,b101011,1,1,b100101101001011010010110100101,b1011000
3670000,0,1,b1111,0,0,b11010010,0,1,1,1,b11010010110100101101001011010,0,0,0,1,1,1,0,bx,b100101101001011010010110100101,0,b1000,0,b100101101001011010010110100101,b1111,b11010010,b100101101001011010010110100101,b11110,0,b0,b0,1,b0,0,b1111,0,0,1,b0,b1001,1,b11010010,0,1,0,b101100,1,1,b100101101001011010010110100101,b1011000
3680000,0,1,b1111,0,0,b11010010,0,1,1,0,b11010010110100101101001011010,0,0,0,1,1,1,0,bx,b100101101001011010010110100101,0,b1000,0,b100101101001011010010110100101,b1111,b11010010,b100101101001011010010110100101,b11110,0,b0,b0,1,b0,0,b1111,0,0,1,b0,b1001,1,b11010010,0,1,0,b101100,1,1,b100101101001011010010110100101,b1011000
3690000,0,1,b1111,0,0,b11010010,0,1,1,1,b11010010110100101101001011010,0,0,1,1,0,1,0,bx,b100101101001011010010110100101,0,b1001,0,b100101101001011010010110100101,b1111,b11010010,b100101101001011010010110100101,b11110,0,b0,b0,1,b0,0,b1111,0,0,1,b0,b1001,1,b11010010,0,0,0,b101101,1,1,b100101101001011010010110100101,b1011000
3700000,0,1,b1111,0,0,b11010010,0,1,1,0,b11010010110100101101001011010,0,0,1,1,0,1,0,bx,b100101101001011010010110100101,0,b1001,0,b100101101001011010010110100101,b1111,b11010010,b100101101001011010010110100101,b11110,0,b0,b0,1,b0,0,b1111,0,0,1,b0,b1001,1,b11010010,0,0,0,b101101,1,1,b100101101001011010010110100101,b1011000
3710000,0,1,b1111,0,0,b11010010,0,1,1,1,b11010010110100101101001011010,0,0,1,1,0,1,0,bx,b100101101001011010010110100101,0,b1001,0,b100101101001011010010110100101,b1111,b11010010,b100101101001011010010110100101,b11110,0,b0,b0,1,b0,0,b1111,0,0,1,b0,b1001,1,b11010010,0,0,0,b101110,1,1,b100101101001011010010110100101,b1011000
3720000,0,1,b1111,0,0,b11010010,0,1,1,0,b11010010110100101101001011010,0,0,1,1,0,1,0,bx,b100101101001011010010110100101,0,b1001,0,b100101101001011010010110100101,b1111,b11010010,b100101101001011010010110100101,b11110,0,b0,b0,1,b0,0,b1111,0,0,1,b0,b1001,1,b11010010,0,0,0,b101110,1,1,b100101101001011010010110100101,b1011000
3730000,0,1,b1111,0,0,b11010010,0,1,1,1,b11010010110100101101001011010,0,0,1,1,0,1,0,bx,b100101101001011010010110100101,0,b1001,0,b100101101001011010010110100101,b1111,b11010010,b100101101001011010010110100101,b11110,0,b0,b0,1,b0,0,b1111,0,0,1,b0,b1001,1,b11010010,0,0,0,b101111,1,1,b100101101001011010010110100101,b1011000
3740000,0,1,b1111,0,0,b11010010,0,1,1,0,b11010010110100101101001011010,0,0,1,1,1,1,0,bx,b100101101001011010010110100101,0,b1001,0,b100101101001011010010110100101,b1111,b11010010,b100101101001011010010110100101,b11110,0,b0,b0,1,b0,0,b1111,0,0,1,b0,b1001,1,b11010010,0,0,0,b101111,1,1,b100101101001011010010110100101,b1011000
3750000,0,1,b1111,0,0,b110100101,0,1,1,1,b11010010110100101101001011010,0,0,1,1,1,1,0,bx,b100101101001011010010110100101,0,b1001,0,b100101101001011010010110100101,b1111,b110100101,b100101101001011010010110100101,b11110,0,b0,b0,1,b0,0,b1111,0,0,1,b0,b1010,1,b110100101,0,1,0,b110000,1,1,b100101101001011010010110100101,b1011000
3760000,0,1,b1111,0,0,b110100101,0,1,1,0,b11010010110100101101001011010,0,0,1,1,1,1,0,bx,b100101101001011010010110100101,0,b1001,0,b100101101001011010010110100101,b1111,b110100101,b100101101001011010010110100101,b11110,0,b0,b0,1,b0,0,b1111,0,0,1,b0,b1010,1,b110100101,0,1,0,b110000,1,1,b100101101001011010010110100101,b1011000
3770000,0,1,b1111,0,0,b110100101,0,1,1,1,b11010010110100101101001011010,0,0,1,1,1,1,0,bx,b100101101001011010010110100101,0,b1001,0,b100101101001011010010110100101,b1111,b110100101,b100101101001011010010110100101,b11110,0,b0,b0,1,b0,0,b1111,0,0,1,b0,b1010,1,b110100101,0,1,0,b110001,1,1,b100101101001011010010110100101,b1011000
3780000,0,1,b1111,0,0,b110100101,0,1,1,0,b11010010110100101101001011010,0,0,1,1,1,1,0,bx,b100101101001011010010110100101,0,b1001,0,b100101101001011010010110100101,b1111,b110100101,b100101101001011010010110100101,b11110,0,b0,b0,1,b0,0,b1111,0,0,1,b0,b1010,1,b110100101,0,1,0,b110001,1,1,b100101101001011010010110100101,b1011000
3790000,0,1,b1111,0,0,b110100101,0,1,1,1,b11010010110100101101001011010,0,0,1,1,0,1,0,bx,b100101101001011010010110100101,0,b1010,0,b100101101001011010010110100101,b1111,b110100101,b100101101001011010010110100101,b11110,0,b0,b0,1,b0,0,b1111,0,0,1,b0,b1010,1,b110100101,0,0,0,b110010,1,1,b100101101001011010010110100101,b1011000
3800000,0,1,b1111,0,0,b110100101,0,1,1,0,b11010010110100101101001011010,0,0,1,1,0,1,0,bx,b100101101001011010010110100101,0,b1010,0,b100101101001011010010110100101,b1111,b110100101,b100101101001011010010110100101,b11110,0,b0,b0,1,b0,0,b1111,0,0,1,b0,b1010,1,b110100101,0,0,0,b110010,1,1,b100101101001011010010110100101,b1011000
3810000,0,1,b1111,0,0,b110100101,0,1,1,1,b11010010110100101101001011010,0,0,1,1,0,1,0,bx,b100101101001011010010110100101,0,b1010,0,b100101101001011010010110100101,b1111,b110100101,b100101101001011010010110100101,b11110,0,b0,b0,1,b0,0,b1111,0,0,1,b0,b1010,1,b110100101,0,0,0,b110011,1,1,b100101101001011010010110100101,b1011000
3820000,0,1,b1111,0,0,b110100101,0,1,1,0,b11010010110100101101001011010,0,0,1,1,0,1,0,bx,b100101101001011010010110100101,0,b1010,0,b100101101001011010010110100101,b1111,b110100101,b100101101001011010010110100101,b11110,0,b0,b0,1,b0,0,b1111,0,0,1,b0,b1010,1,b110100101,0,0,0,b110011,1,1,b100101101001011010010110100101,b1011000
3830000,0,1,b1111,0,0,b110100101,0,1,1,1,b11010010110100101101001011010,0,0,1,1,0,1,0,bx,b100101101001011010010110100101,0,b1010,0,b100101101001011010010110100101,b1111,b110100101,b100101101001011010010110100101,b11110,0,b0,b0,1,b0,0,b1111,0,0,1,b0,b1010,1,b110100101,0,0,0,b110100,1,1,b100101101001011010010110100101,b1011000
3840000,0,1,b1111,0,0,b110100101,0,1,1,0,b11010010110100101101001011010,0,0,1,1,1,1,0,bx,b100101101001011010010110100101,0,b1010,0,b100101101001011010010110100101,b1111,b110100101,b100101101001011010010110100101,b11110,0,b0,b0,1,b0,0,b1111,0,0,1,b0,b1010,1,b110100101,0,0,0,b110100,1,1,b100101101001011010010110100101,b1011000
3850000,0,1,b1111,0,0,b1101001011,0,1,1,1,b11010010110100101101001011010,0,0,1,1,1,1,0,bx,b100101101001011010010110100101,0,b1010,0,b100101101001011010010110100101,b1111,b1101001011,b100101101001011010010110100101,b11110,0,b0,b0,1,b0,0,b1111,0,0,1,b0,b1011,1,b1101001011,0,1,0,b110101,1,1,b100101101001011010010110100101,b1011000
3860000,0,1,b1111,0,0,b1101001011,0,1,1,0,b11010010110100101101001011010,0,0,1,1,1,1,0,bx,b100101101001011010010110100101,0,b1010,0,b100101101001011010010110100101,b1111,b1101001011,b100101101001011010010110100101,b11110,0,b0,b0,1,b0,0,b1111,0,0,1,b0,b1011,1,b1101001011,0,1,0,b110101,1,1,b100101101001011010010110100101,b1011000
3870000,0,1,b1111,0,0,b1101001011,0,1,1,1,b11010010110100101101001011010,0,0,1,1,1,1,0,bx,b100101101001011010010110100101,0,b1010,0,b100101101001011010010110100101,b1111,b1101001011,b100101101001011010010110100101,b11110,0,b0,b0,1,b0,0,b1111,0,0,1,b0,b1011,1,b1101001011,0,1,0,b110110,1,1,b100101101001011010010110100101,b1011000
3880000,0,1,b1111,0,0,b1101001011,0,1,1,0,b11010010110100101101001011010,0,0,1,1,1,1,0,bx,b100101101001011010010110100101,0,b1010,0,b100101101001011010010110100101,b1111,b1101001011,b100101101001011010010110100101,b11110,0,b0,b0,1,b0,0,b1111,0,0,1,b0,b1011,1,b1101001011,0,1,0,b110110,1,1,b100101101001011010010110100101,b1011000
3890000,0,1,b1111,0,0,b1101001011,0,1,1,1,b11010010110100101101001011010,0,0,0,1,0,1,0,bx,b100101101001011010010110100101,0,b1011,0,b100101101001011010010110100101,b1111,b1101001011,b100101101001011010010110100101,b11110,0,b0,b0,1,b0,0,b1111,0,0,1,b0,b1011,1,b1101001011,0,0,0,b110111,1,1,b100101101001011010010110100101,b1011000
3900000,0,1,b1111,0,0,b1101001011,0,1,1,0,b11010010110100101101001011010,0,0,0,1,0,1,0,bx,b100101101001011010010110100101,0,b1011,0,b100101101001011010010110100101,b1111,b1101001011,b100101101001011010010110100101,b11110,0,b0,b0,1,b0,0,b1111,0,0,1,b0,b1011,1,b1101001011,0,0,0,b110111,1,1,b100101101001011010010110100101,b1011000
3910000,0,1,b1111,0,0,b1101001011,0,1,1,1,b11010010110100101101001011010,0,0,0,1,0,1,0,bx,b100101101001011010010110100101,0,b1011,0,b100101101001011010010110100101,b1111,b1101001011,b100101101001011010010110100101,b11110,0,b0,b0,1,b0,0,b1111,0,0,1,b0,b1011,1,b1101001011,0,0,0,b111000,1,1,b100101101001011010010110100101,b1011000
3920000,0,1,b1111,0,0,b1101001011,0,1,1,0,b11010010110100101101001011010,0,0,0,1,0,1,0,bx,b100101101001011010010110100101,0,b1011,0,b100101101001011010010110100101,b1111,b1101001011,b100101101001011010010110100101,b11110,0,b0,b0,1,b0,0,b1111,0,0,1,b0,b1011,1,b1101001011,0,0,0,b111000,1,1,b100101101001011010010110100101,b1011000
3930000,0,1,b1111,0,0,b1101001011,0,1,1,1,b11010010110100101101001011010,0,0,0,1,0,1,0,bx,b100101101001011010010110100101,0,b1011,0,b100101101001011010010110100101,b1111,b1101001011,b100101101001011010010110100101,b11110,0,b0,b0,1,b0,0,b1111,0,0,1,b0,b1011,1,b1101001011,0,0,0,b111001,1,1,b100101101001011010010110100101,b1011000
3940000,0,1,b1111,0,0,b1101001011,0,1,1,0,b11010010110100101101001011010,0,0,0,1,1,1,0,bx,b100101101001011010010110100101,0,b1011,0,b100101101001011010010110100101,b1111,b1101001011,b100101101001011010010110100101,b11110,0,b0,b0,1,b0,0,b1111,0,0,1,b0,b1011,1,b1101001011,0,0,0,b111001,1,1,b100101101001011010010110100101,b1011000
3950000,0,1,b1111,0,0,b11010010110,0,1,1,1,b11010010110100101101001011010,0,0,0,1,1,1,0,bx,b100101101001011010010110100101,0,b1011,0,b100101101001011010010110100101,b1111,b11010010110,b100101101001011010010110100101,b11110,0,b0,b0,1,b0,0,b1111,0,0,1,b0,b1100,1,b11010010110,0,1,0,b111010,1,1,b100101101001011010010110100101,b1011000
3960000,0,1,b1111,0,0,b11010010110,0,1,1,0,b11010010110100101101001011010,0,0,0,1,1,1,0,bx,b100101101001011010010110100101,0,b1011,0,b100101101001011010010110100101,b1111,b11010010110,b100101101001011010010110100101,b11110,0,b0,b0,1,b0,0,b1111,0,0,1,b0,b1100,1,b11010010110,0,1,0,b111010,1,1,b100101101001011010010110100101,b1011000
3970000,0,1,b1111,0,0,b11010010110,0,1,1,1,b11010010110100101101001011010,0,0,0,1,1,1,0,bx,b100101101001011010010110100101,0,b1011,0,b100101101001011010010110100101,b1111,b11010010110,b100101101001011010010110100101,b11110,0,b0,b0,1,b0,0,b1111,0,0,1,b0,b1100,1,b11010010110,0,1,0,b111011,1,1,b100101101001011010010110100101,b1011000
3980000,0,1,b1111,0,0,b11010010110,0,1,1,0,b11010010110100101101001011010,0,0,0,1,1,1,0,bx,b100101101001011010010110100101,0,b1011,0,b100101101001011010010110100101,b1111,b11010010110,b100101101001011010010110100101,b11110,0,b0,b0,1,b0,0,b1111,0,0,1,b0,b1100,1,b11010010110,0,1,0,b111011,1,1,b100101101001011010010110100101,b1011000
3990000,0,1,b1111,0,0,b11010010110,0,1,1,1,b11010010110100101101001011010,0,0,1,1,0,1,0,bx,b100101101001011010010110100101,0,b1100,0,b100101101001011010010110100101,b1111,b11010010110,b100101101001011010010110100101,b11110,0,b0,b0,1,b0,0,b1111,0,0,1,b0,b1100,1,b11010010110,0,0,0,b111100,1,1,b100101101001011010010110100101,b1011000
4000000,0,1,b1111,0,0,b11010010110,0,1,1,0,b11010010110100101101001011010,0,0,1,1,0,1,0,bx,b100101101001011010010110100101,0,b1100,0,b100101101001011010010110100101,b1111,b11010010110,b100101101001011010010110100101,b11110,0,b0,b0,1,b0,0,b1111,0,0,1,b0,b1100,1,b11010010110,0,0,0,b111100,1,1,b100101101001011010010110100101,b1011000
4010000,0,1,b1111,0,0,b11010010110,0,1,1,1,b11010010110100101101001011010,0,0,1,1,0,1,0,bx,b100101101001011010010110100101,0,b1100,0,b100101101001011010010110100101,b1111,b11010010110,b100101101001011010010110100101,b11110,0,b0,b0,1,b0,0,b1111,0,0,1,b0,b1100,1,b11010010110,0,0,0,b111101,1,1,b100101101001011010010110100101,b1011000
4020000,0,1,b1111,0,0,b11010010110,0,1,1,0,b11010010110100101101001011010,0,0,1,1,0,1,0,bx,b100101101001011010010110100101,0,b1100,0,b100101101001011010010110100101,b1111,b11010010110,b100101101001011010010110100101,b11110,0,b0,b0,1,b0,0,b1111,0,0,1,b0,b1100,1,b11010010110,0,0,0,b111101,1,1,b100101101001011010010110100101,b1011000
4030000,0,1,b1111,0,0,b11010010110,0,1,1,1,b11010010110100101101001011010,0,0,1,1,0,1,0,bx,b100101101001011010010110100101,0,b1100,0,b100101101001011010010110100101,b1111,b11010010110,b100101101001011010010110100101,b11110,0,b0,b0,1,b0,0,b1111,0,0,1,b0,b1100,1,b11010010110,0,0,0,b111110,1,1,b100101101001011010010110100101,b1011000
4040000,0,1,b1111,0,0,b11010010110,0,1,1,0,b11010010110100101101001011010,0,0,1,1,1,1,0,bx,b100101101001011010010110100101,0,b1100,0,b100101101001011010010110100101,b1111,b11010010110,b100101101001011010010110100101,b11110,0,b0,b0,1,b0,0,b1111,0,0,1,b0,b1100,1,b11010010110,0,0,0,b111110,1,1,b100101101001011010010110100101,b1011000
4050000,0,1,b1111,0,0,b110100101101,0,1,1,1,b11010010110100101101001011010,0,0,1,1,1,1,0,bx,b100101101001011010010110100101,0,b1100,0,b100101101001011010010110100101,b1111,b110100101101,b100101101001011010010110100101,b11110,0,b0,b0,1,b0,0,b1111,0,0,1,b0,b1101,1,b110100101101,0,1,0,b111111,1,1,b100101101001011010010110100101,b1011000
4060000,0,1,b1111,0,0,b110100101101,0,1,1,0,b11010010110100101101001011010,0,0,1,1,1,1,0,bx,b100101101001011010010110100101,0,b1100,0,b100101101001011010010110100101,b1111,b110100101101,b100101101001011010010110100101,b11110,0,b0,b0,1,b0,0,b1111,0,0,1,b0,b1101,1,b110100101101,0,1,0,b111111,1,1,b100101101001011010010110100101,b1011000
4070000,0,1,b1111,0,0,b110100101101,0,1,1,1,b11010010110100101101001011010,0,0,1,1,1,1,0,bx,b100101101001011010010110100101,0,b1100,0,b100101101001011010010110100101,b1111,b110100101101,b100101101001011010010110100101,b11110,0,b0,b0,1,b0,0,b1111,0,0,1,b0,b1101,1,b110100101101,0,1,0,b1000000,1,1,b100101101001011010010110100101,b1011000
4080000,0,1,b1111,0,0,b110100101101,0,1,1,0,b11010010110100101101001011010,0,0,1,1,1,1,0,bx,b100101101001011010010110100101,0,b1100,0,b100101101001011010010110100101,b1111,b110100101101,b100101101001011010010110100101,b11110,0,b0,b0,1,b0,0,b1111,0,0,1,b0,b1101,1,b110100101101,0,1,0,b1000000,1,1,b100101101001011010010110100101,b1011000
4090000,0,1,b1111,0,0,b110100101101,0,1,1,1,b11010010110100101101001011010,0,0,0,1,0,1,0,bx,b100101101001011010010110100101,0,b1101,0,b100101101001011010010110100101,b1111,b110100101101,b100101101001011010010110100101,b11110,0,b0,b0,1,b0,0,b1111,0,0,1,b0,b1101,1,b110100101101,0,0,0,b1000001,1,1,b100101101001011010010110100101,b1011000
4100000,0,1,b1111,0,0,b110100101101,0,1,1,0,b11010010110100101101001011010,0,0,0,1,0,1,0,bx,b100101101001011010010110100101,0,b1101,0,b100101101001011010010110100101,b1111,b110100101101,b100101101001011010010110100101,b11110,0,b0,b0,1,b0,0,b1111,0,0,1,b0,b1101,1,b110100101101,0,0,0,b1000001,1,1,b100101101001011010010110100101,b1011000
4110000,0,1,b1111,0,0,b110100101101,0,1,1,1,b11010010110100101101001011010,0,0,0,1,0,1,0,bx,b100101101001011010010110100101,0,b1101,0,b100101101001011010010110100101,b1111,b110100101101,b100101101001011010010110100101,b11110,0,b0,b0,1,b0,0,b1111,0,0,1,b0,b1101,1,b110100101101,0,0,0,b1000010,1,1,b100101101001011010010110100101,b1011000
4120000,0,1,b1111,0,0,b110100101101,0,1,1,0,b11010010110100101101001011010,0,0,0,1,0,1,0,bx,b100101101001011010010110100101,0,b1101,0,b100101101001011010010110100101,b1111,b110100101101,b100101101001011010010110100101,b11110,0,b0,b0,1,b0,0,b1111,0,0,1,b0,b1101,1,b110100101101,0,0,0,b1000010,1,1,b100101101001011010010110100101,b1011000
4130000,0,1,b1111,0,0,b110100101101,0,1,1,1,b11010010110100101101001011010,0,0,0,1,0,1,0,bx,b100101101001011010010110100101,0,b1101,0,b100101101001011010010110100101,b1111,b110100101101,b100101101001011010010110100101,b11110,0,b0,b0,1,b0,0,b1111,0,0,1,b0,b1101,1,b110100101101,0,0,0,b1000011,1,1,b100101101001011010010110100101,b1011000
4140000,0,1,b1111,0,0,b110100101101,0,1,1,0,b11010010110100101101001011010,0,0,0,1,1,1,0,bx,b100101101001011010010110100101,0,b1101,0,b100101101001011010010110100101,b1111,b110100101101,b100101101001011010010110100101,b11110,0,b0,b0,1,b0,0,b1111,0,0,1,b0,b1101,1,b110100101101,0,0,0,b1000011,1,1,b100101101001011010010110100101,b1011000
4150000,0,1,b1111,0,0,b1101001011010,0,1,1,1,b11010010110100101101001011010,0,0,0,1,1,1,0,bx,b100101101001011010010110100101,0,b1101,0,b100101101001011010010110100101,b1111,b1101001011010,b100101101001011010010110100101,b11110,0,b0,b0,1,b0,0,b1111,0,0,1,b0,b1110,1,b1101001011010,0,1,0,b1000100,1,1,b100101101001011010010110100101,b1011000
4160000,0,1,b1111,0,0,b1101001011010,0,1,1,0,b11010010110100101101001011010,0,0,0,1,1,1,0,bx,b100101101001011010010110100101,0,b1101,0,b100101101001011010010110100101,b1111,b1101001011010,b100101101001011010010110100101,b11110,0,b0,b0,1,b0,0,b1111,0,0,1,b0,b1110,1,b1101001011010,0,1,0,b1000100,1,1,b100101101001011010010110100101,b1011000
4170000,0,1,b1111,0,0,b1101001011010,0,1,1,1,b11010010110100101101001011010,0,0,0,1,1,1,0,bx,b100101101001011010010110100101,0,b1101,0,b100101101001011010010110100101,b1111,b1101001011010,b100101101001011010010110100101,b11110,0,b0,b0,1,b0,0,b1111,0,0,1,b0,b1110,1,b1101001011010,0,1,0,b1000101,1,1,b100101101001011010010110100101,b1011000
4180000,0,1,b1111,0,0,b1101001011010,0,1,1,0,b11010010110100101101001011010,0,0,0,1,1,1,0,bx,b100101101001011010010110100101,0,b1101,0,b100101101001011010010110100101,b1111,b1101001011010,b100101101001011010010110100101,b11110,0,b0,b0,1,b0,0,b1111,0,0,1,b0,b1110,1,b1101001011010,0,1,0,b1000101,1,1,b100101101001011010010110100101,b1011000
4190000,0,1,b1111,0,0,b1101001011010,0,1,1,1,b11010010110100101101001011010,0,0,0,1,0,1,0,bx,b100101101001011010010110100101,0,b1110,0,b100101101001011010010110100101,b1111,b1101001011010,b100101101001011010010110100101,b11110,0,b0,b0,1,b0,0,b1111,0,0,1,b0,b1110,1,b1101001011010,0,0,0,b1000110,1,1,b100101101001011010010110100101,b1011000
4200000,0,1,b1111,0,0,b1101001011010,0,1,1,0,b11010010110100101101001011010,0,0,0,1,0,1,0,bx,b100101101001011010010110100101,0,b1110,0,b100101101001011010010110100101,b1111,b1101001011010,b100101101001011010010110100101,b11110,0,b0,b0,1,b0,0,b1111,0,0,1,b0,b1110,1,b1101001011010,0,0,0,b1000110,1,1,b100101101001011010010110100101,b1011000
4210000,0,1,b1111,0,0,b1101001011010,0,1,1,1,b11010010110100101101001011010,0,0,0,1,0,1,0,bx,b100101101001011010010110100101,0,b1110,0,b100101101001011010010110100101,b1111,b1101001011010,b100101101001011010010110100101,b11110,0,b0,b0,1,b0,0,b1111,0,0,1,b0,b1110,1,b1101001011010,0,0,0,b1000111,1,1,b100101101001011010010110100101,b1011000
4220000,0,1,b1111,0,0,b1101001011010,0,1,1,0,b11010010110100101101001011010,0,0,0,1,0,1,0,bx,b100101101001011010010110100101,0,b1110,0,b100101101001011010010110100101,b1111,b1101001011010,b100101101001011010010110100101,b11110,0,b0,b0,1,b0,0,b1111,0,0,1,b0,b1110,1,b1101001011010,0,0,0,b1000111,1,1,b100101101001011010010110100101,b1011000
4230000,0,1,b1111,0,0,b1101001011010,0,1,1,1,b11010010110100101101001011010,0,0,0,1,0,1,0,bx,b100101101001011010010110100101,0,b1110,0,b100101101001011010010110100101,b1111,b1101001011010,b100101101001011010010110100101,b11110,0,b0,b0,1,b0,0,b1111,0,0,1,b0,b1110,1,b1101001011010,0,0,0,b1001000,1,1,b100101101001011010010110100101,b1011000
4240000,0,1,b1111,0,0,b1101001011010,0,1,1,0,b11010010110100101101001011010,0,0,0,1,1,1,0,bx,b100101101001011010010110100101,0,b1110,0,b100101101001011010010110100101,b1111,b1101001011010,b100101101001011010010110100101,b11110,0,b0,b0,1,b0,0,b1111,0,0,1,b0,b1110,1,b1101001011010,0,0,0,b1001000,1,1,b100101101001011010010110100101,b1011000
4250000,0,1,b1111,0,0,b11010010110100,0,1,1,1,b11010010110100101101001011010,0,0,0,1,1,1,0,bx,b100101101001011010010110100101,0,b1110,0,b100101101001011010010110100101,b1111,b11010010110100,b100101101001011010010110100101,b11110,0,b0,b0,1,b0,0,b1111,0,0,1,b0,b1111,1,b11010010110100,0,1,0,b1001001,1,1,b100101101001011010010110100101,b1011000
4260000,0,1,b1111,0,0,b11010010110100,0,1,1,0,b11010010110100101101001011010,0,0,0,1,1,1,0,bx,b100101101001011010010110100101,0,b1110,0,b100101101001011010010110100101,b1111,b11010010110100,b100101101001011010010110100101,b11110,0,b0,b0,1,b0,0,b1111,0,0,1,b0,b1111,1,b11010010110100,0,1,0,b1001001,1,1,b100101101001011010010110100101,b1011000
4270000,0,1,b1111,0,0,b11010010110100,0,1,1,1,b11010010110100101101001011010,0,0,0,1,1,1,0,bx,b100101101001011010010110100101,0,b1110,0,b100101101001011010010110100101,b1111,b11010010110100,b100101101001011010010110100101,b11110,0,b0,b0,1,b0,0,b1111,0,0,1,b0,b1111,1,b11010010110100,0,1,0,b1001010,1,1,b100101101001011010010110100101,b1011000
4280000,0,1,b1111,0,0,b11010010110100,0,1,1,0,b11010010110100101101001011010,0,0,0,1,1,1,0,bx,b100101101001011010010110100101,0,b1110,0,b100101101001011010010110100101,b1111,b11010010110100,b100101101001011010010110100101,b11110,0,b0,b0,1,b0,0,b1111,0,0,1,b0,b1111,1,b11010010110100,0,1,0,b1001010,1,1,b100101101001011010010110100101,b1011000
4290000,0,1,b1111,0,0,b11010010110100,0,1,1,1,b11010010110100101101001011010,0,0,1,1,0,1,0,bx,b100101101001011010010110100101,0,b1111,0,b100101101001011010010110100101,b1111,b11010010110100,b100101101001011010010110100101,b11110,0,b0,b0,1,b0,0,b1111,0,0,1,b0,b1111,1,b11010010110100,0,0,0,b1001011,1,1,b100101101001011010010110100101,b1011000
4300000,0,1,b1111,0,0,b11010010110100,0,1,1,0,b11010010110100101101001011010,0,0,1,1,0,1,0,bx,b100101101001011010010110100101,0,b1111,0,b100101101001011010010110100101,b1111,b11010010110100,b100101101001011010010110100101,b11110,0,b0,b0,1,b0,0,b1111,0,0,1,b0,b1111,1,b11010010110100,0,0,0,b1001011,1,1,b100101101001011010010110100101,b1011000
4310000,0,1,b1111,0,0,b11010010110100,0,1,1,1,b11010010110100101101001011010,0,0,1,1,0,1,0,bx,b100101101001011010010110100101,0,b1111,0,b100101101001011010010110100101,b1111,b11010010110100,b100101101001011010010110100101,b11110,0,b0,b0,1,b0,0,b1111,0,0,1,b0,b1111,1,b11010010110100,0,0,0,b1001100,1,1,b100101101001011010010110100101,b1011000
4320000,0,1,b1111,0,0,b11010010110100,0,1,1,0,b11010010110100101101001011010,0,0,1,1,0,1,0,bx,b100101101001011010010110100101,0,b1111,0,b100101101001011010010110100101,b1111,b11010010110100,b100101101001011010010110100101,b11110,0,b0,b0,1,b0,0,b1111,0,0,1,b0,b1111,1,b11010010110100,0,0,0,b1001100,1,1,b100101101001011010010110100101,b1011000
4330000,0,1,b1111,0,0,b11010010110100,0,1,1,1,b11010010110100101101001011010,0,0,1,1,0,1,0,bx,b100101101001011010010110100101,0,b1111,0,b100101101001011010010110100101,b1111,b11010010110100,b100101101001011010010110100101,b11110,0,b0,b0,1,b0,0,b1111,0,0,1,b0,b1111,1,b11010010110100,0,0,0,b1001101,1,1,b100101101001011010010110100101,b1011000
4340000,0,1,b1111,0,0,b11010010110100,0,1,1,0,b11010010110100101101001011010,0,0,1,1,1,1,0,bx,b100101101001011010010110100101,0,b1111,0,b100101101001011010010110100101,b1111,b11010010110100,b100101101001011010010110100101,b11110,0,b0,b0,1,b0,0,b1111,0,0,1,b0,b1111,1,b11010010110100,0,0,0,b1001101,1,1,b100101101001011010010110100101,b1011000
4350000,0,1,b1111,0,0,b110100101101001,0,1,1,1,b11010010110100101101001011010,0,0,1,1,1,1,0,bx,b100101101001011010010110100101,0,b1111,0,b100101101001011010010110100101,b1111,b110100101101001,b100101101001011010010110100101,b11110,0,b0,b0,1,b0,0,b1111,0,0,1,b0,b10000,1,b110100101101001,0,1,0,b1001110,1,1,b100101101001011010010110100101,b1011000
4360000,0,1,b1111,0,0,b110100101101001,0,1,1,0,b11010010110100101101001011010,0,0,1,1,1,1,0,bx,b100101101001011010010110100101,0,b1111,0,b100101101001011010010110100101,b1111,b110100101101001,b100101101001011010010110100101,b11110,0,b0,b0,1,b0,0,b1111,0,0,1,b0,b10000,1,b110100101101001,0,1,0,b1001110,1,1,b100101101001011010010110100101,b1011000
4370000,0,1,b1111,0,0,b110100101101001,0,1,1,1,b11010010110100101101001011010,0,0,1,1,1,1,0,bx,b100101101001011010010110100101,0,b1111,0,b100101101001011010010110100101,b1111,b110100101101001,b100101101001011010010110100101,b11110,0,b0,b0,1,b0,0,b1111,0,0,1,b0,b10000,1,b110100101101001,0,1,0,b1001111,1,1,b100101101001011010010110100101,b1011000
4380000,0,1,b1111,0,0,b110100101101001,0,1,1,0,b11010010110100101101001011010,0,0,1,1,1,1,0,bx,b100101101001011010010110100101,0,b1111,0,b100101101001011010010110100101,b1111,b110100101101001,b100101101001011010010110100101,b11110,0,b0,b0,1,b0,0,b1111,0,0,1,b0,b10000,1,b110100101101001,0,1,0,b1001111,1,1,b100101101001011010010110100101,b1011000
4390000,0,1,b1111,0,0,b110100101101001,0,1,1,1,b11010010110100101101001011010,0,0,0,1,0,1,0,bx,b100101101001011010010110100101,0,b10000,0,b100101101001011010010110100101,b1111,b110100101101001,b100101101001011010010110100101,b11110,0,b0,b0,1,b0,0,b1111,0,0,1,b0,b10000,1,b110100101101001,0,0,0,b1010000,1,1,b100101101001011010010110100101,b1011000
4400000,0,1,b1111,0,0,b110100101101001,0,1,1,0,b11010010110100101101001011010,0,0,0,1,0,1,0,bx,b100101101001011010010110100101,0,b10000,0,b100101101001011010010110100101,b1111,b110100101101001,b100101101001011010010110100101,b11110,0,b0,b0,1,b0,0,b1111,0,0,1,b0,b10000,1,b110100101101001,0,0,0,b1010000,1,1,b100101101001011010010110100101,b1011000
4410000,0,1,b1111,0,0,b110100101101001,0,1,1,1,b11010010110100101101001011010,0,0,0,1,0,1,0,bx,b100101101001011010010110100101,0,b10000,0,b100101101001011010010110100101,b1111,b110100101101001,b100101101001011010010110100101,b11110,0,b0,b0,1,b0,0,b1111,0,0,1,b0,b10000,1,b110100101101001,0,0,0,b1010001,1,1,b100101101001011010010110100101,b1011000
4420000,0,1,b1111,0,0,b110100101101001,0,1,1,0,b11010010110100101101001011010,0,0,0,1,0,1,0,bx,b100101101001011010010110100101,0,b10000,0,b100101101001011010010110100101,b1111,b110100101101001,b100101101001011010010110100101,b11110,0,b0,b0,1,b0,0,b1111,0,0,1,b0,b10000,1,b110100101101001,0,0,0,b1010001,1,1,b100101101001011010010110100101,b1011000
4430000,0,1,b1111,0,0,b110100101101001,0,1,1,1,b11010010110100101101001011010,0,0,0,1,0,1,0,bx,b100101101001011010010110100101,0,b10000,0,b100101101001011010010110100101,b1111,b110100101101001,b100101101001011010010110100101,b11110,0,b0,b0,1,b0,0,b1111,0,0,1,b0,b10000,1,b110100101101001,0,0,0,b1010010,1,1,b100101101001011010010110100101,b1011000
4440000,0,1,b1111,0,0,b110100101101001,0,1,1,0,b11010010110100101101001011010,0,0,0,1,1,1,0,bx,b100101101001011010010110100101,0,b10000,0,b100101101001011010010110100101,b1111,b110100101101001,b100101101001011010010110100101,b11110,0,b0,b0,1,b0,0,b1111,0,0,1,b0,b10000,1,b110100101101001,0,0,0,b1010010,1,1,b100101101001011010010110100101,b1011000
4450000,0,1,b1111,0,0,b1101001011010010,0,1,1,1,b11010010110100101101001011010,0,0,0,1,1,1,0,bx,b100101101001011010010110100101,0,b10000,0,b100101101001011010010110100101,b1111,b1101001011010010,b100101101001011010010110100101,b11110,0,b0,b0,1,b0,0,b1111,0,0,1,b0,b10001,1,b1101001011010010,0,1,0,b1010011,1,1,b100101101001011010010110100101,b1011000
4460000,0,1,b1111,0,0,b1101001011010010,0,1,1,0,b11010010110100101101001011010,0,0,0,1,1,1,0,bx,b100101101001011010010110100101,0,b10000,0,b100101101001011010010110100101,b1111,b1101001011010010,b100101101001011010010110100101,b11110,0,b0,b0,1,b0,0,b1111,0,0,1,b0,b10001,1,b1101001011010010,0,1,0,b1010011,1,1,b100101101001011010010110100101,b1011000
4470000,0,1,b1111,0,0,b1101001011010010,0,1,1,1,b11010010110100101101001011010,0,0,0,1,1,1,0,bx,b100101101001011010010110100101,0,b10000,0,b100101101001011010010110100101,b1111,b1101001011010010,b100101101001011010010110100101,b11110,0,b0,b0,1,b0,0,b1111,0,0,1,b0,b10001,1,b1101001011010010,0,1,0,b1010100,1,1,b100101101001011010010110100101,b1011000
4480000,0,1,b1111,0,0,b1101001011010010,0,1,1,0,b11010010110100101101001011010,0,0,0,1,1,1,0,bx,b100101101001011010010110100101,0,b10000,0,b100101101001011010010110100101,b1111,b1101001011010010,b100101101001011010010110100101,b11110,0,b0,b0,1,b0,0,b1111,0,0,1,b0,b10001,1,b1101001011010010,0,1,0,b1010100,1,1,b100101101001011010010110100101,b1011000
4490000,0,1,b1111,0,0,b1101001011010010,0,1,1,1,b11010010110100101101001011010,0,0,1,1,0,1,0,bx,b100101101001011010010110100101,0,b10001,0,b100101101001011010010110100101,b1111,b1101001011010010,b100101101001011010010110100101,b11110,0,b0,b0,1,b0,0,b1111,0,0,1,b0,b10001,1,b1101001011010010,0,0,0,b1010101,1,1,b100101101001011010010110100101,b1011000
4500000,0,1,b1111,0,0,b1101001011010010,0,1,1,0,b11010010110100101101001011010,0,0,1,1,0,1,0,bx,b100101101001011010010110100101,0,b10001,0,b100101101001011010010110100101,b1111,b1101001011010010,b100101101001011010010110100101,b11110,0,b0,b0,1,b0,0,b1111,0,0,1,b0,b10001,1,b1101001011010010,0,0,0,b1010101,1,1,b100101101001011010010110100101,b1011000
4510000,0,1,b1111,0,0,b1101001011010010,0,1,1,1,b11010010110100101101001011010,0,0,1,1,0,1,0,bx,b100101101001011010010110100101,0,b10001,0,b100101101001011010010110100101,b1111,b1101001011010010,b100101101001011010010110100101,b11110,0,b0,b0,1,b0,0,b1111,0,0,1,b0,b10001,1,b1101001011010010,0,0,0,b1010110,1,1,b100101101001011010010110100101,b1011000
4520000,0,1,b1111,0,0,b1101001011010010,0,1,1,0,b11010010110100101101001011010,0,0,1,1,0,1,0,bx,b100101101001011010010110100101,0,b10001,0,b100101101001011010010110100101,b1111,b1101001011010010,b100101101001011010010110100101,b11110,0,b0,b0,1,b0,0,b1111,0,0,1,b0,b10001,1,b1101001011010010,0,0,0,b1010110,1,1,b100101101001011010010110100101,b1011000
4530000,0,1,b1111,0,0,b1101001011010010,0,1,1,1,b11010010110100101101001011010,0,0,1,1,0,1,0,bx,b100101101001011010010110100101,0,b10001,0,b100101101001011010010110100101,b1111,b1101001011010010,b100101101001011010010110100101,b11110,0,b0,b0,1,b0,0,b1111,0,0,1,b0,b10001,1,b1101001011010010,0,0,0,b1010111,1,1,b100101101001011010010110100101,b1011000
4540000,0,1,b1111,0,0,b1101001011010010,0,1,1,0,b11010010110100101101001011010,0,0,1,1,1,1,0,bx,b100101101001011010010110100101,0,b10001,0,b100101101001011010010110100101,b1111,b1101001011010010,b100101101001011010010110100101,b11110,0,b0,b0,1,b0,0,b1111,0,0,1,b0,b10001,1,b1101001011010010,0,0,0,b1010111,1,1,b100101101001011010010110100101,b1011000
4550000,0,1,b1111,0,0,b11010010110100101,0,1,1,1,b11010010110100101101001011010,0,0,1,1,1,1,0,bx,b100101101001011010010110100101,0,b10001,0,b100101101001011010010110100101,b1111,b11010010110100101,b100101101001011010010110100101,b11110,0,b0,b0,1,b0,0,b1111,0,0,1,b0,b10010,1,b11010010110100101,0,1,0,b1011000,1,1,b100101101001011010010110100101,b1011000
4560000,0,1,b1111,0,0,b11010010110100101,0,1,1,0,b11010010110100101101001011010,0,0,1,1,1,1,0,bx,b100101101001011010010110100101,0,b10001,0,b100101101001011010010110100101,b1111,b11010010110100101,b100101101001011010010110100101,b11110,0,b0,b0,1,b0,0,b1111,0,0,1,b0,b10010,1,b11010010110100101,0,1,0,b1011000,1,1,b100101101001011010010110100101,b1011000
4570000,0,1,b1111,0,0,b11010010110100101,0,1,1,1,b11010010110100101101001011010,0,0,1,1,1,1,0,bx,b100101101001011010010110100101,0,b10001,0,b100101101001011010010110100101,b1111,b11010010110100101,b100101101001011010010110100101,b11110,0,b0,b0,1,b0,0,b1111,0,0,1,b0,b10010,1,b11010010110100101,0,1,0,b1011001,1,1,b100101101001011010010110100101,b1011000
4580000,0,1,b1111,0,0,b11010010110100101,0,1,1,0,b11010010110100101101001011010,0,0,1,1,1,1,0,bx,b100101101001011010010110100101,0,b10001,0,b100101101001011010010110100101,b1111,b11010010110100101,b100101101001011010010110100101,b11110,0,b0,b0,1,b0,0,b1111,0,0,1,b0,b10010,1,b11010010110100101,0,1,0,b1011001,1,1,b100101101001011010010110100101,b1011000
4590000,0,1,b1111,0,0,b11010010110100101,0,1,1,1,b11010010110100101101001011010,0,0,1,1,0,1,0,bx,b100101101001011010010110100101,0,b10010,0,b100101101001011010010110100101,b1111,b11010010110100101,b100101101001011010010110100101,b11110,0,b0,b0,1,b0,0,b1111,0,0,1,b0,b10010,1,b11010010110100101,0,0,0,b1011010,1,1,b100101101001011010010110100101,b1011000
4600000,0,1,b1111,0,0,b11010010110100101,0,1,1,0,b11010010110100101101001011010,0,0,1,1,0,1,0,bx,b100101101001011010010110100101,0,b10010,0,b100101101001011010010110100101,b1111,b11010010110100101,b100101101001011010010110100101,b11110,0,b0,b0,1,b0,0,b1111,0,0,1,b0,b10010,1,b11010010110100101,0,0,0,b1011010,1,1,b100101101001011010010110100101,b1011000
4610000,0,1,b1111,0,0,b11010010110100101,0,1,1,1,b11010010110100101101001011010,0,0,1,1,0,1,0,bx,b100101101001011010010110100101,0,b10010,0,b100101101001011010010110100101,b1111,b11010010110100101,b100101101001011010010110100101,b11110,0,b0,b0,1,b0,0,b1111,0,0,1,b0,b10010,1,b11010010110100101,0,0,0,b1011011,1,1,b100101101001011010010110100101,b1011000
4620000,0,1,b1111,0,0,b11010010110100101,0,1,1,0,b11010010110100101101001011010,0,0,1,1,0,1,0,bx,b100101101001011010010110100101,0,b10010,0,b100101101001011010010110100101,b1111,b11010010110100101,b100101101001011010010110100101,b11110,0,b0,b0,1,b0,0,b1111,0,0,1,b0,b10010,1,b11010010110100101,0,0,0,b1011011,1,1,b100101101001011010010110100101,b1011000
4630000,0,1,b1111,0,0,b11010010110100101,0,1,1,1,b11010010110100101101001011010,0,0,1,1,0,1,0,bx,b100101101001011010010110100101,0,b10010,0,b100101101001011010010110100101,b1111,b11010010110100101,b100101101001011010010110100101,b11110,0,b0,b0,1,b0,0,b1111,0,0,1,b0,b10010,1,b11010010110100101,0,0,0,b1011100,1,1,b100101101001011010010110100101,b1011000
4640000,0,1,b1111,0,0,b11010010110100101,0,1,1,0,b11010010110100101101001011010,0,0,1,1,1,1,0,bx,b100101101001011010010110100101,0,b10010,0,b100101101001011010010110100101,b1111,b11010010110100101,b100101101001011010010110100101,b11110,0,b0,b0,1,b0,0,b1111,0,0,1,b0,b10010,1,b11010010110100101,0,0,0,b1011100,1,1,b100101101001011010010110100101,b1011000
4650000,0,1,b1111,0,0,b110100101101001011,0,1,1,1,b11010010110100101101001011010,0,0,1,1,1,1,0,bx,b100101101001011010010110100101,0,b10010,0,b100101101001011010010110100101,b1111,b110100101101001011,b100101101001011010010110100101,b11110,0,b0,b0,1,b0,0,b1111,0,0,1,b0,b10011,1,b110100101101001011,0,1,0,b1011101,1,1,b100101101001011010010110100101,b1011000
4660000,0,1,b1111,0,0,b110100101101001011,0,1,1,0,b11010010110100101101001011010,0,0,1,1,1,1,0,bx,b100101101001011010010110100101,0,b10010,0,b100101101001011010010110100101,b1111,b110100101101001011,b100101101001011010010110100101,b11110,0,b0,b0,1,b0,0,b1111,0,0,1,b0,b10011,1,b110100101101001011,0,1,0,b1011101,1,1,b100101101001011010010110100101,b1011000
4670000,0,1,b1111,0,0,b110100101101001011,0,1,1,1,b11010010110100101101001011010,0,0,1,1,1,1,0,bx,b100101101001011010010110100101,0,b10010,0,b100101101001011010010110100101,b1111,b110100101101001011,b100101101001011010010110100101,b11110,0,b0,b0,1,b0,0,b1111,0,0,1,b0,b10011,1,b110100101101001011,0,1,0,b1011110,1,1,b100101101001011010010110100101,b1011000
4680000,0,1,b1111,0,0,b110100101101001011,0,1,1,0,b11010010110100101101001011010,0,0,1,1,1,1,0,bx,b100101101001011010010110100101,0,b10010,0,b100101101001011010010110100101,b1111,b110100101101001011,b100101101001011010010110100101,b11110,0,b0,b0,1,b0,0,b1111,0,0,1,b0,b10011,1,b110100101101001011,0,1,0,b1011110,1,1,b100101101001011010010110100101,b1011000
4690000,0,1,b1111,0,0,b110100101101001011,0,1,1,1,b11010010110100101101001011010,0,0,0,1,0,1,0,bx,b100101101001011010010110100101,0,b10011,0,b100101101001011010010110100101,b1111,b110100101101001011,b100101101001011010010110100101,b11110,0,b0,b0,1,b0,0,b1111,0,0,1,b0,b10011,1,b110100101101001011,0,0,0,b1011111,1,1,b100101101001011010010110100101,b1011000
4700000,0,1,b1111,0,0,b110100101101001011,0,1,1,0,b11010010110100101101001011010,0,0,0,1,0,1,0,bx,b100101101001011010010110100101,0,b10011,0,b100101101001011010010110100101,b1111,b110100101101001011,b100101101001011010010110100101,b11110,0,b0,b0,1,b0,0,b1111,0,0,1,b0,b10011,1,b110100101101001011,0,0,0,b1011111,1,1,b100101101001011010010110100101,b1011000
4710000,0,1,b1111,0,0,b110100101101001011,0,1,1,1,b11010010110100101101001011010,0,0,0,1,0,1,0,bx,b100101101001011010010110100101,0,b10011,0,b100101101001011010010110100101,b1111,b110100101101001011,b100101101001011010010110100101,b11110,0,b0,b0,1,b0,0,b1111,0,0,1,b0,b10011,1,b110100101101001011,0,0,0,b1100000,1,1,b100101101001011010010110100101,b1011000
4720000,0,1,b1111,0,0,b110100101101001011,0,1,1,0,b11010010110100101101001011010,0,0,0,1,0,1,0,bx,b100101101001011010010110100101,0,b10011,0,b100101101001011010010110100101,b1111,b110100101101001011,b100101101001011010010110100101,b11110,0,b0,b0,1,b0,0,b1111,0,0,1,b0,b10011,1,b110100101101001011,0,0,0,b1100000,1,1,b100101101001011010010110100101,b1011000
4730000,0,1,b1111,0,0,b110100101101001011,0,1,1,1,b11010010110100101101001011010,0,0,0,1,0,1,0,bx,b100101101001011010010110100101,0,b10011,0,b100101101001011010010110100101,b1111,b110100101101001011,b100101101001011010010110100101,b11110,0,b0,b0,1,b0,0,b1111,0,0,1,b0,b10011,1,b110100101101001011,0,0,0,b1100001,1,1,b100101101001011010010110100101,b1011000
4740000,0,1,b1111,0,0,b110100101101001011,0,1,1,0,b11010010110100101101001011010,0,0,0,1,1,1,0,bx,b100101101001011010010110100101,0,b10011,0,b100101101001011010010110100101,b1111,b110100101101001011,b100101101001011010010110100101,b11110,0,b0,b0,1,b0,0,b1111,0,0,1,b0,b10011,1,b110100101101001011,0,0,0,b1100001,1,1,b100101101001011010010110100101,b1011000
4750000,0,1,b1111,0,0,b1101001011010010110,0,1,1,1,b11010010110100101101001011010,0,0,0,1,1,1,0,bx,b100101101001011010010110100101,0,b10011,0,b100101101001011010010110100101,b1111,b1101001011010010110,b100101101001011010010110100101,b11110,0,b0,b0,1,b0,0,b1111,0,0,1,b0,b10100,1,b1101001011010010110,0,1,0,b1100010,1,1,b100101101001011010010110100101,b1011000
4760000,0,1,b1111,0,0,b1101001011010010110,0,1,1,0,b11010010110100101101001011010,0,0,0,1,1,1,0,bx,b100101101001011010010110100101,0,b10011,0,b100101101001011010010110100101,b1111,b1101001011010010110,b100101101001011010010110100101,b11110,0,b0,b0,1,b0,0,b1111,0,0,1,b0,b10100,1,b1101001011010010110,0,1,0,b1100010,1,1,b100101101001011010010110100101,b1011000
4770000,0,1,b1111,0,0,b1101001011010010110,0,1,1,1,b11010010110100101101001011010,0,0,0,1,1,1,0,bx,b100101101001011010010110100101,0,b10011,0,b100101101001011010010110100101,b1111,b1101001011010010110,b100101101001011010010110100101,b11110,0,b0,b0,1,b0,0,b1111,0,0,1,b0,b10100,1,b1101001011010010110,0,1,0,b1100011,1,1,b100101101001011010010110100101,b1011000
4780000,0,1,b1111,0,0,b1101001011010010110,0,1,1,0,b11010010110100101101001011010,0,0,0,1,1,1,0,bx,b100101101001011010010110100101,0,b10011,0,b100101101001011010010110100101,b1111,b1101001011010010110,b100101101001011010010110100101,b11110,0,b0,b0,1,b0,0,b1111,0,0,1,b0,b10100,1,b1101001011010010110,0,1,0,b1100011,1,1,b100101101001011010010110100101,b1011000
4790000,0,1,b1111,0,0,b1101001011010010110,0,1,1,1,b11010010110100101101001011010,0,0,1,1,0,1,0,bx,b100101101001011010010110100101,0,b10100,0,b100101101001011010010110100101,b1111,b1101001011010010110,b100101101001011010010110100101,b11110,0,b0,b0,1,b0,0,b1111,0,0,1,b0,b10100,1,b1101001011010010110,0,0,0,b1100100,1,1,b100101101001011010010110100101,b1011000
4800000,0,1,b1111,0,0,b1101001011010010110,0,1,1,0,b11010010110100101101001011010,0,0,1,1,0,1,0,bx,b100101101001011010010110100101,0,b10100,0,b100101101001011010010110100101,b1111,b1101001011010010110,b100101101001011010010110100101,b11110,0,b0,b0,1,b0,0,b1111,0,0,1,b0,b10100,1,b1101001011010010110,0,0,0,b1100100,1,1,b100101101001011010010110100101,b1011000
4810000,0,1,b1111,0,0,b1101001011010010110,0,1,1,1,b11010010110100101101001011010,0,0,1,1,0,1,0,bx,b100101101001011010010110100101,0,b10100,0,b100101101001011010010110100101,b1111,b1101001011010010110,b100101101001011010010110100101,b11110,0,b0,b0,1,b0,0,b1111,0,0,1,b0,b10100,1,b1101001011010010110,0,0,0,b1100101,1,1,b100101101001011010010110100101,b1011000
4820000,0,1,b1111,0,0,b1101001011010010110,0,1,1,0,b11010010110100101101001011010,0,0,1,1,0,1,0,bx,b100101101001011010010110100101,0,b10100,0,b100101101001011010010110100101,b1111,b1101001011010010110,b100101101001011010010110100101,b11110,0,b0,b0,1,b0,0,b1111,0,0,1,b0,b10100,1,b1101001011010010110,0,0,0,b1100101,1,1,b100101101001011010010110100101,b1011000
4830000,0,1,b1111,0,0,b1101001011010010110,0,1,1,1,b11010010110100101101001011010,0,0,1,1,0,1,0,bx,b100101101001011010010110100101,0,b10100,0,b100101101001011010010110100101,b1111,b1101001011010010110,b100101101001011010010110100101,b11110,0,b0,b0,1,b0,0,b1111,0,0,1,b0,b10100,1,b1101001011010010110,0,0,0,b1100110,1,1,b100101101001011010010110100101,b1011000
4840000,0,1,b1111,0,0,b1101001011010010110,0,1,1,0,b11010010110100101101001011010,0,0,1,1,1,1,0,bx,b100101101001011010010110100101,0,b10100,0,b100101101001011010010110100101,b1111,b1101001011010010110,b100101101001011010010110100101,b11110,0,b0,b0,1,b0,0,b1111,0,0,1,b0,b10100,1,b1101001011010010110,0,0,0,b1100110,1,1,b100101101001011010010110100101,b1011000
4850000,0,1,b1111,0,0,b11010010110100101101,0,1,1,1,b11010010110100101101001011010,0,0,1,1,1,1,0,bx,b100101101001011010010110100101,0,b10100,0,b100101101001011010010110100101,b1111,b11010010110100101101,b100101101001011010010110100101,b11110,0,b0,b0,1,b0,0,b1111,0,0,1,b0,b10101,1,b11010010110100101101,0,1,0,b1100111,1,1,b100101101001011010010110100101,b1011000
4860000,0,1,b1111,0,0,b11010010110100101101,0,1,1,0,b11010010110100101101001011010,0,0,1,1,1,1,0,bx,b100101101001011010010110100101,0,b10100,0,b100101101001011010010110100101,b1111,b11010010110100101101,b100101101001011010010110100101,b11110,0,b0,b0,1,b0,0,b1111,0,0,1,b0,b10101,1,b11010010110100101101,0,1,0,b1100111,1,1,b100101101001011010010110100101,b1011000
4870000,0,1,b1111,0,0,b11010010110100101101,0,1,1,1,b11010010110100101101001011010,0,0,1,1,1,1,0,bx,b100101101001011010010110100101,0,b10100,0,b100101101001011010010110100101,b1111,b11010010110100101101,b100101101001011010010110100101,b11110,0,b0,b0,1,b0,0,b1111,0,0,1,b0,b10101,1,b11010010110100101101,0,1,0,b1101000,1,1,b100101101001011010010110100101,b1011000
4880000,0,1,b1111,0,0,b11010010110100101101,0,1,1,0,b11010010110100101101001011010,0,0,1,1,1,1,0,bx,b100101101001011010010110100101,0,b10100,0,b100101101001011010010110100101,b1111,b11010010110100101101,b100101101001011010010110100101,b11110,0,b0,b0,1,b0,0,b1111,0,0,1,b0,b10101,1,b11010010110100101101,0,1,0,b1101000,1,1,b100101101001011010010110100101,b1011000
4890000,0,1,b1111,0,0,b11010010110100101101,0,1,1,1,b11010010110100101101001011010,0,0,0,1,0,1,0,bx,b100101101001011010010110100101,0,b10101,0,b100101101001011010010110100101,b1111,b11010010110100101101,b100101101001011010010110100101,b11110,0,b0,b0,1,b0,0,b1111,0,0,1,b0,b10101,1,b11010010110100101101,0,0,0,b1101001,1,1,b100101101001011010010110100101,b1011000
4900000,0,1,b1111,0,0,b11010010110100101101,0,1,1,0,b11010010110100101101001011010,0,0,0,1,0,1,0,bx,b100101101001011010010110100101,0,b10101,0,b100101101001011010010110100101,b1111,b11010010110100101101,b100101101001011010010110100101,b11110,0,b0,b0,1,b0,0,b1111,0,0,1,b0,b10101,1,b11010010110100101101,0,0,0,b1101001,1,1,b100101101001011010010110100101,b1011000
4910000,0,1,b1111,0,0,b11010010110100101101,0,1,1,1,b11010010110100101101001011010,0,0,0,1,0,1,0,bx,b100101101001011010010110100101,0,b10101,0,b100101101001011010010110100101,b1111,b11010010110100101101,b100101101001011010010110100101,b11110,0,b0,b0,1,b0,0,b1111,0,0,1,b0,b10101,1,b11010010110100101101,0,0,0,b1101010,1,1,b100101101001011010010110100101,b1011000
4920000,0,1,b1111,0,0,b11010010110100101101,0,1,1,0,b11010010110100101101001011010,0,0,0,1,0,1,0,bx,b100101101001011010010110100101,0,b10101,0,b100101101001011010010110100101,b1111,b11010010110100101101,b100101101001011010010110100101,b11110,0,b0,b0,1,b0,0,b1111,0,0,1,b0,b10101,1,b11010010110100101101,0,0,0,b1101010,1,1,b100101101001011010010110100101,b1011000
4930000,0,1,b1111,0,0,b11010010110100101101,0,1,1,1,b11010010110100101101001011010,0,0,0,1,0,1,0,bx,b100101101001011010010110100101,0,b10101,0,b100101101001011010010110100101,b1111,b11010010110100101101,b100101101001011010010110100101,b11110,0,b0,b0,1,b0,0,b1111,0,0,1,b0,b10101,1,b11010010110100101101,0,0,0,b1101011,1,1,b100101101001011010010110100101,b1011000
4940000,0,1,b1111,0,0,b11010010110100101101,0,1,1,0,b11010010110100101101001011010,0,0,0,1,1,1,0,bx,b100101101001011010010110100101,0,b10101,0,b100101101001011010010110100101,b1111,b11010010110100101101,b100101101001011010010110100101,b11110,0,b0,b0,1,b0,0,b1111,0,0,1,b0,b10101,1,b11010010110100101101,0,0,0,b1101011,1,1,b100101101001011010010110100101,b1011000
4950000,0,1,b1111,0,0,b110100101101001011010,0,1,1,1,b11010010110100101101001011010,0,0,0,1,1,1,0,bx,b100101101001011010010110100101,0,b10101,0,b100101101001011010010110100101,b1111,b110100101101001011010,b100101101001011010010110100101,b11110,0,b0,b0,1,b0,0,b1111,0,0,1,b0,b10110,1,b110100101101001011010,0,1,0,b1101100,1,1,b100101101001011010010110100101,b1011000
4960000,0,1,b1111,0,0,b110100101101001011010,0,1,1,0,b11010010110100101101001011010,0,0,0,1,1,1,0,bx,b100101101001011010010110100101,0,b10101,0,b100101101001011010010110100101,b1111,b110100101101001011010,b100101101001011010010110100101,b11110,0,b0,b0,1,b0,0,b1111,0,0,1,b0,b10110,1,b110100101101001011010,0,1,0,b1101100,1,1,b100101101001011010010110100101,b1011000
4970000,0,1,b1111,0,0,b110100101101001011010,0,1,1,1,b11010010110100101101001011010,0,0,0,1,1,1,0,bx,b100101101001011010010110100101,0,b10101,0,b100101101001011010010110100101,b1111,b110100101101001011010,b100101101001011010010110100101,b11110,0,b0,b0,1,b0,0,b1111,0,0,1,b0,b10110,1,b110100101101001011010,0,1,0,b1101101,1,1,b100101101001011010010110100101,b1011000
4980000,0,1,b1111,0,0,b110100101101001011010,0,1,1,0,b11010010110100101101001011010,0,0,0,1,1,1,0,bx,b100101101001011010010110100101,0,b10101,0,b100101101001011010010110100101,b1111,b110100101101001011010,b100101101001011010010110100101,b11110,0,b0,b0,1,b0,0,b1111,0,0,1,b0,b10110,1,b110100101101001011010,0,1,0,b1101101,1,1,b100101101001011010010110100101,b1011000
4990000,0,1,b1111,0,0,b110100101101001011010,0,1,1,1,b11010010110100101101001011010,0,0,0,1,0,1,0,bx,b100101101001011010010110100101,0,b10110,0,b100101101001011010010110100101,b1111,b110100101101001011010,b100101101001011010010110100101,b11110,0,b0,b0,1,b0,0,b1111,0,0,1,b0,b10110,1,b110100101101001011010,0,0,0,b1101110,1,1,b100101101001011010010110100101,b1011000
5000000,0,1,b1111,0,0,b110100101101001011010,0,1,1,0,b11010010110100101101001011010,0,0,0,1,0,1,0,bx,b100101101001011010010110100101,0,b10110,0,b100101101001011010010110100101,b1111,b110100101101001011010,b100101101001011010010110100101,b11110,0,b0,b0,1,b0,0,b1111,0,0,1,b0,b10110,1,b110100101101001011010,0,0,0,b1101110,1,1,b100101101001011010010110100101,b1011000
5010000,0,1,b1111,0,0,b110100101101001011010,0,1,1,1,b11010010110100101101001011010,0,0,0,1,0,1,0,bx,b100101101001011010010110100101,0,b10110,0,b100101101001011010010110100101,b1111,b110100101101001011010,b100101101001011010010110100101,b11110,0,b0,b0,1,b0,0,b1111,0,0,1,b0,b10110,1,b110100101101001011010,0,0,0,b1101111,1,1,b100101101001011010010110100101,b1011000
5020000,0,1,b1111,0,0,b110100101101001011010,0,1,1,0,b11010010110100101101001011010,0,0,0,1,0,1,0,bx,b100101101001011010010110100101,0,b10110,0,b100101101001011010010110100101,b1111,b110100101101001011010,b100101101001011010010110100101,b11110,0,b0,b0,1,b0,0,b1111,0,0,1,b0,b10110,1,b110100101101001011010,0,0,0,b1101111,1,1,b100101101001011010010110100101,b1011000
5030000,0,1,b1111,0,0,b110100101101001011010,0,1,1,1,b11010010110100101101001011010,0,0,0,1,0,1,0,bx,b100101101001011010010110100101,0,b10110,0,b100101101001011010010110100101,b1111,b110100101101001011010,b100101101001011010010110100101,b11110,0,b0,b0,1,b0,0,b1111,0,0,1,b0,b10110,1,b110100101101001011010,0,0,0,b1110000,1,1,b100101101001011010010110100101,b1011000
5040000,0,1,b1111,0,0,b110100101101001011010,0,1,1,0,b11010010110100101101001011010,0,0,0,1,1,1,0,bx,b100101101001011010010110100101,0,b10110,0,b100101101001011010010110100101,b1111,b110100101101001011010,b100101101001011010010110100101,b11110,0,b0,b0,1,b0,0,b1111,0,0,1,b0,b10110,1,b110100101101001011010,0,0,0,b1110000,1,1,b100101101001011010010110100101,b1011000
5050000,0,1,b1111,0,0,b1101001011010010110100,0,1,1,1,b11010010110100101101001011010,0,0,0,1,1,1,0,bx,b100101101001011010010110100101,0,b10110,0,b100101101001011010010110100101,b1111,b1101001011010010110100,b100101101001011010010110100101,b11110,0,b0,b0,1,b0,0,b1111,0,0,1,b0,b10111,1,b1101001011010010110100,0,1,0,b1110001,1,1,b100101101001011010010110100101,b1011000
5060000,0,1,b1111,0,0,b1101001011010010110100,0,1,1,0,b11010010110100101101001011010,0,0,0,1,1,1,0,bx,b100101101001011010010110100101,0,b10110,0,b100101101001011010010110100101,b1111,b1101001011010010110100,b100101101001011010010110100101,b11110,0,b0,b0,1,b0,0,b1111,0,0,1,b0,b10111,1,b1101001011010010110100,0,1,0,b1110001,1,1,b100101101001011010010110100101,b1011000
5070000,0,1,b1111,0,0,b1101001011010010110100,0,1,1,1,b11010010110100101101001011010,0,0,0,1,1,1,0,bx,b100101101001011010010110100101,0,b10110,0,b100101101001011010010110100101,b1111,b1101001011010010110100,b100101101001011010010110100101,b11110,0,b0,b0,1,b0,0,b1111,0,0,1,b0,b10111,1,b1101001011010010110100,0,1,0,b1110010,1,1,b100101101001011010010110100101,b1011000
5080000,0,1,b1111,0,0,b1101001011010010110100,0,1,1,0,b11010010110100101101001011010,0,0,0,1,1,1,0,bx,b100101101001011010010110100101,0,b10110,0,b100101101001011010010110100101,b1111,b1101001011010010110100,b100101101001011010010110100101,b11110,0,b0,b0,1,b0,0,b1111,0,0,1,b0,b10111,1,b1101001011010010110100,0,1,0,b1110010,1,1,b100101101001011010010110100101,b1011000
5090000,0,1,b1111,0,0,b1101001011010010110100,0,1,1,1,b11010010110100101101001011010,0,0,1,1,0,1,0,bx,b100101101001011010010110100101,0,b10111,0,b100101101001011010010110100101,b1111,b1101001011010010110100,b100101101001011010010110100101,b11110,0,b0,b0,1,b0,0,b1111,0,0,1,b0,b10111,1,b1101001011010010110100,0,0,0,b1110011,1,1,b100101101001011010010110100101,b1011000
5100000,0,1,b1111,0,0,b1101001011010010110100,0,1,1,0,b11010010110100101101001011010,0,0,1,1,0,1,0,bx,b100101101001011010010110100101,0,b10111,0,b100101101001011010010110100101,b1111,b1101001011010010110100,b100101101001011010010110100101,b11110,0,b0,b0,1,b0,0,b1111,0,0,1,b0,b10111,1,b1101001011010010110100,0,0,0,b1110011,1,1,b100101101001011010010110100101,b1011000
5110000,0,1,b1111,0,0,b1101001011010010110100,0,1,1,1,b11010010110100101101001011010,0,0,1,1,0,1,0,bx,b100101101001011010010110100101,0,b10111,0,b100101101001011010010110100101,b1111,b1101001011010010110100,b100101101001011010010110100101,b11110,0,b0,b0,1,b0,0,b1111,0,0,1,b0,b10111,1,b1101001011010010110100,0,0,0,b1110100,1,1,b100101101001011010010110100101,b1011000
5120000,0,1,b1111,0,0,b1101001011010010110100,0,1,1,0,b11010010110100101101001011010,0,0,1,1,0,1,0,bx,b100101101001011010010110100101,0,b10111,0,b100101101001011010010110100101,b1111,b1101001011010010110100,b100101101001011010010110100101,b11110,0,b0,b0,1,b0,0,b1111,0,0,1,b0,b10111,1,b1101001011010010110100,0,0,0,b1110100,1,1,b100101101001011010010110100101,b1011000
5130000,0,1,b1111,0,0,b1101001011010010110100,0,1,1,1,b11010010110100101101001011010,0,0,1,1,0,1,0,bx,b100101101001011010010110100101,0,b10111,0,b100101101001011010010110100101,b1111,b1101001011010010110100,b100101101001011010010110100101,b11110,0,b0,b0,1,b0,0,b1111,0,0,1,b0,b10111,1,b1101001011010010110100,0,0,0,b1110101,1,1,b100101101001011010010110100101,b1011000
5140000,0,1,b1111,0,0,b1101001011010010110100,0,1,1,0,b11010010110100101101001011010,0,0,1,1,1,1,0,bx,b100101101001011010010110100101,0,b10111,0,b100101101001011010010110100101,b1111,b1101001011010010110100,b100101101001011010010110100101,b11110,0,b0,b0,1,b0,0,b1111,0,0,1,b0,b10111,1,b1101001011010010110100,0,0,0,b1110101,1,1,b100101101001011010010110100101,b1011000
5150000,0,1,b1111,0,0,b11010010110100101101001,0,1,1,1,b11010010110100101101001011010,0,0,1,1,1,1,0,bx,b100101101001011010010110100101,0,b10111,0,b100101101001011010010110100101,b1111,b11010010110100101101001,b100101101001011010010110100101,b11110,0,b0,b0,1,b0,0,b1111,0,0,1,b0,b11000,1,b11010010110100101101001,0,1,0,b1110110,1,1,b100101101001011010010110100101,b1011000
5160000,0,1,b1111,0,0,b11010010110100101101001,0,1,1,0,b11010010110100101101001011010,0,0,1,1,1,1,0,bx,b100101101001011010010110100101,0,b10111,0,b100101101001011010010110100101,b1111,b11010010110100101101001,b100101101001011010010110100101,b11110,0,b0,b0,1,b0,0,b1111,0,0,1,b0,b11000,1,b11010010110100101101001,0,1,0,b1110110,1,1,b100101101001011010010110100101,b1011000
5170000,0,1,b1111,0,0,b11010010110100101101001,0,1,1,1,b11010010110100101101001011010,0,0,1,1,1,1,0,bx,b100101101001011010010110100101,0,b10111,0,b100101101001011010010110100101,b1111,b11010010110100101101001,b100101101001011010010110100101,b11110,0,b0,b0,1,b0,0,b1111,0,0,1,b0,b11000,1,b11010010110100101101001,0,1,0,b1110111,1,1,b100101101001011010010110100101,b1011000
5180000,0,1,b1111,0,0,b11010010110100101101001,0,1,1,0,b11010010110100101101001011010,0,0,1,1,1,1,0,bx,b100101101001011010010110100101,0,b10111,0,b100101101001011010010110100101,b1111,b11010010110100101101001,b100101101001011010010110100101,b11110,0,b0,b0,1,b0,0,b1111,0,0,1,b0,b11000,1,b11010010110100101101001,0,1,0,b1110111,1,1,b100101101001011010010110100101,b1011000
5190000,0,1,b1111,0,0,b11010010110100101101001,0,1,1,1,b11010010110100101101001011010,0,0,0,1,0,1,0,bx,b100101101001011010010110100101,0,b11000,0,b100101101001011010010110100101,b1111,b11010010110100101101001,b100101101001011010010110100101,b11110,0,b0,b0,1,b0,0,b1111,0,0,1,b0,b11000,1,b11010010110100101101001,0,0,0,b1111000,1,1,b100101101001011010010110100101,b1011000
5200000,0,1,b1111,0,0,b11010010110100101101001,0,1,1,0,b11010010110100101101001011010,0,0,0,1,0,1,0,bx,b100101101001011010010110100101,0,b11000,0,b100101101001011010010110100101,b1111,b11010010110100101101001,b100101101001011010010110100101,b11110,0,b0,b0,1,b0,0,b1111,0,0,1,b0,b11000,1,b11010010110100101101001,0,0,0,b1111000,1,1,b100101101001011010010110100101,b1011000
5210000,0,1,b1111,0,0,b11010010110100101101001,0,1,1,1,b11010010110100101101001011010,0,0,0,1,0,1,0,bx,b100101101001011010010110100101,0,b11000,0,b100101101001011010010110100101,b1111,b11010010110100101101001,b100101101001011010010110100101,b11110,0,b0,b0,1,b0,0,b1111,0,0,1,b0,b11000,1,b11010010110100101101001,0,0,0,b1111001,1,1,b100101101001011010010110100101,b1011000
5220000,0,1,b1111,0,0,b11010010110100101101001,0,1,1,0,b11010010110100101101001011010,0,0,0,1,0,1,0,bx,b100101101001011010010110100101,0,b11000,0,b100101101001011010010110100101,b1111,b11010010110100101101001,b100101101001011010010110100101,b11110,0,b0,b0,1,b0,0,b1111,0,0,1,b0,b11000,1,b11010010110100101101001,0,0,0,b1111001,1,1,b100101101001011010010110100101,b1011000
5230000,0,1,b1111,0,0,b11010010110100101101001,0,1,1,1,b11010010110100101101001011010,0,0,0,1,0,1,0,bx,b100101101001011010010110100101,0,b11000,0,b100101101001011010010110100101,b1111,b11010010110100101101001,b100101101001011010010110100101,b11110,0,b0,b0,1,b0,0,b1111,0,0,1,b0,b11000,1,b11010010110100101101001,0,0,0,b1111010,1,1,b100101101001011010010110100101,b1011000
5240000,0,1,b1111,0,0,b11010010110100101101001,0,1,1,0,b11010010110100101101001011010,0,0,0,1,1,1,0,bx,b100101101001011010010110100101,0,b11000,0,b100101101001011010010110100101,b1111,b11010010110100101101001,b100101101001011010010110100101,b11110,0,b0,b0,1,b0,0,b1111,0,0,1,b0,b11000,1,b11010010110100101101001,0,0,0,b1111010,1,1,b100101101001011010010110100101,b1011000
5250000,0,1,b1111,0,0,b110100101101001011010010,0,1,1,1,b11010010110100101101001011010,0,0,0,1,1,1,0,bx,b100101101001011010010110100101,0,b11000,0,b100101101001011010010110100101,b1111,b110100101101001011010010,b100101101001011010010110100101,b11110,0,b0,b0,1,b0,0,b1111,0,0,1,b0,b11001,1,b110100101101001011010010,0,1,0,b1111011,1,1,b100101101001011010010110100101,b1011000
5260000,0,1,b1111,0,0,b110100101101001011010010,0,1,1,0,b11010010110100101101001011010,0,0,0,1,1,1,0,bx,b100101101001011010010110100101,0,b11000,0,b100101101001011010010110100101,b1111,b110100101101001011010010,b100101101001011010010110100101,b11110,0,b0,b0,1,b0,0,b1111,0,0,1,b0,b11001,1,b110100101101001011010010,0,1,0,b1111011,1,1,b100101101001011010010110100101,b1011000
5270000,0,1,b1111,0,0,b110100101101001011010010,0,1,1,1,b11010010110100101101001011010,0,0,0,1,1,1,0,bx,b100101101001011010010110100101,0,b11000,0,b100101101001011010010110100101,b1111,b110100101101001011010010,b100101101001011010010110100101,b11110,0,b0,b0,1,b0,0,b1111,0,0,1,b0,b11001,1,b110100101101001011010010,0,1,0,b1111100,1,1,b100101101001011010010110100101,b1011000
5280000,0,1,b1111,0,0,b110100101101001011010010,0,1,1,0,b11010010110100101101001011010,0,0,0,1,1,1,0,bx,b100101101001011010010110100101,0,b11000,0,b100101101001011010010110100101,b1111,b110100101101001011010010,b100101101001011010010110100101,b11110,0,b0,b0,1,b0,0,b1111,0,0,1,b0,b11001,1,b110100101101001011010010,0,1,0,b1111100,1,1,b100101101001011010010110100101,b1011000
5290000,0,1,b1111,0,0,b110100101101001011010010,0,1,1,1,b11010010110100101101001011010,0,0,1,1,0,1,0,bx,b100101101001011010010110100101,0,b11001,0,b100101101001011010010110100101,b1111,b110100101101001011010010,b100101101001011010010110100101,b11110,0,b0,b0,1,b0,0,b1111,0,0,1,b0,b11001,1,b110100101101001011010010,0,0,0,b1111101,1,1,b100101101001011010010110100101,b1011000
5300000,0,1,b1111,0,0,b110100101101001011010010,0,1,1,0,b11010010110100101101001011010,0,0,1,1,0,1,0,bx,b100101101001011010010110100101,0,b11001,0,b100101101001011010010110100101,b1111,b110100101101001011010010,b100101101001011010010110100101,b11110,0,b0,b0,1,b0,0,b1111,0,0,1,b0,b11001,1,b110100101101001011010010,0,0,0,b1111101,1,1,b100101101001011010010110100101,b1011000
5310000,0,1,b1111,0,0,b110100101101001011010010,0,1,1,1,b11010010110100101101001011010,0,0,1,1,0,1,0,bx,b100101101001011010010110100101,0,b11001,0,b100101101001011010010110100101,b1111,b110100101101001011010010,b100101101001011010010110100101,b11110,0,b0,b0,1,b0,0,b1111,0,0,1,b0,b11001,1,b110100101101001011010010,0,0,0,b1111110,1,1,b100101101001011010010110100101,b1011000
5320000,0,1,b1111,0,0,b110100101101001011010010,0,1,1,0,b11010010110100101101001011010,0,0,1,1,0,1,0,bx,b100101101001011010010110100101,0,b11001,0,b100101101001011010010110100101,b1111,b110100101101001011010010,b100101101001011010010110100101,b11110,0,b0,b0,1,b0,0,b1111,0,0,1,b0,b11001,1,b110100101101001011010010,0,0,0,b1111110,1,1,b100101101001011010010110100101,b1011000
5330000,0,1,b1111,0,0,b110100101101001011010010,0,1,1,1,b11010010110100101101001011010,0,0,1,1,0,1,0,bx,b100101101001011010010110100101,0,b11001,0,b100101101001011010010110100101,b1111,b110100101101001011010010,b100101101001011010010110100101,b11110,0,b0,b0,1,b0,0,b1111,0,0,1,b0,b11001,1,b110100101101001011010010,0,0,0,b1111111,1,1,b100101101001011010010110100101,b1011000
5340000,0,1,b1111,0,0,b110100101101001011010010,0,1,1,0,b11010010110100101101001011010,0,0,1,1,1,1,0,bx,b100101101001011010010110100101,0,b11001,0,b100101101001011010010110100101,b1111,b110100101101001011010010,b100101101001011010010110100101,b11110,0,b0,b0,1,b0,0,b1111,0,0,1,b0,b11001,1,b110100101101001011010010,0,0,0,b1111111,1,1,b100101101001011010010110100101,b1011000
5350000,0,1,b1111,0,0,b1101001011010010110100101,0,1,1,1,b11010010110100101101001011010,0,0,1,1,1,1,0,bx,b100101101001011010010110100101,0,b11001,0,b100101101001011010010110100101,b1111,b1101001011010010110100101,b100101101001011010010110100101,b11110,0,b0,b0,1,b0,0,b1111,0,0,1,b0,b11010,1,b1101001011010010110100101,0,1,0,b10000000,1,1,b100101101001011010010110100101,b1011000
5360000,0,1,b1111,0,0,b1101001011010010110100101,0,1,1,0,b11010010110100101101001011010,0,0,1,1,1,1,0,bx,b100101101001011010010110100101,0,b11001,0,b100101101001011010010110100101,b1111,b1101001011010010110100101,b100101101001011010010110100101,b11110,0,b0,b0,1,b0,0,b1111,0,0,1,b0,b11010,1,b1101001011010010110100101,0,1,0,b10000000,1,1,b100101101001011010010110100101,b1011000
5370000,0,1,b1111,0,0,b1101001011010010110100101,0,1,1,1,b11010010110100101101001011010,0,0,1,1,1,1,0,bx,b100101101001011010010110100101,0,b11001,0,b100101101001011010010110100101,b1111,b1101001011010010110100101,b100101101001011010010110100101,b11110,0,b0,b0,1,b0,0,b1111,0,0,1,b0,b11010,1,b1101001011010010110100101,0,1,0,b10000001,1,1,b100101101001011010010110100101,b1011000
5380000,0,1,b1111,0,0,b1101001011010010110100101,0,1,1,0,b11010010110100101101001011010,0,0,1,1,1,1,0,bx,b100101101001011010010110100101,0,b11001,0,b100101101001011010010110100101,b1111,b1101001011010010110100101,b100101101001011010010110100101,b11110,0,b0,b0,1,b0,0,b1111,0,0,1,b0,b11010,1,b1101001011010010110100101,0,1,0,b10000001,1,1,b100101101001011010010110100101,b1011000
5390000,0,1,b1111,0,0,b1101001011010010110100101,0,1,1,1,b11010010110100101101001011010,0,0,1,1,0,1,0,bx,b100101101001011010010110100101,0,b11010,0,b100101101001011010010110100101,b1111,b1101001011010010110100101,b100101101001011010010110100101,b11110,0,b0,b0,1,b0,0,b1111,0,0,1,b0,b11010,1,b1101001011010010110100101,0,0,0,b10000010,1,1,b100101101001011010010110100101,b1011000
5400000,0,1,b1111,0,0,b1101001011010010110100101,0,1,1,0,b11010010110100101101001011010,0,0,1,1,0,1,0,bx,b100101101001011010010110100101,0,b11010,0,b100101101001011010010110100101,b1111,b1101001011010010110100101,b100101101001011010010110100101,b11110,0,b0,b0,1,b0,0,b1111,0,0,1,b0,b11010,1,b1101001011010010110100101,0,0,0,b10000010,1,1,b100101101001011010010110100101,b1011000
5410000,0,1,b1111,0,0,b1101001011010010110100101,0,1,1,1,b11010010110100101101001011010,0,0,1,1,0,1,0,bx,b100101101001011010010110100101,0,b11010,0,b100101101001011010010110100101,b1111,b1101001011010010110100101,b100101101001011010010110100101,b11110,0,b0,b0,1,b0,0,b1111,0,0,1,b0,b11010,1,b1101001011010010110100101,0,0,0,b10000011,1,1,b100101101001011010010110100101,b1011000
5420000,0,1,b1111,0,0,b1101001011010010110100101,0,1,1,0,b11010010110100101101001011010,0,0,1,1,0,1,0,bx,b100101101001011010010110100101,0,b11010,0,b100101101001011010010110100101,b1111,b1101001011010010110100101,b100101101001011010010110100101,b11110,0,b0,b0,1,b0,0,b1111,0,0,1,b0,b11010,1,b1101001011010010110100101,0,0,0,b10000011,1,1,b100101101001011010010110100101,b1011000
5430000,0,1,b1111,0,0,b1101001011010010110100101,0,1,1,1,b11010010110100101101001011010,0,0,1,1,0,1,0,bx,b100101101001011010010110100101,0,b11010,0,b100101101001011010010110100101,b1111,b1101001011010010110100101,b100101101001011010010110100101,b11110,0,b0,b0,1,b0,0,b1111,0,0,1,b0,b11010,1,b1101001011010010110100101,0,0,0,b10000100,1,1,b100101101001011010010110100101,b1011000
5440000,0,1,b1111,0,0,b1101001011010010110100101,0,1,1,0,b11010010110100101101001011010,0,0,1,1,1,1,0,bx,b100101101001011010010110100101,0,b11010,0,b100101101001011010010110100101,b1111,b1101001011010010110100101,b100101101001011010010110100101,b11110,0,b0,b0,1,b0,0,b1111,0,0,1,b0,b11010,1,b1101001011010010110100101,0,0,0,b10000100,1,1,b100101101001011010010110100101,b1011000
5450000,0,1,b1111,0,0,b11010010110100101101001011,0,1,1,1,b11010010110100101101001011010,0,0,1,1,1,1,0,bx,b100101101001011010010110100101,0,b11010,0,b100101101001011010010110100101,b1111,b11010010110100101101001011,b100101101001011010010110100101,b11110,0,b0,b0,1,b0,0,b1111,0,0,1,b0,b11011,1,b11010010110100101101001011,0,1,0,b10000101,1,1,b100101101001011010010110100101,b1011000
5460000,0,1,b1111,0,0,b11010010110100101101001011,0,1,1,0,b11010010110100101101001011010,0,0,1,1,1,1,0,bx,b100101101001011010010110100101,0,b11010,0,b100101101001011010010110100101,b1111,b11010010110100101101001011,b100101101001011010010110100101,b11110,0,b0,b0,1,b0,0,b1111,0,0,1,b0,b11011,1,b11010010110100101101001011,0,1,0,b10000101,1,1,b100101101001011010010110100101,b1011000
5470000,0,1,b1111,0,0,b11010010110100101101001011,0,1,1,1,b11010010110100101101001011010,0,0,1,1,1,1,0,bx,b100101101001011010010110100101,0,b11010,0,b100101101001011010010110100101,b1111,b11010010110100101101001011,b100101101001011010010110100101,b11110,0,b0,b0,1,b0,0,b1111,0,0,1,b0,b11011,1,b11010010110100101101001011,0,1,0,b10000110,1,1,b100101101001011010010110100101,b1011000
5480000,0,1,b1111,0,0,b11010010110100101101001011,0,1,1,0,b11010010110100101101001011010,0,0,1,1,1,1,0,bx,b100101101001011010010110100101,0,b11010,0,b100101101001011010010110100101,b1111,b11010010110100101101001011,b100101101001011010010110100101,b11110,0,b0,b0,1,b0,0,b1111,0,0,1,b0,b11011,1,b11010010110100101101001011,0,1,0,b10000110,1,1,b100101101001011010010110100101,b1011000
5490000,0,1,b1111,0,0,b11010010110100101101001011,0,1,1,1,b11010010110100101101001011010,0,0,0,1,0,1,0,bx,b100101101001011010010110100101,0,b11011,0,b100101101001011010010110100101,b1111,b11010010110100101101001011,b100101101001011010010110100101,b11110,0,b0,b0,1,b0,0,b1111,0,0,1,b0,b11011,1,b11010010110100101101001011,0,0,0,b10000111,1,1,b100101101001011010010110100101,b1011000
5500000,0,1,b1111,0,0,b11010010110100101101001011,0,1,1,0,b11010010110100101101001011010,0,0,0,1,0,1,0,bx,b100101101001011010010110100101,0,b11011,0,b100101101001011010010110100101,b1111,b11010010110100101101001011,b100101101001011010010110100101,b11110,0,b0,b0,1,b0,0,b1111,0,0,1,b0,b11011,1,b11010010110100101101001011,0,0,0,b10000111,1,1,b100101101001011010010110100101,b1011000
5510000,0,1,b1111,0,0,b11010010110100101101001011,0,1,1,1,b11010010110100101101001011010,0,0,0,1,0,1,0,bx,b100101101001011010010110100101,0,b11011,0,b100101101001011010010110100101,b1111,b11010010110100101101001011,b100101101001011010010110100101,b11110,0,b0,b0,1,b0,0,b1111,0,0,1,b0,b11011,1,b11010010110100101101001011,0,0,0,b10001000,1,1,b100101101001011010010110100101,b1011000
5520000,0,1,b1111,0,0,b11010010110100101101001011,0,1,1,0,b11010010110100101101001011010,0,0,0,1,0,1,0,bx,b100101101001011010010110100101,0,b11011,0,b100101101001011010010110100101,b1111,b11010010110100101101001011,b100101101001011010010110100101,b11110,0,b0,b0,1,b0,0,b1111,0,0,1,b0,b11011,1,b11010010110100101101001011,0,0,0,b10001000,1,1,b100101101001011010010110100101,b1011000
5530000,0,1,b1111,0,0,b11010010110100101101001011,0,1,1,1,b11010010110100101101001011010,0,0,0,1,0,1,0,bx,b100101101001011010010110100101,0,b11011,0,b100101101001011010010110100101,b1111,b11010010110100101101001011,b100101101001011010010110100101,b11110,0,b0,b0,1,b0,0,b1111,0,0,1,b0,b11011,1,b11010010110100101101001011,0,0,0,b10001001,1,1,b100101101001011010010110100101,b1011000
5540000,0,1,b1111,0,0,b11010010110100101101001011,0,1,1,0,b11010010110100101101001011010,0,0,0,1,1,1,0,bx,b100101101001011010010110100101,0,b11011,0,b100101101001011010010110100101,b1111,b11010010110100101101001011,b100101101001011010010110100101,b11110,0,b0,b0,1,b0,0,b1111,0,0,1,b0,b11011,1,b11010010110100101101001011,0,0,0,b10001001,1,1,b100101101001011010010110100101,b1011000
5550000,0,1,b1111,0,0,b110100101101001011010010110,0,1,1,1,b11010010110100101101001011010,0,0,0,1,1,1,0,bx,b100101101001011010010110100101,0,b11011,0,b100101101001011010010110100101,b1111,b110100101101001011010010110,b100101101001011010010110100101,b11110,0,b0,b0,1,b0,0,b1111,0,0,1,b0,b11100,1,b110100101101001011010010110,0,1,0,b10001010,1,1,b100101101001011010010110100101,b1011000
5560000,0,1,b1111,0,0,b110100101101001011010010110,0,1,1,0,b11010010110100101101001011010,0,0,0,1,1,1,0,bx,b100101101001011010010110100101,0,b11011,0,b100101101001011010010110100101,b1111,b110100101101001011010010110,b100101101001011010010110100101,b11110,0,b0,b0,1,b0,0,b1111,0,0,1,b0,b11100,1,b110100101101001011010010110,0,1,0,b10001010,1,1,b100101101001011010010110100101,b1011000
5570000,0,1,b1111,0,0,b110100101101001011010010110,0,1,1,1,b11010010110100101101001011010,0,0,0,1,1,1,0,bx,b100101101001011010010110100101,0,b11011,0,b100101101001011010010110100101,b1111,b110100101101001011010010110,b100101101001011010010110100101,b11110,0,b0,b0,1,b0,0,b1111,0,0,1,b0,b11100,1,b110100101101001011010010110,0,1,0,b10001011,1,1,b100101101001011010010110100101,b1011000
5580000,0,1,b1111,0,0,b110100101101001011010010110,0,1,1,0,b11010010110100101101001011010,0,0,0,1,1,1,0,bx,b100101101001011010010110100101,0,b11011,0,b100101101001011010010110100101,b1111,b110100101101001011010010110,b100101101001011010010110100101,b11110,0,b0,b0,1,b0,0,b1111,0,0,1,b0,b11100,1,b110100101101001011010010110,0,1,0,b10001011,1,1,b100101101001011010010110100101,b1011000
5590000,0,1,b1111,0,0,b110100101101001011010010110,0,1,1,1,b11010010110100101101001011010,0,0,1,1,0,1,0,bx,b100101101001011010010110100101,0,b11100,0,b100101101001011010010110100101,b1111,b110100101101001011010010110,b100101101001011010010110100101,b11110,0,b0,b0,1,b0,0,b1111,0,0,1,b0,b11100,1,b110100101101001011010010110,0,0,0,b10001100,1,1,b100101101001011010010110100101,b1011000
5600000,0,1,b1111,0,0,b110100101101001011010010110,0,1,1,0,b11010010110100101101001011010,0,0,1,1,0,1,0,bx,b100101101001011010010110100101,0,b11100,0,b100101101001011010010110100101,b1111,b110100101101001011010010110,b100101101001011010010110100101,b11110,0,b0,b0,1,b0,0,b1111,0,0,1,b0,b11100,1,b110100101101001011010010110,0,0,0,b10001100,1,1,b100101101001011010010110100101,b1011000
5610000,0,1,b1111,0,0,b110100101101001011010010110,0,1,1,1,b11010010110100101101001011010,0,0,1,1,0,1,0,bx,b100101101001011010010110100101,0,b11100,0,b100101101001011010010110100101,b1111,b110100101101001011010010110,b100101101001011010010110100101,b11110,0,b0,b0,1,b0,0,b1111,0,0,1,b0,b11100,1,b110100101101001011010010110,0,0,0,b10001101,1,1,b100101101001011010010110100101,b1011000
5620000,0,1,b1111,0,0,b110100101101001011010010110,0,1,1,0,b11010010110100101101001011010,0,0,1,1,0,1,0,bx,b100101101001011010010110100101,0,b11100,0,b100101101001011010010110100101,b1111,b110100101101001011010010110,b100101101001011010010110100101,b11110,0,b0,b0,1,b0,0,b1111,0,0,1,b0,b11100,1,b110100101101001011010010110,0,0,0,b10001101,1,1,b100101101001011010010110100101,b1011000
5630000,0,1,b1111,0,0,b110100101101001011010010110,0,1,1,1,b11010010110100101101001011010,0,0,1,1,0,1,0,bx,b100101101001011010010110100101,0,b11100,0,b100101101001011010010110100101,b1111,b110100101101001011010010110,b100101101001011010010110100101,b11110,0,b0,b0,1,b0,0,b1111,0,0,1,b0,b11100,1,b110100101101001011010010110,0,0,0,b10001110,1,1,b100101101001011010010110100101,b1011000
5640000,0,1,b1111,0,0,b110100101101001011010010110,0,1,1,0,b11010010110100101101001011010,0,0,1,1,1,1,0,bx,b100101101001011010010110100101,0,b11100,0,b100101101001011010010110100101,b1111,b110100101101001011010010110,b100101101001011010010110100101,b11110,0,b0,b0,1,b0,0,b1111,0,0,1,b0,b11100,1,b110100101101001011010010110,0,0,0,b10001110,1,1,b100101101001011010010110100101,b1011000
5650000,0,1,b1111,0,0,b1101001011010010110100101101,0,1,1,1,b11010010110100101101001011010,0,0,1,1,1,1,0,bx,b100101101001011010010110100101,0,b11100,0,b100101101001011010010110100101,b1111,b1101001011010010110100101101,b100101101001011010010110100101,b11110,0,b0,b0,1,b0,0,b1111,0,0,1,b0,b11101,1,b1101001011010010110100101101,0,1,0,b10001111,1,1,b100101101001011010010110100101,b1011000
5660000,0,1,b1111,0,0,b1101001011010010110100101101,0,1,1,0,b11010010110100101101001011010,0,0,1,1,1,1,0,bx,b100101101001011010010110100101,0,b11100,0,b100101101001011010010110100101,b1111,b1101001011010010110100101101,b100101101001011010010110100101,b11110,0,b0,b0,1,b0,0,b1111,0,0,1,b0,b11101,1,b1101001011010010110100101101,0,1,0,b10001111,1,1,b100101101001011010010110100101,b1011000
5670000,0,1,b1111,0,0,b1101001011010010110100101101,0,1,1,1,b11010010110100101101001011010,0,0,1,1,1,1,0,bx,b100101101001011010010110100101,0,b11100,0,b100101101001011010010110100101,b1111,b1101001011010010110100101101,b100101101001011010010110100101,b11110,0,b0,b0,1,b0,0,b1111,0,0,1,b0,b11101,1,b1101001011010010110100101101,0,1,0,b10010000,1,1,b100101101001011010010110100101,b1011000
5680000,0,1,b1111,0,0,b1101001011010010110100101101,0,1,1,0,b11010010110100101101001011010,0,0,1,1,1,1,0,bx,b100101101001011010010110100101,0,b11100,0,b100101101001011010010110100101,b1111,b1101001011010010110100101101,b100101101001011010010110100101,b11110,0,b0,b0,1,b0,0,b1111,0,0,1,b0,b11101,1,b1101001011010010110100101101,0,1,0,b10010000,1,1,b100101101001011010010110100101,b1011000
5690000,0,1,b1111,0,0,b1101001011010010110100101101,0,1,1,1,b11010010110100101101001011010,0,0,0,1,0,1,0,bx,b100101101001011010010110100101,0,b11101,0,b100101101001011010010110100101,b1111,b1101001011010010110100101101,b100101101001011010010110100101,b11110,0,b0,b0,1,b0,0,b1111,0,0,1,b0,b11101,1,b1101001011010010110100101101,0,0,0,b10010001,1,1,b100101101001011010010110100101,b1011000
5700000,0,1,b1111,0,0,b1101001011010010110100101101,0,1,1,0,b11010010110100101101001011010,0,0,0,1,0,1,0,bx,b100101101001011010010110100101,0,b11101,0,b100101101001011010010110100101,b1111,b1101001011010010110100101101,b100101101001011010010110100101,b11110,0,b0,b0,1,b0,0,b1111,0,0,1,b0,b11101,1,b1101001011010010110100101101,0,0,0,b10010001,1,1,b100101101001011010010110100101,b1011000
5710000,0,1,b1111,0,0,b1101001011010010110100101101,0,1,1,1,b11010010110100101101001011010,0,0,0,1,0,1,0,bx,b100101101001011010010110100101,0,b11101,0,b100101101001011010010110100101,b1111,b1101001011010010110100101101,b100101101001011010010110100101,b11110,0,b0,b0,1,b0,0,b1111,0,0,1,b0,b11101,1,b1101001011010010110100101101,0,0,0,b10010010,1,1,b100101101001011010010110100101,b1011000
5720000,0,1,b1111,0,0,b1101001011010010110100101101,0,1,1,0,b11010010110100101101001011010,0,0,0,1,0,1,0,bx,b100101101001011010010110100101,0,b11101,0,b100101101001011010010110100101,b1111,b1101001011010010110100101101,b100101101001011010010110100101,b11110,0,b0,b0,1,b0,0,b1111,0,0,1,b0,b11101,1,b1101001011010010110100101101,0,0,0,b10010010,1,1,b100101101001011010010110100101,b1011000
5730000,0,1,b1111,0,0,b1101001011010010110100101101,0,1,1,1,b11010010110100101101001011010,0,0,0,1,0,1,0,bx,b100101101001011010010110100101,0,b11101,0,b100101101001011010010110100101,b1111,b1101001011010010110100101101,b100101101001011010010110100101,b11110,0,b0,b0,1,b0,0,b1111,0,0,1,b0,b11101,1,b1101001011010010110100101101,0,0,0,b10010011,1,1,b100101101001011010010110100101,b1011000
5740000,0,1,b1111,0,0,b1101001011010010110100101101,0,1,1,0,b11010010110100101101001011010,0,0,0,1,1,1,0,bx,b100101101001011010010110100101,0,b11101,0,b100101101001011010010110100101,b1111,b1101001011010010110100101101,b100101101001011010010110100101,b11110,0,b0,b0,1,b0,0,b1111,0,0,1,b0,b11101,1,b1101001011010010110100101101,0,0,0,b10010011,1,1,b100101101001011010010110100101,b1011000
5750000,0,1,b1111,0,0,b11010010110100101101001011010,0,1,1,1,b11010010110100101101001011010,0,0,0,1,1,1,0,bx,b100101101001011010010110100101,0,b11101,0,b100101101001011010010110100101,b1111,b11010010110100101101001011010,b100101101001011010010110100101,b11110,0,b0,b0,1,b0,0,b1111,0,0,1,b0,b11110,1,b11010010110100101101001011010,0,1,0,b10010100,1,1,b100101101001011010010110100101,b1011000
5760000,0,1,b1111,0,0,b11010010110100101101001011010,0,1,1,0,b11010010110100101101001011010,0,0,0,1,1,1,0,bx,b100101101001011010010110100101,0,b11101,0,b100101101001011010010110100101,b1111,b11010010110100101101001011010,b100101101001011010010110100101,b11110,0,b0,b0,1,b0,0,b1111,0,0,1,b0,b11110,1,b11010010110100101101001011010,0,1,0,b10010100,1,1,b100101101001011010010110100101,b1011000
5770000,0,1,b1111,0,0,b11010010110100101101001011010,0,1,1,1,b11010010110100101101001011010,0,0,0,1,1,1,0,bx,b100101101001011010010110100101,0,b11101,0,b100101101001011010010110100101,b1111,b11010010110100101101001011010,b100101101001011010010110100101,b11110,0,b0,b0,1,b0,0,b1111,0,0,1,b0,b11110,1,b11010010110100101101001011010,0,1,0,b10010101,1,1,b100101101001011010010110100101,b1011000
5780000,0,1,b1111,0,0,b11010010110100101101001011010,0,1,1,0,b11010010110100101101001011010,0,0,0,1,1,1,0,bx,b100101101001011010010110100101,0,b11101,0,b100101101001011010010110100101,b1111,b11010010110100101101001011010,b100101101001011010010110100101,b11110,0,b0,b0,1,b0,0,b1111,0,0,1,b0,b11110,1,b11010010110100101101001011010,0,1,0,b10010101,1,1,b100101101001011010010110100101,b1011000
5790000,0,1,b1111,0,0,b11010010110100101101001011010,0,1,1,1,b11010010110100101101001011010,0,0,0,1,0,1,0,bx,b100101101001011010010110100101,0,b11110,0,b100101101001011010010110100101,b1111,b11010010110100101101001011010,b100101101001011010010110100101,b11110,0,b0,b0,1,b0,0,b1111,0,0,1,b0,b11110,1,b11010010110100101101001011010,0,0,0,b10010110,1,1,b100101101001011010010110100101,b1011000
5800000,0,1,b1111,0,0,b11010010110100101101001011010,0,1,1,0,b11010010110100101101001011010,0,0,0,1,0,1,0,bx,b100101101001011010010110100101,0,b11110,0,b100101101001011010010110100101,b1111,b11010010110100101101001011010,b100101101001011010010110100101,b11110,0,b0,b0,1,b0,0,b1111,0,0,1,b0,b11110,1,b11010010110100101101001011010,0,0,0,b10010110,1,1,b100101101001011010010110100101,b1011000
5810000,0,1,b1111,0,0,b11010010110100101101001011010,0,1,1,1,b11010010110100101101001011010,0,0,0,1,0,1,0,bx,b100101101001011010010110100101,0,b11110,0,b100101101001011010010110100101,b1111,b11010010110100101101001011010,b100101101001011010010110100101,b11110,0,b0,b0,1,b0,0,b1111,0,0,1,b0,b11110,1,b11010010110100101101001011010,0,0,0,b10010111,1,1,b100101101001011010010110100101,b1011000
5820000,0,1,b1111,0,0,b11010010110100101101001011010,0,1,1,0,b11010010110100101101001011010,0,0,0,1,0,1,0,bx,b100101101001011010010110100101,0,b11110,0,b100101101001011010010110100101,b1111,b11010010110100101101001011010,b100101101001011010010110100101,b11110,0,b0,b0,1,b0,0,b1111,0,0,1,b0,b11110,1,b11010010110100101101001011010,0,0,0,b10010111,1,1,b100101101001011010010110100101,b1011000
5830000,0,1,b1111,0,0,b11010010110100101101001011010,0,1,1,1,b11010010110100101101001011010,0,0,0,1,0,1,0,bx,b100101101001011010010110100101,0,b11110,0,b100101101001011010010110100101,b1111,b11010010110100101101001011010,b100101101001011010010110100101,b11110,0,b0,b0,1,b0,0,b1111,0,0,1,b0,b11110,1,b11010010110100101101001011010,0,0,0,b10011000,1,1,b100101101001011010010110100101,b1011000
5840000,0,1,b1111,0,0,b11010010110100101101001011010,0,1,1,0,b11010010110100101101001011010,0,0,0,1,0,1,0,bx,b100101101001011010010110100101,0,b11110,0,b100101101001011010010110100101,b1111,b11010010110100101101001011010,b100101101001011010010110100101,b11110,0,b0,b0,1,b0,0,b1111,0,0,1,b0,b11110,1,b11010010110100101101001011010,0,0,0,b10011000,1,1,b100101101001011010010110100101,b1011000
5850000,0,1,b1111,0,0,b11010010110100101101001011010,0,1,1,1,b11010010110100101101001011010,0,0,0,1,0,1,0,bx,b100101101001011010010110100101,0,b11110,0,b100101101001011010010110100101,b1111,b11010010110100101101001011010,b100101101001011010010110100101,b11110,0,b0,b0,1,b0,0,b1111,0,0,1,b0,b11110,1,b11010010110100101101001011010,0,0,0,b10011001,1,1,b100101101001011010010110100101,b1011000
5860000,0,1,b1111,0,0,b11010010110100101101001011010,0,1,1,0,b11010010110100101101001011010,0,0,0,1,0,1,0,bx,b100101101001011010010110100101,0,b11110,0,b100101101001011010010110100101,b1111,b11010010110100101101001011010,b100101101001011010010110100101,b11110,0,b0,b0,1,b0,0,b1111,0,0,1,b0,b11110,1,b11010010110100101101001011010,0,0,0,b10011001,1,1,b100101101001011010010110100101,b1011000
5870000,0,1,b1111,0,0,b11010010110100101101001011010,0,1,1,1,b11010010110100101101001011010,0,0,0,1,0,1,0,bx,b100101101001011010010110100101,0,b11110,0,b100101101001011010010110100101,b1111,b11010010110100101101001011010,b100101101001011010010110100101,b11110,0,b0,b0,1,b0,0,b1111,0,0,1,b0,b11110,1,b11010010110100101101001011010,0,0,0,b10011010,1,1,b100101101001011010010110100101,b1011000
5880000,0,1,b1111,0,0,b11010010110100101101001011010,0,1,1,0,b11010010110100101101001011010,0,0,0,1,0,1,0,bx,b100101101001011010010110100101,0,b11110,0,b100101101001011010010110100101,b1111,b11010010110100101101001011010,b100101101001011010010110100101,b11110,0,b0,b0,1,b0,0,b1111,0,0,1,b0,b11110,1,b11010010110100101101001011010,0,0,0,b10011010,1,1,b100101101001011010010110100101,b1011000
5890000,0,1,b1111,0,1,b11010010110100101101001011010,0,1,0,1,b11010010110100101101001011010,0,0,0,1,0,1,1,bx,b100101101001011010010110100101,0,b11110,0,b100101101001011010010110100101,b1111,b11010010110100101101001011010,b100101101001011010010110100101,b11110,0,b0,b0,1,b0,0,b1111,0,0,1,b0,b11110,0,b11010010110100101101001011010,1,0,1,b10011011,0,1,b100101101001011010010110100101,b1011000
5900000,0,1,b1111,0,1,b11010010110100101101001011010,0,1,0,0,b11010010110100101101001011010,0,0,0,1,0,1,1,bx,b100101101001011010010110100101,0,b11110,0,b100101101001011010010110100101,b1111,b11010010110100101101001011010,b100101101001011010010110100101,b11110,0,b0,b0,1,b0,0,b1111,0,0,1,b0,b11110,0,b11010010110100101101001011010,1,0,1,b10011011,0,1,b100101101001011010010110100101,b1011000
5910000,0,1,b1111,0,0,b11010010110100101101001011010,0,1,0,1,b11010010110100101101001011010,0,0,0,1,0,1,1,bx,b100101101001011010010110100101,0,b11110,0,b100101101001011010010110100101,b1111,b11010010110100101101001011010,b100101101001011010010110100101,b11110,0,b0,b0,1,b0,0,b1111,0,0,1,b0,b11110,0,b11010010110100101101001011010,0,0,1,b0,0,1,b100101101001011010010110100101,b1011000
5920000,0,1,b1111,0,0,b11010010110100101101001011010,0,1,0,0,b11010010110100101101001011010,0,0,0,1,0,1,1,bx,b100101101001011010010110100101,0,b11110,0,b100101101001011010010110100101,b1111,b11010010110100101101001011010,b100101101001011010010110100101,b11110,0,b0,b0,1,b0,0,b1111,0,0,1,b0,b11110,0,b11010010110100101101001011010,0,0,1,b0,0,1,b100101101001011010010110100101,b1011000
5930000,0,1,b1111,0,0,b11010010110100101101001011010,0,1,0,1,b11010010110100101101001011010,0,0,0,1,0,1,1,bx,b100101101001011010010110100101,0,b11110,0,b100101101001011010010110100101,b1111,b11010010110100101101001011010,b100101101001011010010110100101,b11110,0,b0,b0,1,b0,0,b1111,0,0,1,b0,b11110,0,b11010010110100101101001011010,0,0,1,b0,0,1,b100101101001011010010110100101,b1011000
5940000,0,1,b1111,0,0,b11010010110100101101001011010,0,1,0,0,b11010010110100101101001011010,0,0,0,1,0,1,1,bx,b100101101001011010010110100101,0,b11110,0,b100101101001011010010110100101,b1111,b11010010110100101101001011010,b100101101001011010010110100101,b11110,0,b0,b0,1,b0,0,b1111,0,0,1,b0,b11110,0,b11010010110100101101001011010,0,0,1,b0,0,1,b100101101001011010010110100101,b1011000
5950000,0,1,b1111,0,0,b11010010110100101101001011010,0,1,0,1,b11010010110100101101001011010,0,0,0,1,0,1,1,bx,b100101101001011010010110100101,0,b11110,0,b100101101001011010010110100101,b1111,b11010010110100101101001011010,b100101101001011010010110100101,b11110,0,b0,b0,1,b0,0,b1111,0,0,1,b0,b11110,0,b11010010110100101101001011010,0,0,1,b0,0,1,b100101101001011010010110100101,b1011000
5960000,0,1,b1111,0,0,b11010010110100101101001011010,0,1,0,0,b11010010110100101101001011010,0,0,0,1,0,1,1,bx,b100101101001011010010110100101,0,b11110,0,b100101101001011010010110100101,b1111,b11010010110100101101001011010,b100101101001011010010110100101,b11110,0,b0,b0,1,b0,0,b1111,0,0,1,b0,b11110,0,b11010010110100101101001011010,0,0,1,b0,0,1,b100101101001011010010110100101,b1011000
5970000,0,1,b1111,0,0,b11010010110100101101001011010,0,1,0,1,b11010010110100101101001011010,0,0,0,1,0,1,1,bx,b100101101001011010010110100101,0,b11110,0,b100101101001011010010110100101,b1111,b11010010110100101101001011010,b100101101001011010010110100101,b11110,0,b0,b0,1,b0,0,b1111,0,0,1,b0,b11110,0,b11010010110100101101001011010,0,0,1,b0,0,1,b100101101001011010010110100101,b1011000
5980000,0,1,b1111,0,0,b11010010110100101101001011010,0,1,0,0,b11010010110100101101001011010,0,0,0,1,0,1,1,bx,b100101101001011010010110100101,0,b11110,0,b100101101001011010010110100101,b1111,b11010010110100101101001011010,b100101101001011010010110100101,b11110,0,b0,b0,1,b0,0,b1111,0,0,1,b0,b11110,0,b11010010110100101101001011010,0,0,1,b0,0,1,b100101101001011010010110100101,b1011000
5990000,0,1,b1111,0,0,b11010010110100101101001011010,0,1,0,1,b11010010110100101101001011010,0,0,0,1,0,1,1,bx,b100101101001011010010110100101,0,b11110,0,b100101101001011010010110100101,b1111,b11010010110100101101001011010,b100101101001011010010110100101,b11110,0,b0,b0,1,b0,0,b1111,0,0,1,b0,b11110,0,b11010010110100101101001011010,0,0,1,b0,0,1,b100101101001011010010110100101,b1011000
6000000,0,1,b1111,0,0,b11010010110100101101001011010,0,1,0,0,b11010010110100101101001011010,0,0,0,1,0,1,1,bx,b100101101001011010010110100101,0,b11110,0,b100101101001011010010110100101,b1111,b11010010110100101101001011010,b100101101001011010010110100101,b11110,0,b0,b0,1,b0,0,b1111,0,0,1,b0,b11110,0,b11010010110100101101001011010,0,0,1,b0,0,1,b100101101001011010010110100101,b1011000
6010000,0,1,b1111,0,0,b11010010110100101101001011010,0,1,0,1,b11010010110100101101001011010,0,0,0,1,0,1,1,bx,b100101101001011010010110100101,0,b11110,0,b100101101001011010010110100101,b1111,b11010010110100101101001011010,b100101101001011010010110100101,b11110,0,b0,b0,1,b0,0,b1111,0,0,1,b0,b11110,0,b11010010110100101101001011010,0,0,1,b0,0,1,b100101101001011010010110100101,b1011000
6020000,0,1,b1111,0,0,b11010010110100101101001011010,0,1,0,0,b11010010110100101101001011010,0,0,0,1,0,1,1,bx,b100101101001011010010110100101,0,b11110,0,b100101101001011010010110100101,b1111,b11010010110100101101001011010,b100101101001011010010110100101,b11110,0,b0,b0,1,b0,0,b1111,0,0,1,b0,b11110,0,b11010010110100101101001011010,0,0,1,b0,0,1,b100101101001011010010110100101,b1011000
6030000,0,1,b1111,0,0,b11010010110100101101001011010,0,1,0,1,b11010010110100101101001011010,0,0,0,1,0,1,1,bx,b100101101001011010010110100101,0,b11110,0,b100101101001011010010110100101,b1111,b11010010110100101101001011010,b100101101001011010010110100101,b11110,0,b0,b0,1,b0,0,b1111,0,0,1,b0,b11110,0,b11010010110100101101001011010,0,0,1,b0,0,1,b100101101001011010010110100101,b1011000
6040000,0,1,b1111,0,0,b11010010110100101101001011010,0,1,0,0,b11010010110100101101001011010,0,0,0,1,0,1,1,bx,b100101101001011010010110100101,0,b11110,0,b100101101001011010010110100101,b1111,b11010010110100101101001011010,b100101101001011010010110100101,b11110,0,b0,b0,1,b0,0,b1111,0,0,1,b0,b11110,0,b11010010110100101101001011010,0,0,1,b0,0,1,b100101101001011010010110100101,b1011000
6050000,0,1,b1111,0,0,b11010010110100101101001011010,0,1,0,1,b11010010110100101101001011010,0,0,0,1,0,1,1,bx,b100101101001011010010110100101,0,b11110,0,b100101101001011010010110100101,b1111,b11010010110100101101001011010,b100101101001011010010110100101,b11110,0,b0,b0,1,b0,0,b1111,0,0,1,b0,b11110,0,b11010010110100101101001011010,0,0,1,b0,0,1,b100101101001011010010110100101,b1011000
6060000,0,1,b1111,0,0,b11010010110100101101001011010,0,1,0,0,b11010010110100101101001011010,0,0,0,1,0,1,1,bx,b100101101001011010010110100101,0,b11110,0,b100101101001011010010110100101,b1111,b11010010110100101101001011010,b100101101001011010010110100101,b11110,0,b0,b0,1,b0,0,b1111,0,0,1,b0,b11110,0,b11010010110100101101001011010,0,0,1,b0,0,1,b100101101001011010010110100101,b1011000
6070000,0,1,b1111,0,0,b11010010110100101101001011010,0,1,0,1,b11010010110100101101001011010,0,0,0,1,0,1,1,bx,b100101101001011010010110100101,0,b11110,0,b100101101001011010010110100101,b1111,b11010010110100101101001011010,b100101101001011010010110100101,b11110,0,b0,b0,1,b0,0,b1111,0,0,1,b0,b11110,0,b11010010110100101101001011010,0,0,1,b0,0,1,b100101101001011010010110100101,b1011000
6080000,0,1,b1111,0,0,b11010010110100101101001011010,0,1,0,0,b11010010110100101101001011010,0,0,0,1,0,1,1,bx,b100101101001011010010110100101,0,b11110,0,b100101101001011010010110100101,b1111,b11010010110100101101001011010,b100101101001011010010110100101,b11110,0,b0,b0,1,b0,0,b1111,0,0,1,b0,b11110,0,b11010010110100101101001011010,0,0,1,b0,0,1,b100101101001011010010110100101,b1011000
6090000,0,1,b1111,0,0,b11010010110100101101001011010,0,1,0,1,b11010010110100101101001011010,0,0,0,1,0,1,1,b0,b100101101001011010010110100101,0,b11110,0,b100101101001011010010110100101,b1111,b11010010110100101101001011010,b100101101001011010010110100101,b11110,0,b0,b0,1,b0,0,b1111,0,0,1,b0,b11110,0,b11010010110100101101001011010,0,0,1,b0,0,1,b100101101001011010010110100101,b1011000
6100000,0,1,b1111,0,0,b11010010110100101101001011010,0,1,0,0,b11010010110100101101001011010,0,0,0,1,0,1,1,b0,b100101101001011010010110100101,0,b11110,0,b100101101001011010010110100101,b1111,b11010010110100101101001011010,b100101101001011010010110100101,b11110,0,b0,b0,1,b0,0,b1111,0,0,1,b0,b11110,0,b11010010110100101101001011010,0,0,1,b0,0,1,b100101101001011010010110100101,b1011000
6110000,0,1,b1111,0,0,b11010010110100101101001011010,0,1,0,1,b11010010110100101101001011010,0,0,0,1,0,1,1,b0,b100101101001011010010110100101,0,b11110,0,b100101101001011010010110100101,b1111,b11010010110100101101001011010,b100101101001011010010110100101,b11110,0,b0,b0,1,b0,0,b1111,0,0,1,b0,b11110,0,b11010010110100101101001011010,0,0,1,b0,0,1,b100101101001011010010110100101,b1011000
6120000,0,1,b1111,0,0,b11010010110100101101001011010,0,1,0,0,b11010010110100101101001011010,0,0,0,1,0,1,1,b0,b100101101001011010010110100101,0,b11110,0,b100101101001011010010110100101,b1111,b11010010110100101101001011010,b100101101001011010010110100101,b11110,0,b0,b0,1,b0,0,b1111,0,0,1,b0,b11110,0,b11010010110100101101001011010,0,0,1,b0,0,1,b100101101001011010010110100101,b1011000
6130000,0,1,b1111,0,0,b11010010110100101101001011010,0,1,0,1,b11010010110100101101001011010,0,0,0,1,0,1,1,b0,b100101101001011010010110100101,0,b11110,0,b100101101001011010010110100101,b1111,b11010010110100101101001011010,b100101101001011010010110100101,b11110,0,b0,b0,1,b0,0,b1111,0,0,1,b0,b11110,0,b11010010110100101101001011010,0,0,1,b0,0,1,b100101101001011010010110100101,b1011000
6140000,0,1,b1111,0,0,b11010010110100101101001011010,0,1,0,0,b11010010110100101101001011010,0,0,0,1,0,1,1,b0,b100101101001011010010110100101,0,b11110,0,b100101101001011010010110100101,b1111,b11010010110100101101001011010,b100101101001011010010110100101,b11110,0,b0,b0,1,b0,0,b1111,0,0,1,b0,b11110,0,b11010010110100101101001011010,0,0,1,b0,0,1,b100101101001011010010110100101,b1011000
6150000,0,1,b1111,0,0,b11010010110100101101001011010,0,1,0,1,b11010010110100101101001011010,0,0,0,1,0,1,1,b0,b100101101001011010010110100101,0,b11110,0,b100101101001011010010110100101,b1111,b11010010110100101101001011010,b100101101001011010010110100101,b11110,0,b0,b0,1,b0,0,b1111,0,0,1,b0,b11110,0,b11010010110100101101001011010,0,0,1,b0,0,1,b100101101001011010010110100101,b1011000
6160000,0,1,b1111,0,0,b11010010110100101101001011010,0,1,0,0,b11010010110100101101001011010,0,0,0,1,0,1,1,b0,b100101101001011010010110100101,0,b11110,0,b100101101001011010010110100101,b1111,b11010010110100101101001011010,b100101101001011010010110100101,b11110,0,b0,b0,1,b0,0,b1111,0,0,1,b0,b11110,0,b11010010110100101101001011010,0,0,1,b0,0,1,b100101101001011010010110100101,b1011000
6170000,0,1,b1111,0,0,b11010010110100101101001011010,0,1,0,1,b11010010110100101101001011010,0,0,0,1,0,1,1,b0,b100101101001011010010110100101,0,b11110,0,b100101101001011010010110100101,b1111,b11010010110100101101001011010,b100101101001011010010110100101,b11110,0,b0,b0,1,b0,0,b1111,0,0,1,b0,b11110,0,b11010010110100101101001011010,0,0,1,b0,0,1,b100101101001011010010110100101,b1011000
6180000,0,1,b1111,0,0,b11010010110100101101001011010,0,1,0,0,b11010010110100101101001011010,0,0,0,1,0,1,1,b0,b100101101001011010010110100101,0,b11110,0,b100101101001011010010110100101,b1111,b11010010110100101101001011010,b100101101001011010010110100101,b11110,0,b0,b0,1,b0,0,b1111,0,0,1,b0,b11110,0,b11010010110100101101001011010,0,0,1,b0,0,1,b100101101001011010010110100101,b1011000
6190000,0,1,b1111,0,0,b11010010110100101101001011010,0,1,0,1,b11010010110100101101001011010,0,0,0,1,0,1,1,b0,b100101101001011010010110100101,0,b11110,0,b100101101001011010010110100101,b1111,b11010010110100101101001011010,b100101101001011010010110100101,b11110,0,b0,b0,1,b0,0,b1111,0,0,1,b0,b11110,0,b11010010110100101101001011010,0,0,1,b0,0,1,b100101101001011010010110100101,b1011000
