Time (ns),spi_dual_tb.dut.irq,spi_dual_tb.dut.tx_ready,spi_dual_tb.ss_n,spi_dual_tb.dut.sclk,spi_dual_tb.dut.rx_valid,spi_dual_tb.rx_data,spi_dual_tb.dut.mosi,spi_dual_tb.dut.miso_out,spi_dual_tb.dut.busy,spi_dual_tb.CLOCK_DIVIDER,spi_dual_tb.DATA_WIDTH,spi_dual_tb.DEFAULT_DATA_ENABLED,spi_dual_tb.DEFAULT_DATA_VALUE,spi_dual_tb.FIFO_DEPTH,spi_dual_tb.MAX_SLAVES,spi_dual_tb.MODE,spi_dual_tb.MSB_FIRST,spi_dual_tb.NUM_SLAVES,spi_dual_tb.SLAVE_ACTIVE_LOW,spi_dual_tb.dut.clk,spi_dual_tb.dut.master_mode,spi_dual_tb.dut.miso,spi_dual_tb.dut.mosi_in,spi_dual_tb.dut.rst_n,spi_dual_tb.dut.sclk_in,spi_dual_tb.dut.ss_in,spi_dual_tb.tx_data,spi_dual_tb.dut.tx_valid,spi_dual_tb.dut.irq_clear,spi_dual_tb.dut.tx_data,spi_dual_tb.dut.ss_n,spi_dual_tb.dut.rx_data,spi_dual_tb.dut.CLOCK_DIVIDER,spi_dual_tb.dut.CPOL,spi_dual_tb.dut.DATA_WIDTH,spi_dual_tb.dut.DEFAULT_DATA_ENABLED,spi_dual_tb.dut.DEFAULT_DATA_VALUE,spi_dual_tb.dut.FIFO_DEPTH,spi_dual_tb.dut.MAX_SLAVES,spi_dual_tb.dut.MODE,spi_dual_tb.dut.MSB_FIRST,spi_dual_tb.dut.NUM_SLAVES,spi_dual_tb.dut.SAMPLE_ON_RISING,spi_dual_tb.dut.SLAVE_ACTIVE_LOW,spi_dual_tb.dut.SLAVE_TIMEOUT_CYCLES,spi_dual_tb.dut.default_data,spi_dual_tb.dut.master_bit_counter,spi_dual_tb.dut.master_busy,spi_dual_tb.dut.master_rx_data_buffer,spi_dual_tb.dut.master_rx_shift_reg,spi_dual_tb.dut.master_rx_valid_buffer,spi_dual_tb.dut.master_sclk_counter,spi_dual_tb.dut.master_sclk_en,spi_dual_tb.dut.master_ss_n_reg,spi_dual_tb.dut.master_start_rx,spi_dual_tb.dut.master_start_tx,spi_dual_tb.dut.master_tx_ready_buffer,spi_dual_tb.dut.master_tx_shift_reg,spi_dual_tb.dut.slave_bit_counter,spi_dual_tb.dut.slave_busy_buffer,spi_dual_tb.dut.slave_rx_data_buffer,spi_dual_tb.dut.slave_rx_valid_buffer,spi_dual_tb.dut.slave_sclk_last_state,spi_dual_tb.dut.slave_ss_last_state,spi_dual_tb.dut.slave_timeout_counter,spi_dual_tb.dut.slave_transaction_active,spi_dual_tb.dut.slave_tx_ready_buffer,spi_dual_tb.dut.slave_tx_shift_reg,spi_dual_tb.wait_master.MASTER_TX_TIMEOUT_CYCLES,spi_dual_tb.wait_master.timeout
0,0,1,b1111,1,0,bx,0,0,0,b10,b100000,b0,b10100101101001011010010110100101,b10000,b1000,b10,b1,b100,b1,0,1,0,0,0,1,1,b0,0,0,b0,b1111,bx,b10,b1,b100000,b0,b10100101101001011010010110100101,b10000,b1000,b10,b1,b100,b0,b1,b11001000,b10100101101001011010010110100101,b0,0,bx,b0,0,b0,0,b1111,0,0,1,b0,b0,0,b0,0,1,1,b0,0,0,bx,b1001110001000,bx
10000,0,1,b1111,1,0,bx,0,0,0,b10,b100000,b0,b10100101101001011010010110100101,b10000,b1000,b10,b1,b100,b1,1,1,0,0,0,1,1,b0,0,0,b0,b1111,bx,b10,b1,b100000,b0,b10100101101001011010010110100101,b10000,b1000,b10,b1,b100,b0,b1,b11001000,b10100101101001011010010110100101,b0,0,bx,b0,0,b0,0,b1111,0,0,1,b0,b0,0,b0,0,1,1,b0,0,0,b10100101101001011010010110100101,b1001110001000,bx
20000,0,1,b1111,1,0,bx,0,0,0,b10,b100000,b0,b10100101101001011010010110100101,b10000,b1000,b10,b1,b100,b1,0,1,0,0,0,1,1,b0,0,0,b0,b1111,bx,b10,b1,b100000,b0,b10100101101001011010010110100101,b10000,b1000,b10,b1,b100,b0,b1,b11001000,b10100101101001011010010110100101,b0,0,bx,b0,0,b0,0,b1111,0,0,1,b0,b0,0,b0,0,1,1,b0,0,0,b10100101101001011010010110100101,b1001110001000,bx
30000,0,1,b1111,1,0,bx,0,0,0,b10,b100000,b0,b10100101101001011010010110100101,b10000,b1000,b10,b1,b100,b1,1,1,0,0,0,1,1,b0,0,0,b0,b1111,bx,b10,b1,b100000,b0,b10100101101001011010010110100101,b10000,b1000,b10,b1,b100,b0,b1,b11001000,b10100101101001011010010110100101,b0,0,bx,b0,0,b0,0,b1111,0,0,1,b0,b0,0,b0,0,1,1,b0,0,0,b10100101101001011010010110100101,b1001110001000,bx
40000,0,1,b1111,1,0,bx,0,0,0,b10,b100000,b0,b10100101101001011010010110100101,b10000,b1000,b10,b1,b100,b1,0,1,0,0,0,1,1,b0,0,0,b0,b1111,bx,b10,b1,b100000,b0,b10100101101001011010010110100101,b10000,b1000,b10,b1,b100,b0,b1,b11001000,b10100101101001011010010110100101,b0,0,bx,b0,0,b0,0,b1111,0,0,1,b0,b0,0,b0,0,1,1,b0,0,0,b10100101101001011010010110100101,b1001110001000,bx
50000,0,1,b1111,1,0,bx,0,0,0,b10,b100000,b0,b10100101101001011010010110100101,b10000,b1000,b10,b1,b100,b1,1,1,0,0,0,1,1,b0,0,0,b0,b1111,bx,b10,b1,b100000,b0,b10100101101001011010010110100101,b10000,b1000,b10,b1,b100,b0,b1,b11001000,b10100101101001011010010110100101,b0,0,bx,b0,0,b0,0,b1111,0,0,1,b0,b0,0,b0,0,1,1,b0,0,0,b10100101101001011010010110100101,b1001110001000,bx
60000,0,1,b1111,1,0,bx,0,0,0,b10,b100000,b0,b10100101101001011010010110100101,b10000,b1000,b10,b1,b100,b1,0,1,0,0,0,1,1,b0,0,0,b0,b1111,bx,b10,b1,b100000,b0,b10100101101001011010010110100101,b10000,b1000,b10,b1,b100,b0,b1,b11001000,b10100101101001011010010110100101,b0,0,bx,b0,0,b0,0,b1111,0,0,1,b0,b0,0,b0,0,1,1,b0,0,0,b10100101101001011010010110100101,b1001110001000,bx
70000,0,1,b1111,1,0,bx,0,0,0,b10,b100000,b0,b10100101101001011010010110100101,b10000,b1000,b10,b1,b100,b1,1,1,0,0,0,1,1,b0,0,0,b0,b1111,bx,b10,b1,b100000,b0,b10100101101001011010010110100101,b10000,b1000,b10,b1,b100,b0,b1,b11001000,b10100101101001011010010110100101,b0,0,bx,b0,0,b0,0,b1111,0,0,1,b0,b0,0,b0,0,1,1,b0,0,0,b10100101101001011010010110100101,b1001110001000,bx
80000,0,1,b1111,1,0,bx,0,0,0,b10,b100000,b0,b10100101101001011010010110100101,b10000,b1000,b10,b1,b100,b1,0,1,0,0,0,1,1,b0,0,0,b0,b1111,bx,b10,b1,b100000,b0,b10100101101001011010010110100101,b10000,b1000,b10,b1,b100,b0,b1,b11001000,b10100101101001011010010110100101,b0,0,bx,b0,0,b0,0,b1111,0,0,1,b0,b0,0,b0,0,1,1,b0,0,0,b10100101101001011010010110100101,b1001110001000,bx
90000,0,1,b1111,1,0,bx,0,0,0,b10,b100000,b0,b10100101101001011010010110100101,b10000,b1000,b10,b1,b100,b1,1,1,0,0,0,1,1,b0,0,0,b0,b1111,bx,b10,b1,b100000,b0,b10100101101001011010010110100101,b10000,b1000,b10,b1,b100,b0,b1,b11001000,b10100101101001011010010110100101,b0,0,bx,b0,0,b0,0,b1111,0,0,1,b0,b0,0,b0,0,1,1,b0,0,0,b10100101101001011010010110100101,b1001110001000,bx
100000,0,1,b1111,1,0,bx,0,0,0,b10,b100000,b0,b10100101101001011010010110100101,b10000,b1000,b10,b1,b100,b1,0,1,0,0,1,1,1,b0,0,0,b0,b1111,bx,b10,b1,b100000,b0,b10100101101001011010010110100101,b10000,b1000,b10,b1,b100,b0,b1,b11001000,b10100101101001011010010110100101,b0,0,bx,b0,0,b0,0,b1111,0,0,1,b0,b0,0,b0,0,1,1,b0,0,0,b10100101101001011010010110100101,b1001110001000,bx
110000,0,1,b1111,1,0,bx,0,0,0,b10,b100000,b0,b10100101101001011010010110100101,b10000,b1000,b10,b1,b100,b1,1,1,0,0,1,1,1,b0,0,0,b0,b1111,bx,b10,b1,b100000,b0,b10100101101001011010010110100101,b10000,b1000,b10,b1,b100,b0,b1,b11001000,b10100101101001011010010110100101,b0,0,bx,b0,0,b0,0,b1111,0,0,1,b0,b0,0,b0,0,1,1,b0,0,0,b10100101101001011010010110100101,b1001110001000,bx
120000,0,1,b1111,1,0,bx,0,0,0,b10,b100000,b0,b10100101101001011010010110100101,b10000,b1000,b10,b1,b100,b1,0,1,0,0,1,1,1,b0,0,0,b0,b1111,bx,b10,b1,b100000,b0,b10100101101001011010010110100101,b10000,b1000,b10,b1,b100,b0,b1,b11001000,b10100101101001011010010110100101,b0,0,bx,b0,0,b0,0,b1111,0,0,1,b0,b0,0,b0,0,1,1,b0,0,0,b10100101101001011010010110100101,b1001110001000,bx
130000,0,1,b1111,1,0,bx,0,0,0,b10,b100000,b0,b10100101101001011010010110100101,b10000,b1000,b10,b1,b100,b1,1,1,0,0,1,1,1,b0,0,0,b0,b1111,bx,b10,b1,b100000,b0,b10100101101001011010010110100101,b10000,b1000,b10,b1,b100,b0,b1,b11001000,b10100101101001011010010110100101,b0,0,bx,b0,0,b0,0,b1111,0,0,1,b0,b0,0,b0,0,1,1,b0,0,0,b10100101101001011010010110100101,b1001110001000,bx
140000,0,1,b1111,1,0,bx,0,0,0,b10,b100000,b0,b10100101101001011010010110100101,b10000,b1000,b10,b1,b100,b1,0,1,0,0,1,1,1,b0,0,0,b0,b1111,bx,b10,b1,b100000,b0,b10100101101001011010010110100101,b10000,b1000,b10,b1,b100,b0,b1,b11001000,b10100101101001011010010110100101,b0,0,bx,b0,0,b0,0,b1111,0,0,1,b0,b0,0,b0,0,1,1,b0,0,0,b10100101101001011010010110100101,b1001110001000,bx
150000,0,1,b1111,1,0,bx,0,0,0,b10,b100000,b0,b10100101101001011010010110100101,b10000,b1000,b10,b1,b100,b1,1,1,0,0,1,1,1,b0,0,0,b0,b1111,bx,b10,b1,b100000,b0,b10100101101001011010010110100101,b10000,b1000,b10,b1,b100,b0,b1,b11001000,b10100101101001011010010110100101,b0,0,bx,b0,0,b0,0,b1111,0,0,1,b0,b0,0,b0,0,1,1,b0,0,0,b10100101101001011010010110100101,b1001110001000,bx
160000,0,1,b1111,1,0,bx,0,0,0,b10,b100000,b0,b10100101101001011010010110100101,b10000,b1000,b10,b1,b100,b1,0,1,0,0,1,1,1,b0,0,0,b0,b1111,bx,b10,b1,b100000,b0,b10100101101001011010010110100101,b10000,b1000,b10,b1,b100,b0,b1,b11001000,b10100101101001011010010110100101,b0,0,bx,b0,0,b0,0,b1111,0,0,1,b0,b0,0,b0,0,1,1,b0,0,0,b10100101101001011010010110100101,b1001110001000,bx
170000,0,1,b1111,1,0,bx,0,0,0,b10,b100000,b0,b10100101101001011010010110100101,b10000,b1000,b10,b1,b100,b1,1,1,0,0,1,1,1,b0,0,0,b0,b1111,bx,b10,b1,b100000,b0,b10100101101001011010010110100101,b10000,b1000,b10,b1,b100,b0,b1,b11001000,b10100101101001011010010110100101,b0,0,bx,b0,0,b0,0,b1111,0,0,1,b0,b0,0,b0,0,1,1,b0,0,0,b10100101101001011010010110100101,b1001110001000,bx
180000,0,1,b1111,1,0,bx,0,0,0,b10,b100000,b0,b10100101101001011010010110100101,b10000,b1000,b10,b1,b100,b1,0,1,0,0,1,1,1,b0,0,0,b0,b1111,bx,b10,b1,b100000,b0,b10100101101001011010010110100101,b10000,b1000,b10,b1,b100,b0,b1,b11001000,b10100101101001011010010110100101,b0,0,bx,b0,0,b0,0,b1111,0,0,1,b0,b0,0,b0,0,1,1,b0,0,0,b10100101101001011010010110100101,b1001110001000,bx
190000,0,1,b1111,1,0,bx,0,0,0,b10,b100000,b0,b10100101101001011010010110100101,b10000,b1000,b10,b1,b100,b1,1,1,0,0,1,1,1,b0,0,0,b0,b1111,bx,b10,b1,b100000,b0,b10100101101001011010010110100101,b10000,b1000,b10,b1,b100,b0,b1,b11001000,b10100101101001011010010110100101,b0,0,bx,b0,0,b0,0,b1111,0,0,1,b0,b0,0,b0,0,1,1,b0,0,0,b10100101101001011010010110100101,b1001110001000,bx
200000,0,1,b1111,1,0,bx,0,0,0,b10,b100000,b0,b10100101101001011010010110100101,b10000,b1000,b10,b1,b100,b1,0,1,0,0,1,1,1,b0,0,0,b0,b1111,bx,b10,b1,b100000,b0,b10100101101001011010010110100101,b10000,b1000,b10,b1,b100,b0,b1,b11001000,b10100101101001011010010110100101,b0,0,bx,b0,0,b0,0,b1111,0,0,1,b0,b0,0,b0,0,1,1,b0,0,0,b10100101101001011010010110100101,b1001110001000,bx
210000,0,1,b1111,1,0,bx,0,0,0,b10,b100000,b0,b10100101101001011010010110100101,b10000,b1000,b10,b1,b100,b1,1,1,0,0,1,1,1,b0,0,0,b0,b1111,bx,b10,b1,b100000,b0,b10100101101001011010010110100101,b10000,b1000,b10,b1,b100,b0,b1,b11001000,b10100101101001011010010110100101,b0,0,bx,b0,0,b0,0,b1111,0,0,1,b0,b0,0,b0,0,1,1,b0,0,0,b10100101101001011010010110100101,b1001110001000,bx
220000,0,1,b1111,1,0,bx,0,0,0,b10,b100000,b0,b10100101101001011010010110100101,b10000,b1000,b10,b1,b100,b1,0,1,0,0,1,1,1,b0,0,0,b0,b1111,bx,b10,b1,b100000,b0,b10100101101001011010010110100101,b10000,b1000,b10,b1,b100,b0,b1,b11001000,b10100101101001011010010110100101,b0,0,bx,b0,0,b0,0,b1111,0,0,1,b0,b0,0,b0,0,1,1,b0,0,0,b10100101101001011010010110100101,b1001110001000,bx
230000,0,1,b1111,1,0,bx,0,0,0,b10,b100000,b0,b10100101101001011010010110100101,b10000,b1000,b10,b1,b100,b1,1,1,0,0,1,1,1,b0,0,0,b0,b1111,bx,b10,b1,b100000,b0,b10100101101001011010010110100101,b10000,b1000,b10,b1,b100,b0,b1,b11001000,b10100101101001011010010110100101,b0,0,bx,b0,0,b0,0,b1111,0,0,1,b0,b0,0,b0,0,1,1,b0,0,0,b10100101101001011010010110100101,b1001110001000,bx
240000,0,1,b1111,1,0,bx,0,0,0,b10,b100000,b0,b10100101101001011010010110100101,b10000,b1000,b10,b1,b100,b1,0,1,0,0,1,1,1,b0,0,0,b0,b1111,bx,b10,b1,b100000,b0,b10100101101001011010010110100101,b10000,b1000,b10,b1,b100,b0,b1,b11001000,b10100101101001011010010110100101,b0,0,bx,b0,0,b0,0,b1111,0,0,1,b0,b0,0,b0,0,1,1,b0,0,0,b10100101101001011010010110100101,b1001110001000,bx
250000,0,1,b1111,1,0,bx,0,0,0,b10,b100000,b0,b10100101101001011010010110100101,b10000,b1000,b10,b1,b100,b1,1,1,0,0,1,1,1,b0,0,0,b0,b1111,bx,b10,b1,b100000,b0,b10100101101001011010010110100101,b10000,b1000,b10,b1,b100,b0,b1,b11001000,b10100101101001011010010110100101,b0,0,bx,b0,0,b0,0,b1111,0,0,1,b0,b0,0,b0,0,1,1,b0,0,0,b10100101101001011010010110100101,b1001110001000,bx
260000,0,1,b1111,1,0,bx,0,0,0,b10,b100000,b0,b10100101101001011010010110100101,b10000,b1000,b10,b1,b100,b1,0,1,0,0,1,1,1,b0,0,0,b0,b1111,bx,b10,b1,b100000,b0,b10100101101001011010010110100101,b10000,b1000,b10,b1,b100,b0,b1,b11001000,b10100101101001011010010110100101,b0,0,bx,b0,0,b0,0,b1111,0,0,1,b0,b0,0,b0,0,1,1,b0,0,0,b10100101101001011010010110100101,b1001110001000,bx
270000,0,1,b1111,1,0,bx,0,0,0,b10,b100000,b0,b10100101101001011010010110100101,b10000,b1000,b10,b1,b100,b1,1,1,0,0,1,1,1,b0,0,0,b0,b1111,bx,b10,b1,b100000,b0,b10100101101001011010010110100101,b10000,b1000,b10,b1,b100,b0,b1,b11001000,b10100101101001011010010110100101,b0,0,bx,b0,0,b0,0,b1111,0,0,1,b0,b0,0,b0,0,1,1,b0,0,0,b10100101101001011010010110100101,b1001110001000,bx
280000,0,1,b1111,1,0,bx,0,0,0,b10,b100000,b0,b10100101101001011010010110100101,b10000,b1000,b10,b1,b100,b1,0,1,0,0,1,1,1,b0,0,0,b0,b1111,bx,b10,b1,b100000,b0,b10100101101001011010010110100101,b10000,b1000,b10,b1,b100,b0,b1,b11001000,b10100101101001011010010110100101,b0,0,bx,b0,0,b0,0,b1111,0,0,1,b0,b0,0,b0,0,1,1,b0,0,0,b10100101101001011010010110100101,b1001110001000,bx
290000,0,1,b1111,1,0,bx,0,0,0,b10,b100000,b0,b10100101101001011010010110100101,b10000,b1000,b10,b1,b100,b1,1,1,0,0,1,1,1,b0,0,0,b0,b1111,bx,b10,b1,b100000,b0,b10100101101001011010010110100101,b10000,b1000,b10,b1,b100,b0,b1,b11001000,b10100101101001011010010110100101,b0,0,bx,b0,0,b0,0,b1111,0,0,1,b0,b0,0,b0,0,1,1,b0,0,0,b10100101101001011010010110100101,b1001110001000,bx
300000,0,1,b1111,1,0,bx,0,0,0,b10,b100000,b0,b10100101101001011010010110100101,b10000,b1000,b10,b1,b100,b1,0,1,0,0,1,1,1,b10100101101001011010010110100101,0,0,b10100101101001011010010110100101,b1111,bx,b10,b1,b100000,b0,b10100101101001011010010110100101,b10000,b1000,b10,b1,b100,b0,b1,b11001000,b10100101101001011010010110100101,b0,0,bx,b0,0,b0,0,b1111,0,0,1,b0,b0,0,b0,0,1,1,b0,0,0,b10100101101001011010010110100101,b1001110001000,bx
310000,0,0,b1110,1,0,bx,1,0,1,b10,b100000,b0,b10100101101001011010010110100101,b10000,b1000,b10,b1,b100,b1,1,1,0,0,1,1,1,b10100101101001011010010110100101,1,0,b10100101101001011010010110100101,b1110,bx,b10,b1,b100000,b0,b10100101101001011010010110100101,b10000,b1000,b10,b1,b100,b0,b1,b11001000,b10100101101001011010010110100101,b0,1,bx,b0,0,b0,1,b1110,0,1,0,b10100101101001011010010110100101,b0,0,b0,0,1,1,b0,0,0,b10100101101001011010010110100101,b1001110001000,bx
320000,0,0,b1110,1,0,bx,1,0,1,b10,b100000,b0,b10100101101001011010010110100101,b10000,b1000,b10,b1,b100,b1,0,1,0,0,1,1,1,b10100101101001011010010110100101,1,0,b10100101101001011010010110100101,b1110,bx,b10,b1,b100000,b0,b10100101101001011010010110100101,b10000,b1000,b10,b1,b100,b0,b1,b11001000,b10100101101001011010010110100101,b0,1,bx,b0,0,b0,1,b1110,0,1,0,b10100101101001011010010110100101,b0,0,b0,0,1,1,b0,0,0,b10100101101001011010010110100101,b1001110001000,bx
330000,0,0,b1110,0,0,bx,1,0,1,b10,b100000,b0,b10100101101001011010010110100101,b10000,b1000,b10,b1,b100,b1,1,1,0,0,1,1,1,b10100101101001011010010110100101,0,0,b10100101101001011010010110100101,b1110,bx,b10,b1,b100000,b0,b10100101101001011010010110100101,b10000,b1000,b10,b1,b100,b0,b1,b11001000,b10100101101001011010010110100101,b0,1,bx,b0,0,b1,1,b1110,0,0,0,b10100101101001011010010110100101,b0,0,b0,0,1,1,b0,0,0,b10100101101001011010010110100101,b1001110001000,b0
340000,0,0,b1110,0,0,bx,1,0,1,b10,b100000,b0,b10100101101001011010010110100101,b10000,b1000,b10,b1,b100,b1,0,1,0,0,1,1,1,b10100101101001011010010110100101,0,0,b10100101101001011010010110100101,b1110,bx,b10,b1,b100000,b0,b10100101101001011010010110100101,b10000,b1000,b10,b1,b100,b0,b1,b11001000,b10100101101001011010010110100101,b0,1,bx,b0,0,b1,1,b1110,0,0,0,b10100101101001011010010110100101,b0,0,b0,0,1,1,b0,0,0,b10100101101001011010010110100101,b1001110001000,b0
350000,0,0,b1110,1,0,bx,1,0,1,b10,b100000,b0,b10100101101001011010010110100101,b10000,b1000,b10,b1,b100,b1,1,1,0,0,1,1,1,b10100101101001011010010110100101,0,0,b10100101101001011010010110100101,b1110,bx,b10,b1,b100000,b0,b10100101101001011010010110100101,b10000,b1000,b10,b1,b100,b0,b1,b11001000,b10100101101001011010010110100101,b0,1,bx,b0,0,b10,1,b1110,0,0,0,b10100101101001011010010110100101,b0,0,b0,0,1,1,b0,0,0,b10100101101001011010010110100101,b1001110001000,b1
360000,0,0,b1110,1,0,bx,1,0,1,b10,b100000,b0,b10100101101001011010010110100101,b10000,b1000,b10,b1,b100,b1,0,1,0,0,1,1,1,b10100101101001011010010110100101,0,0,b10100101101001011010010110100101,b1110,bx,b10,b1,b100000,b0,b10100101101001011010010110100101,b10000,b1000,b10,b1,b100,b0,b1,b11001000,b10100101101001011010010110100101,b0,1,bx,b0,0,b10,1,b1110,0,0,0,b10100101101001011010010110100101,b0,0,b0,0,1,1,b0,0,0,b10100101101001011010010110100101,b1001110001000,b1
370000,0,0,b1110,1,0,bx,0,0,1,b10,b100000,b0,b10100101101001011010010110100101,b10000,b1000,b10,b1,b100,b1,1,1,0,0,1,1,1,b10100101101001011010010110100101,0,0,b10100101101001011010010110100101,b1110,bx,b10,b1,b100000,b0,b10100101101001011010010110100101,b10000,b1000,b10,b1,b100,b0,b1,b11001000,b10100101101001011010010110100101,b1,1,bx,b0,0,b0,1,b1110,0,0,0,b1001011010010110100101101001010,b0,0,b0,0,1,1,b0,0,0,b10100101101001011010010110100101,b1001110001000,b10
380000,0,0,b1110,1,0,bx,0,0,1,b10,b100000,b0,b10100101101001011010010110100101,b10000,b1000,b10,b1,b100,b1,0,1,0,0,1,1,1,b10100101101001011010010110100101,0,0,b10100101101001011010010110100101,b1110,bx,b10,b1,b100000,b0,b10100101101001011010010110100101,b10000,b1000,b10,b1,b100,b0,b1,b11001000,b10100101101001011010010110100101,b1,1,bx,b0,0,b0,1,b1110,0,0,0,b1001011010010110100101101001010,b0,0,b0,0,1,1,b0,0,0,b10100101101001011010010110100101,b1001110001000,b10
390000,0,0,b1110,0,0,bx,0,0,1,b10,b100000,b0,b10100101101001011010010110100101,b10000,b1000,b10,b1,b100,b1,1,1,0,0,1,1,1,b10100101101001011010010110100101,0,0,b10100101101001011010010110100101,b1110,bx,b10,b1,b100000,b0,b10100101101001011010010110100101,b10000,b1000,b10,b1,b100,b0,b1,b11001000,b10100101101001011010010110100101,b1,1,bx,b0,0,b1,1,b1110,0,0,0,b1001011010010110100101101001010,b0,0,b0,0,1,1,b0,0,0,b10100101101001011010010110100101,b1001110001000,b11
400000,0,0,b1110,0,0,bx,0,0,1,b10,b100000,b0,b10100101101001011010010110100101,b10000,b1000,b10,b1,b100,b1,0,1,0,0,1,1,1,b10100101101001011010010110100101,0,0,b10100101101001011010010110100101,b1110,bx,b10,b1,b100000,b0,b10100101101001011010010110100101,b10000,b1000,b10,b1,b100,b0,b1,b11001000,b10100101101001011010010110100101,b1,1,bx,b0,0,b1,1,b1110,0,0,0,b1001011010010110100101101001010,b0,0,b0,0,1,1,b0,0,0,b10100101101001011010010110100101,b1001110001000,b11
410000,0,0,b1110,1,0,bx,0,0,1,b10,b100000,b0,b10100101101001011010010110100101,b10000,b1000,b10,b1,b100,b1,1,1,0,0,1,1,1,b10100101101001011010010110100101,0,0,b10100101101001011010010110100101,b1110,bx,b10,b1,b100000,b0,b10100101101001011010010110100101,b10000,b1000,b10,b1,b100,b0,b1,b11001000,b10100101101001011010010110100101,b1,1,bx,b0,0,b10,1,b1110,0,0,0,b1001011010010110100101101001010,b0,0,b0,0,1,1,b0,0,0,b10100101101001011010010110100101,b1001110001000,b100
420000,0,0,b1110,1,0,bx,0,0,1,b10,b100000,b0,b10100101101001011010010110100101,b10000,b1000,b10,b1,b100,b1,0,1,0,0,1,1,1,b10100101101001011010010110100101,0,0,b10100101101001011010010110100101,b1110,bx,b10,b1,b100000,b0,b10100101101001011010010110100101,b10000,b1000,b10,b1,b100,b0,b1,b11001000,b10100101101001011010010110100101,b1,1,bx,b0,0,b10,1,b1110,0,0,0,b1001011010010110100101101001010,b0,0,b0,0,1,1,b0,0,0,b10100101101001011010010110100101,b1001110001000,b100
430000,0,0,b1110,1,0,bx,1,0,1,b10,b100000,b0,b10100101101001011010010110100101,b10000,b1000,b10,b1,b100,b1,1,1,0,0,1,1,1,b10100101101001011010010110100101,0,0,b10100101101001011010010110100101,b1110,bx,b10,b1,b100000,b0,b10100101101001011010010110100101,b10000,b1000,b10,b1,b100,b0,b1,b11001000,b10100101101001011010010110100101,b10,1,bx,b0,0,b0,1,b1110,0,0,0,b10010110100101101001011010010100,b0,0,b0,0,1,1,b0,0,0,b10100101101001011010010110100101,b1001110001000,b101
440000,0,0,b1110,1,0,bx,1,0,1,b10,b100000,b0,b10100101101001011010010110100101,b10000,b1000,b10,b1,b100,b1,0,1,0,0,1,1,1,b10100101101001011010010110100101,0,0,b10100101101001011010010110100101,b1110,bx,b10,b1,b100000,b0,b10100101101001011010010110100101,b10000,b1000,b10,b1,b100,b0,b1,b11001000,b10100101101001011010010110100101,b10,1,bx,b0,0,b0,1,b1110,0,0,0,b10010110100101101001011010010100,b0,0,b0,0,1,1,b0,0,0,b10100101101001011010010110100101,b1001110001000,b101
450000,0,0,b1110,0,0,bx,1,0,1,b10,b100000,b0,b10100101101001011010010110100101,b10000,b1000,b10,b1,b100,b1,1,1,0,0,1,1,1,b10100101101001011010010110100101,0,0,b10100101101001011010010110100101,b1110,bx,b10,b1,b100000,b0,b10100101101001011010010110100101,b10000,b1000,b10,b1,b100,b0,b1,b11001000,b10100101101001011010010110100101,b10,1,bx,b0,0,b1,1,b1110,0,0,0,b10010110100101101001011010010100,b0,0,b0,0,1,1,b0,0,0,b10100101101001011010010110100101,b1001110001000,b110
460000,0,0,b1110,0,0,bx,1,0,1,b10,b100000,b0,b10100101101001011010010110100101,b10000,b1000,b10,b1,b100,b1,0,1,0,0,1,1,1,b10100101101001011010010110100101,0,0,b10100101101001011010010110100101,b1110,bx,b10,b1,b100000,b0,b10100101101001011010010110100101,b10000,b1000,b10,b1,b100,b0,b1,b11001000,b10100101101001011010010110100101,b10,1,bx,b0,0,b1,1,b1110,0,0,0,b10010110100101101001011010010100,b0,0,b0,0,1,1,b0,0,0,b10100101101001011010010110100101,b1001110001000,b110
470000,0,0,b1110,1,0,bx,1,0,1,b10,b100000,b0,b10100101101001011010010110100101,b10000,b1000,b10,b1,b100,b1,1,1,0,0,1,1,1,b10100101101001011010010110100101,0,0,b10100101101001011010010110100101,b1110,bx,b10,b1,b100000,b0,b10100101101001011010010110100101,b10000,b1000,b10,b1,b100,b0,b1,b11001000,b10100101101001011010010110100101,b10,1,bx,b0,0,b10,1,b1110,0,0,0,b10010110100101101001011010010100,b0,0,b0,0,1,1,b0,0,0,b10100101101001011010010110100101,b1001110001000,b111
480000,0,0,b1110,1,0,bx,1,0,1,b10,b100000,b0,b10100101101001011010010110100101,b10000,b1000,b10,b1,b100,b1,0,1,0,0,1,1,1,b10100101101001011010010110100101,0,0,b10100101101001011010010110100101,b1110,bx,b10,b1,b100000,b0,b10100101101001011010010110100101,b10000,b1000,b10,b1,b100,b0,b1,b11001000,b10100101101001011010010110100101,b10,1,bx,b0,0,b10,1,b1110,0,0,0,b10010110100101101001011010010100,b0,0,b0,0,1,1,b0,0,0,b10100101101001011010010110100101,b1001110001000,b111
490000,0,0,b1110,1,0,bx,0,0,1,b10,b100000,b0,b10100101101001011010010110100101,b10000,b1000,b10,b1,b100,b1,1,1,0,0,1,1,1,b10100101101001011010010110100101,0,0,b10100101101001011010010110100101,b1110,bx,b10,b1,b100000,b0,b10100101101001011010010110100101,b10000,b1000,b10,b1,b100,b0,b1,b11001000,b10100101101001011010010110100101,b11,1,bx,b0,0,b0,1,b1110,0,0,0,b101101001011010010110100101000,b0,0,b0,0,1,1,b0,0,0,b10100101101001011010010110100101,b1001110001000,b1000
500000,0,0,b1110,1,0,bx,0,0,1,b10,b100000,b0,b10100101101001011010010110100101,b10000,b1000,b10,b1,b100,b1,0,1,0,0,1,1,1,b10100101101001011010010110100101,0,0,b10100101101001011010010110100101,b1110,bx,b10,b1,b100000,b0,b10100101101001011010010110100101,b10000,b1000,b10,b1,b100,b0,b1,b11001000,b10100101101001011010010110100101,b11,1,bx,b0,0,b0,1,b1110,0,0,0,b101101001011010010110100101000,b0,0,b0,0,1,1,b0,0,0,b10100101101001011010010110100101,b1001110001000,b1000
510000,0,0,b1110,0,0,bx,0,0,1,b10,b100000,b0,b10100101101001011010010110100101,b10000,b1000,b10,b1,b100,b1,1,1,0,0,1,1,1,b10100101101001011010010110100101,0,0,b10100101101001011010010110100101,b1110,bx,b10,b1,b100000,b0,b10100101101001011010010110100101,b10000,b1000,b10,b1,b100,b0,b1,b11001000,b10100101101001011010010110100101,b11,1,bx,b0,0,b1,1,b1110,0,0,0,b101101001011010010110100101000,b0,0,b0,0,1,1,b0,0,0,b10100101101001011010010110100101,b1001110001000,b1001
520000,0,0,b1110,0,0,bx,0,0,1,b10,b100000,b0,b10100101101001011010010110100101,b10000,b1000,b10,b1,b100,b1,0,1,0,0,1,1,1,b10100101101001011010010110100101,0,0,b10100101101001011010010110100101,b1110,bx,b10,b1,b100000,b0,b10100101101001011010010110100101,b10000,b1000,b10,b1,b100,b0,b1,b11001000,b10100101101001011010010110100101,b11,1,bx,b0,0,b1,1,b1110,0,0,0,b101101001011010010110100101000,b0,0,b0,0,1,1,b0,0,0,b10100101101001011010010110100101,b1001110001000,b1001
530000,0,0,b1110,1,0,bx,0,0,1,b10,b100000,b0,b10100101101001011010010110100101,b10000,b1000,b10,b1,b100,b1,1,1,0,0,1,1,1,b10100101101001011010010110100101,0,0,b10100101101001011010010110100101,b1110,bx,b10,b1,b100000,b0,b10100101101001011010010110100101,b10000,b1000,b10,b1,b100,b0,b1,b11001000,b10100101101001011010010110100101,b11,1,bx,b0,0,b10,1,b1110,0,0,0,b101101001011010010110100101000,b0,0,b0,0,1,1,b0,0,0,b10100101101001011010010110100101,b1001110001000,b1010
540000,0,0,b1110,1,0,bx,0,0,1,b10,b100000,b0,b10100101101001011010010110100101,b10000,b1000,b10,b1,b100,b1,0,1,0,0,1,1,1,b10100101101001011010010110100101,0,0,b10100101101001011010010110100101,b1110,bx,b10,b1,b100000,b0,b10100101101001011010010110100101,b10000,b1000,b10,b1,b100,b0,b1,b11001000,b10100101101001011010010110100101,b11,1,bx,b0,0,b10,1,b1110,0,0,0,b101101001011010010110100101000,b0,0,b0,0,1,1,b0,0,0,b10100101101001011010010110100101,b1001110001000,b1010
550000,0,0,b1110,1,0,bx,0,0,1,b10,b100000,b0,b10100101101001011010010110100101,b10000,b1000,b10,b1,b100,b1,1,1,0,0,1,1,1,b10100101101001011010010110100101,0,0,b10100101101001011010010110100101,b1110,bx,b10,b1,b100000,b0,b10100101101001011010010110100101,b10000,b1000,b10,b1,b100,b0,b1,b11001000,b10100101101001011010010110100101,b100,1,bx,b0,0,b0,1,b1110,0,0,0,b1011010010110100101101001010000,b0,0,b0,0,1,1,b0,0,0,b10100101101001011010010110100101,b1001110001000,b1011
560000,0,0,b1110,1,0,bx,0,0,1,b10,b100000,b0,b10100101101001011010010110100101,b10000,b1000,b10,b1,b100,b1,0,1,0,0,1,1,1,b10100101101001011010010110100101,0,0,b10100101101001011010010110100101,b1110,bx,b10,b1,b100000,b0,b10100101101001011010010110100101,b10000,b1000,b10,b1,b100,b0,b1,b11001000,b10100101101001011010010110100101,b100,1,bx,b0,0,b0,1,b1110,0,0,0,b1011010010110100101101001010000,b0,0,b0,0,1,1,b0,0,0,b10100101101001011010010110100101,b1001110001000,b1011
570000,0,0,b1110,0,0,bx,0,0,1,b10,b100000,b0,b10100101101001011010010110100101,b10000,b1000,b10,b1,b100,b1,1,1,0,0,1,1,1,b10100101101001011010010110100101,0,0,b10100101101001011010010110100101,b1110,bx,b10,b1,b100000,b0,b10100101101001011010010110100101,b10000,b1000,b10,b1,b100,b0,b1,b11001000,b10100101101001011010010110100101,b100,1,bx,b0,0,b1,1,b1110,0,0,0,b1011010010110100101101001010000,b0,0,b0,0,1,1,b0,0,0,b10100101101001011010010110100101,b1001110001000,b1100
580000,0,0,b1110,0,0,bx,0,0,1,b10,b100000,b0,b10100101101001011010010110100101,b10000,b1000,b10,b1,b100,b1,0,1,0,0,1,1,1,b10100101101001011010010110100101,0,0,b10100101101001011010010110100101,b1110,bx,b10,b1,b100000,b0,b10100101101001011010010110100101,b10000,b1000,b10,b1,b100,b0,b1,b11001000,b10100101101001011010010110100101,b100,1,bx,b0,0,b1,1,b1110,0,0,0,b1011010010110100101101001010000,b0,0,b0,0,1,1,b0,0,0,b10100101101001011010010110100101,b1001110001000,b1100
590000,0,0,b1110,1,0,bx,0,0,1,b10,b100000,b0,b10100101101001011010010110100101,b10000,b1000,b10,b1,b100,b1,1,1,0,0,1,1,1,b10100101101001011010010110100101,0,0,b10100101101001011010010110100101,b1110,bx,b10,b1,b100000,b0,b10100101101001011010010110100101,b10000,b1000,b10,b1,b100,b0,b1,b11001000,b10100101101001011010010110100101,b100,1,bx,b0,0,b10,1,b1110,0,0,0,b1011010010110100101101001010000,b0,0,b0,0,1,1,b0,0,0,b10100101101001011010010110100101,b1001110001000,b1101
600000,0,0,b1110,1,0,bx,0,0,1,b10,b100000,b0,b10100101101001011010010110100101,b10000,b1000,b10,b1,b100,b1,0,1,0,0,1,1,1,b10100101101001011010010110100101,0,0,b10100101101001011010010110100101,b1110,bx,b10,b1,b100000,b0,b10100101101001011010010110100101,b10000,b1000,b10,b1,b100,b0,b1,b11001000,b10100101101001011010010110100101,b100,1,bx,b0,0,b10,1,b1110,0,0,0,b1011010010110100101101001010000,b0,0,b0,0,1,1,b0,0,0,b10100101101001011010010110100101,b1001110001000,b1101
610000,0,0,b1110,1,0,bx,1,0,1,b10,b100000,b0,b10100101101001011010010110100101,b10000,b1000,b10,b1,b100,b1,1,1,0,0,1,1,1,b10100101101001011010010110100101,0,0,b10100101101001011010010110100101,b1110,bx,b10,b1,b100000,b0,b10100101101001011010010110100101,b10000,b1000,b10,b1,b100,b0,b1,b11001000,b10100101101001011010010110100101,b101,1,bx,b0,0,b0,1,b1110,0,0,0,b10110100101101001011010010100000,b0,0,b0,0,1,1,b0,0,0,b10100101101001011010010110100101,b1001110001000,b1110
620000,0,0,b1110,1,0,bx,1,0,1,b10,b100000,b0,b10100101101001011010010110100101,b10000,b1000,b10,b1,b100,b1,0,1,0,0,1,1,1,b10100101101001011010010110100101,0,0,b10100101101001011010010110100101,b1110,bx,b10,b1,b100000,b0,b10100101101001011010010110100101,b10000,b1000,b10,b1,b100,b0,b1,b11001000,b10100101101001011010010110100101,b101,1,bx,b0,0,b0,1,b1110,0,0,0,b10110100101101001011010010100000,b0,0,b0,0,1,1,b0,0,0,b10100101101001011010010110100101,b1001110001000,b1110
630000,0,0,b1110,0,0,bx,1,0,1,b10,b100000,b0,b10100101101001011010010110100101,b10000,b1000,b10,b1,b100,b1,1,1,0,0,1,1,1,b10100101101001011010010110100101,0,0,b10100101101001011010010110100101,b1110,bx,b10,b1,b100000,b0,b10100101101001011010010110100101,b10000,b1000,b10,b1,b100,b0,b1,b11001000,b10100101101001011010010110100101,b101,1,bx,b0,0,b1,1,b1110,0,0,0,b10110100101101001011010010100000,b0,0,b0,0,1,1,b0,0,0,b10100101101001011010010110100101,b1001110001000,b1111
640000,0,0,b1110,0,0,bx,1,0,1,b10,b100000,b0,b10100101101001011010010110100101,b10000,b1000,b10,b1,b100,b1,0,1,0,0,1,1,1,b10100101101001011010010110100101,0,0,b10100101101001011010010110100101,b1110,bx,b10,b1,b100000,b0,b10100101101001011010010110100101,b10000,b1000,b10,b1,b100,b0,b1,b11001000,b10100101101001011010010110100101,b101,1,bx,b0,0,b1,1,b1110,0,0,0,b10110100101101001011010010100000,b0,0,b0,0,1,1,b0,0,0,b10100101101001011010010110100101,b1001110001000,b1111
650000,0,0,b1110,1,0,bx,1,0,1,b10,b100000,b0,b10100101101001011010010110100101,b10000,b1000,b10,b1,b100,b1,1,1,0,0,1,1,1,b10100101101001011010010110100101,0,0,b10100101101001011010010110100101,b1110,bx,b10,b1,b100000,b0,b10100101101001011010010110100101,b10000,b1000,b10,b1,b100,b0,b1,b11001000,b10100101101001011010010110100101,b101,1,bx,b0,0,b10,1,b1110,0,0,0,b10110100101101001011010010100000,b0,0,b0,0,1,1,b0,0,0,b10100101101001011010010110100101,b1001110001000,b10000
660000,0,0,b1110,1,0,bx,1,0,1,b10,b100000,b0,b10100101101001011010010110100101,b10000,b1000,b10,b1,b100,b1,0,1,0,0,1,1,1,b10100101101001011010010110100101,0,0,b10100101101001011010010110100101,b1110,bx,b10,b1,b100000,b0,b10100101101001011010010110100101,b10000,b1000,b10,b1,b100,b0,b1,b11001000,b10100101101001011010010110100101,b101,1,bx,b0,0,b10,1,b1110,0,0,0,b10110100101101001011010010100000,b0,0,b0,0,1,1,b0,0,0,b10100101101001011010010110100101,b1001110001000,b10000
670000,0,0,b1110,1,0,bx,0,0,1,b10,b100000,b0,b10100101101001011010010110100101,b10000,b1000,b10,b1,b100,b1,1,1,0,0,1,1,1,b10100101101001011010010110100101,0,0,b10100101101001011010010110100101,b1110,bx,b10,b1,b100000,b0,b10100101101001011010010110100101,b10000,b1000,b10,b1,b100,b0,b1,b11001000,b10100101101001011010010110100101,b110,1,bx,b0,0,b0,1,b1110,0,0,0,b1101001011010010110100101000000,b0,0,b0,0,1,1,b0,0,0,b10100101101001011010010110100101,b1001110001000,b10001
680000,0,0,b1110,1,0,bx,0,0,1,b10,b100000,b0,b10100101101001011010010110100101,b10000,b1000,b10,b1,b100,b1,0,1,0,0,1,1,1,b10100101101001011010010110100101,0,0,b10100101101001011010010110100101,b1110,bx,b10,b1,b100000,b0,b10100101101001011010010110100101,b10000,b1000,b10,b1,b100,b0,b1,b11001000,b10100101101001011010010110100101,b110,1,bx,b0,0,b0,1,b1110,0,0,0,b1101001011010010110100101000000,b0,0,b0,0,1,1,b0,0,0,b10100101101001011010010110100101,b1001110001000,b10001
690000,0,0,b1110,0,0,bx,0,0,1,b10,b100000,b0,b10100101101001011010010110100101,b10000,b1000,b10,b1,b100,b1,1,1,0,0,1,1,1,b10100101101001011010010110100101,0,0,b10100101101001011010010110100101,b1110,bx,b10,b1,b100000,b0,b10100101101001011010010110100101,b10000,b1000,b10,b1,b100,b0,b1,b11001000,b10100101101001011010010110100101,b110,1,bx,b0,0,b1,1,b1110,0,0,0,b1101001011010010110100101000000,b0,0,b0,0,1,1,b0,0,0,b10100101101001011010010110100101,b1001110001000,b10010
700000,0,0,b1110,0,0,bx,0,0,1,b10,b100000,b0,b10100101101001011010010110100101,b10000,b1000,b10,b1,b100,b1,0,1,0,0,1,1,1,b10100101101001011010010110100101,0,0,b10100101101001011010010110100101,b1110,bx,b10,b1,b100000,b0,b10100101101001011010010110100101,b10000,b1000,b10,b1,b100,b0,b1,b11001000,b10100101101001011010010110100101,b110,1,bx,b0,0,b1,1,b1110,0,0,0,b1101001011010010110100101000000,b0,0,b0,0,1,1,b0,0,0,b10100101101001011010010110100101,b1001110001000,b10010
710000,0,0,b1110,1,0,bx,0,0,1,b10,b100000,b0,b10100101101001011010010110100101,b10000,b1000,b10,b1,b100,b1,1,1,0,0,1,1,1,b10100101101001011010010110100101,0,0,b10100101101001011010010110100101,b1110,bx,b10,b1,b100000,b0,b10100101101001011010010110100101,b10000,b1000,b10,b1,b100,b0,b1,b11001000,b10100101101001011010010110100101,b110,1,bx,b0,0,b10,1,b1110,0,0,0,b1101001011010010110100101000000,b0,0,b0,0,1,1,b0,0,0,b10100101101001011010010110100101,b1001110001000,b10011
720000,0,0,b1110,1,0,bx,0,0,1,b10,b100000,b0,b10100101101001011010010110100101,b10000,b1000,b10,b1,b100,b1,0,1,0,0,1,1,1,b10100101101001011010010110100101,0,0,b10100101101001011010010110100101,b1110,bx,b10,b1,b100000,b0,b10100101101001011010010110100101,b10000,b1000,b10,b1,b100,b0,b1,b11001000,b10100101101001011010010110100101,b110,1,bx,b0,0,b10,1,b1110,0,0,0,b1101001011010010110100101000000,b0,0,b0,0,1,1,b0,0,0,b10100101101001011010010110100101,b1001110001000,b10011
730000,0,0,b1110,1,0,bx,1,0,1,b10,b100000,b0,b10100101101001011010010110100101,b10000,b1000,b10,b1,b100,b1,1,1,0,0,1,1,1,b10100101101001011010010110100101,0,0,b10100101101001011010010110100101,b1110,bx,b10,b1,b100000,b0,b10100101101001011010010110100101,b10000,b1000,b10,b1,b100,b0,b1,b11001000,b10100101101001011010010110100101,b111,1,bx,b0,0,b0,1,b1110,0,0,0,b11010010110100101101001010000000,b0,0,b0,0,1,1,b0,0,0,b10100101101001011010010110100101,b1001110001000,b10100
740000,0,0,b1110,1,0,bx,1,0,1,b10,b100000,b0,b10100101101001011010010110100101,b10000,b1000,b10,b1,b100,b1,0,1,0,0,1,1,1,b10100101101001011010010110100101,0,0,b10100101101001011010010110100101,b1110,bx,b10,b1,b100000,b0,b10100101101001011010010110100101,b10000,b1000,b10,b1,b100,b0,b1,b11001000,b10100101101001011010010110100101,b111,1,bx,b0,0,b0,1,b1110,0,0,0,b11010010110100101101001010000000,b0,0,b0,0,1,1,b0,0,0,b10100101101001011010010110100101,b1001110001000,b10100
750000,0,0,b1110,0,0,bx,1,0,1,b10,b100000,b0,b10100101101001011010010110100101,b10000,b1000,b10,b1,b100,b1,1,1,0,0,1,1,1,b10100101101001011010010110100101,0,0,b10100101101001011010010110100101,b1110,bx,b10,b1,b100000,b0,b10100101101001011010010110100101,b10000,b1000,b10,b1,b100,b0,b1,b11001000,b10100101101001011010010110100101,b111,1,bx,b0,0,b1,1,b1110,0,0,0,b11010010110100101101001010000000,b0,0,b0,0,1,1,b0,0,0,b10100101101001011010010110100101,b1001110001000,b10101
760000,0,0,b1110,0,0,bx,1,0,1,b10,b100000,b0,b10100101101001011010010110100101,b10000,b1000,b10,b1,b100,b1,0,1,0,0,1,1,1,b10100101101001011010010110100101,0,0,b10100101101001011010010110100101,b1110,bx,b10,b1,b100000,b0,b10100101101001011010010110100101,b10000,b1000,b10,b1,b100,b0,b1,b11001000,b10100101101001011010010110100101,b111,1,bx,b0,0,b1,1,b1110,0,0,0,b11010010110100101101001010000000,b0,0,b0,0,1,1,b0,0,0,b10100101101001011010010110100101,b1001110001000,b10101
770000,0,0,b1110,1,0,bx,1,0,1,b10,b100000,b0,b10100101101001011010010110100101,b10000,b1000,b10,b1,b100,b1,1,1,0,0,1,1,1,b10100101101001011010010110100101,0,0,b10100101101001011010010110100101,b1110,bx,b10,b1,b100000,b0,b10100101101001011010010110100101,b10000,b1000,b10,b1,b100,b0,b1,b11001000,b10100101101001011010010110100101,b111,1,bx,b0,0,b10,1,b1110,0,0,0,b11010010110100101101001010000000,b0,0,b0,0,1,1,b0,0,0,b10100101101001011010010110100101,b1001110001000,b10110
780000,0,0,b1110,1,0,bx,1,0,1,b10,b100000,b0,b10100101101001011010010110100101,b10000,b1000,b10,b1,b100,b1,0,1,0,0,1,1,1,b10100101101001011010010110100101,0,0,b10100101101001011010010110100101,b1110,bx,b10,b1,b100000,b0,b10100101101001011010010110100101,b10000,b1000,b10,b1,b100,b0,b1,b11001000,b10100101101001011010010110100101,b111,1,bx,b0,0,b10,1,b1110,0,0,0,b11010010110100101101001010000000,b0,0,b0,0,1,1,b0,0,0,b10100101101001011010010110100101,b1001110001000,b10110
790000,0,0,b1110,1,0,bx,1,0,1,b10,b100000,b0,b10100101101001011010010110100101,b10000,b1000,b10,b1,b100,b1,1,1,0,0,1,1,1,b10100101101001011010010110100101,0,0,b10100101101001011010010110100101,b1110,bx,b10,b1,b100000,b0,b10100101101001011010010110100101,b10000,b1000,b10,b1,b100,b0,b1,b11001000,b10100101101001011010010110100101,b1000,1,bx,b0,0,b0,1,b1110,0,0,0,b10100101101001011010010100000000,b0,0,b0,0,1,1,b0,0,0,b10100101101001011010010110100101,b1001110001000,b10111
800000,0,0,b1110,1,0,bx,1,0,1,b10,b100000,b0,b10100101101001011010010110100101,b10000,b1000,b10,b1,b100,b1,0,1,0,0,1,1,1,b10100101101001011010010110100101,0,0,b10100101101001011010010110100101,b1110,bx,b10,b1,b100000,b0,b10100101101001011010010110100101,b10000,b1000,b10,b1,b100,b0,b1,b11001000,b10100101101001011010010110100101,b1000,1,bx,b0,0,b0,1,b1110,0,0,0,b10100101101001011010010100000000,b0,0,b0,0,1,1,b0,0,0,b10100101101001011010010110100101,b1001110001000,b10111
810000,0,0,b1110,0,0,bx,1,0,1,b10,b100000,b0,b10100101101001011010010110100101,b10000,b1000,b10,b1,b100,b1,1,1,0,0,1,1,1,b10100101101001011010010110100101,0,0,b10100101101001011010010110100101,b1110,bx,b10,b1,b100000,b0,b10100101101001011010010110100101,b10000,b1000,b10,b1,b100,b0,b1,b11001000,b10100101101001011010010110100101,b1000,1,bx,b0,0,b1,1,b1110,0,0,0,b10100101101001011010010100000000,b0,0,b0,0,1,1,b0,0,0,b10100101101001011010010110100101,b1001110001000,b11000
820000,0,0,b1110,0,0,bx,1,0,1,b10,b100000,b0,b10100101101001011010010110100101,b10000,b1000,b10,b1,b100,b1,0,1,0,0,1,1,1,b10100101101001011010010110100101,0,0,b10100101101001011010010110100101,b1110,bx,b10,b1,b100000,b0,b10100101101001011010010110100101,b10000,b1000,b10,b1,b100,b0,b1,b11001000,b10100101101001011010010110100101,b1000,1,bx,b0,0,b1,1,b1110,0,0,0,b10100101101001011010010100000000,b0,0,b0,0,1,1,b0,0,0,b10100101101001011010010110100101,b1001110001000,b11000
830000,0,0,b1110,1,0,bx,1,0,1,b10,b100000,b0,b10100101101001011010010110100101,b10000,b1000,b10,b1,b100,b1,1,1,0,0,1,1,1,b10100101101001011010010110100101,0,0,b10100101101001011010010110100101,b1110,bx,b10,b1,b100000,b0,b10100101101001011010010110100101,b10000,b1000,b10,b1,b100,b0,b1,b11001000,b10100101101001011010010110100101,b1000,1,bx,b0,0,b10,1,b1110,0,0,0,b10100101101001011010010100000000,b0,0,b0,0,1,1,b0,0,0,b10100101101001011010010110100101,b1001110001000,b11001
840000,0,0,b1110,1,0,bx,1,0,1,b10,b100000,b0,b10100101101001011010010110100101,b10000,b1000,b10,b1,b100,b1,0,1,0,0,1,1,1,b10100101101001011010010110100101,0,0,b10100101101001011010010110100101,b1110,bx,b10,b1,b100000,b0,b10100101101001011010010110100101,b10000,b1000,b10,b1,b100,b0,b1,b11001000,b10100101101001011010010110100101,b1000,1,bx,b0,0,b10,1,b1110,0,0,0,b10100101101001011010010100000000,b0,0,b0,0,1,1,b0,0,0,b10100101101001011010010110100101,b1001110001000,b11001
850000,0,0,b1110,1,0,bx,0,0,1,b10,b100000,b0,b10100101101001011010010110100101,b10000,b1000,b10,b1,b100,b1,1,1,0,0,1,1,1,b10100101101001011010010110100101,0,0,b10100101101001011010010110100101,b1110,bx,b10,b1,b100000,b0,b10100101101001011010010110100101,b10000,b1000,b10,b1,b100,b0,b1,b11001000,b10100101101001011010010110100101,b1001,1,bx,b0,0,b0,1,b1110,0,0,0,b1001011010010110100101000000000,b0,0,b0,0,1,1,b0,0,0,b10100101101001011010010110100101,b1001110001000,b11010
860000,0,0,b1110,1,0,bx,0,0,1,b10,b100000,b0,b10100101101001011010010110100101,b10000,b1000,b10,b1,b100,b1,0,1,0,0,1,1,1,b10100101101001011010010110100101,0,0,b10100101101001011010010110100101,b1110,bx,b10,b1,b100000,b0,b10100101101001011010010110100101,b10000,b1000,b10,b1,b100,b0,b1,b11001000,b10100101101001011010010110100101,b1001,1,bx,b0,0,b0,1,b1110,0,0,0,b1001011010010110100101000000000,b0,0,b0,0,1,1,b0,0,0,b10100101101001011010010110100101,b1001110001000,b11010
870000,0,0,b1110,0,0,bx,0,0,1,b10,b100000,b0,b10100101101001011010010110100101,b10000,b1000,b10,b1,b100,b1,1,1,0,0,1,1,1,b10100101101001011010010110100101,0,0,b10100101101001011010010110100101,b1110,bx,b10,b1,b100000,b0,b10100101101001011010010110100101,b10000,b1000,b10,b1,b100,b0,b1,b11001000,b10100101101001011010010110100101,b1001,1,bx,b0,0,b1,1,b1110,0,0,0,b1001011010010110100101000000000,b0,0,b0,0,1,1,b0,0,0,b10100101101001011010010110100101,b1001110001000,b11011
880000,0,0,b1110,0,0,bx,0,0,1,b10,b100000,b0,b10100101101001011010010110100101,b10000,b1000,b10,b1,b100,b1,0,1,0,0,1,1,1,b10100101101001011010010110100101,0,0,b10100101101001011010010110100101,b1110,bx,b10,b1,b100000,b0,b10100101101001011010010110100101,b10000,b1000,b10,b1,b100,b0,b1,b11001000,b10100101101001011010010110100101,b1001,1,bx,b0,0,b1,1,b1110,0,0,0,b1001011010010110100101000000000,b0,0,b0,0,1,1,b0,0,0,b10100101101001011010010110100101,b1001110001000,b11011
890000,0,0,b1110,1,0,bx,0,0,1,b10,b100000,b0,b10100101101001011010010110100101,b10000,b1000,b10,b1,b100,b1,1,1,0,0,1,1,1,b10100101101001011010010110100101,0,0,b10100101101001011010010110100101,b1110,bx,b10,b1,b100000,b0,b10100101101001011010010110100101,b10000,b1000,b10,b1,b100,b0,b1,b11001000,b10100101101001011010010110100101,b1001,1,bx,b0,0,b10,1,b1110,0,0,0,b1001011010010110100101000000000,b0,0,b0,0,1,1,b0,0,0,b10100101101001011010010110100101,b1001110001000,b11100
900000,0,0,b1110,1,0,bx,0,0,1,b10,b100000,b0,b10100101101001011010010110100101,b10000,b1000,b10,b1,b100,b1,0,1,0,0,1,1,1,b10100101101001011010010110100101,0,0,b10100101101001011010010110100101,b1110,bx,b10,b1,b100000,b0,b10100101101001011010010110100101,b10000,b1000,b10,b1,b100,b0,b1,b11001000,b10100101101001011010010110100101,b1001,1,bx,b0,0,b10,1,b1110,0,0,0,b1001011010010110100101000000000,b0,0,b0,0,1,1,b0,0,0,b10100101101001011010010110100101,b1001110001000,b11100
910000,0,0,b1110,1,0,bx,1,0,1,b10,b100000,b0,b10100101101001011010010110100101,b10000,b1000,b10,b1,b100,b1,1,1,0,0,1,1,1,b10100101101001011010010110100101,0,0,b10100101101001011010010110100101,b1110,bx,b10,b1,b100000,b0,b10100101101001011010010110100101,b10000,b1000,b10,b1,b100,b0,b1,b11001000,b10100101101001011010010110100101,b1010,1,bx,b0,0,b0,1,b1110,0,0,0,b10010110100101101001010000000000,b0,0,b0,0,1,1,b0,0,0,b10100101101001011010010110100101,b1001110001000,b11101
920000,0,0,b1110,1,0,bx,1,0,1,b10,b100000,b0,b10100101101001011010010110100101,b10000,b1000,b10,b1,b100,b1,0,1,0,0,1,1,1,b10100101101001011010010110100101,0,0,b10100101101001011010010110100101,b1110,bx,b10,b1,b100000,b0,b10100101101001011010010110100101,b10000,b1000,b10,b1,b100,b0,b1,b11001000,b10100101101001011010010110100101,b1010,1,bx,b0,0,b0,1,b1110,0,0,0,b10010110100101101001010000000000,b0,0,b0,0,1,1,b0,0,0,b10100101101001011010010110100101,b1001110001000,b11101
930000,0,0,b1110,0,0,bx,1,0,1,b10,b100000,b0,b10100101101001011010010110100101,b10000,b1000,b10,b1,b100,b1,1,1,0,0,1,1,1,b10100101101001011010010110100101,0,0,b10100101101001011010010110100101,b1110,bx,b10,b1,b100000,b0,b10100101101001011010010110100101,b10000,b1000,b10,b1,b100,b0,b1,b11001000,b10100101101001011010010110100101,b1010,1,bx,b0,0,b1,1,b1110,0,0,0,b10010110100101101001010000000000,b0,0,b0,0,1,1,b0,0,0,b10100101101001011010010110100101,b1001110001000,b11110
940000,0,0,b1110,0,0,bx,1,0,1,b10,b100000,b0,b10100101101001011010010110100101,b10000,b1000,b10,b1,b100,b1,0,1,0,0,1,1,1,b10100101101001011010010110100101,0,0,b10100101101001011010010110100101,b1110,bx,b10,b1,b100000,b0,b10100101101001011010010110100101,b10000,b1000,b10,b1,b100,b0,b1,b11001000,b10100101101001011010010110100101,b1010,1,bx,b0,0,b1,1,b1110,0,0,0,b10010110100101101001010000000000,b0,0,b0,0,1,1,b0,0,0,b10100101101001011010010110100101,b1001110001000,b11110
950000,0,0,b1110,1,0,bx,1,0,1,b10,b100000,b0,b10100101101001011010010110100101,b10000,b1000,b10,b1,b100,b1,1,1,0,0,1,1,1,b10100101101001011010010110100101,0,0,b10100101101001011010010110100101,b1110,bx,b10,b1,b100000,b0,b10100101101001011010010110100101,b10000,b1000,b10,b1,b100,b0,b1,b11001000,b10100101101001011010010110100101,b1010,1,bx,b0,0,b10,1,b1110,0,0,0,b10010110100101101001010000000000,b0,0,b0,0,1,1,b0,0,0,b10100101101001011010010110100101,b1001110001000,b11111
960000,0,0,b1110,1,0,bx,1,0,1,b10,b100000,b0,b10100101101001011010010110100101,b10000,b1000,b10,b1,b100,b1,0,1,0,0,1,1,1,b10100101101001011010010110100101,0,0,b10100101101001011010010110100101,b1110,bx,b10,b1,b100000,b0,b10100101101001011010010110100101,b10000,b1000,b10,b1,b100,b0,b1,b11001000,b10100101101001011010010110100101,b1010,1,bx,b0,0,b10,1,b1110,0,0,0,b10010110100101101001010000000000,b0,0,b0,0,1,1,b0,0,0,b10100101101001011010010110100101,b1001110001000,b11111
970000,0,0,b1110,1,0,bx,0,0,1,b10,b100000,b0,b10100101101001011010010110100101,b10000,b1000,b10,b1,b100,b1,1,1,0,0,1,1,1,b10100101101001011010010110100101,0,0,b10100101101001011010010110100101,b1110,bx,b10,b1,b100000,b0,b10100101101001011010010110100101,b10000,b1000,b10,b1,b100,b0,b1,b11001000,b10100101101001011010010110100101,b1011,1,bx,b0,0,b0,1,b1110,0,0,0,b101101001011010010100000000000,b0,0,b0,0,1,1,b0,0,0,b10100101101001011010010110100101,b1001110001000,b100000
980000,0,0,b1110,1,0,bx,0,0,1,b10,b100000,b0,b10100101101001011010010110100101,b10000,b1000,b10,b1,b100,b1,0,1,0,0,1,1,1,b10100101101001011010010110100101,0,0,b10100101101001011010010110100101,b1110,bx,b10,b1,b100000,b0,b10100101101001011010010110100101,b10000,b1000,b10,b1,b100,b0,b1,b11001000,b10100101101001011010010110100101,b1011,1,bx,b0,0,b0,1,b1110,0,0,0,b101101001011010010100000000000,b0,0,b0,0,1,1,b0,0,0,b10100101101001011010010110100101,b1001110001000,b100000
990000,0,0,b1110,0,0,bx,0,0,1,b10,b100000,b0,b10100101101001011010010110100101,b10000,b1000,b10,b1,b100,b1,1,1,0,0,1,1,1,b10100101101001011010010110100101,0,0,b10100101101001011010010110100101,b1110,bx,b10,b1,b100000,b0,b10100101101001011010010110100101,b10000,b1000,b10,b1,b100,b0,b1,b11001000,b10100101101001011010010110100101,b1011,1,bx,b0,0,b1,1,b1110,0,0,0,b101101001011010010100000000000,b0,0,b0,0,1,1,b0,0,0,b10100101101001011010010110100101,b1001110001000,b100001
1000000,0,0,b1110,0,0,bx,0,0,1,b10,b100000,b0,b10100101101001011010010110100101,b10000,b1000,b10,b1,b100,b1,0,1,0,0,1,1,1,b10100101101001011010010110100101,0,0,b10100101101001011010010110100101,b1110,bx,b10,b1,b100000,b0,b10100101101001011010010110100101,b10000,b1000,b10,b1,b100,b0,b1,b11001000,b10100101101001011010010110100101,b1011,1,bx,b0,0,b1,1,b1110,0,0,0,b101101001011010010100000000000,b0,0,b0,0,1,1,b0,0,0,b10100101101001011010010110100101,b1001110001000,b100001
1010000,0,0,b1110,1,0,bx,0,0,1,b10,b100000,b0,b10100101101001011010010110100101,b10000,b1000,b10,b1,b100,b1,1,1,0,0,1,1,1,b10100101101001011010010110100101,0,0,b10100101101001011010010110100101,b1110,bx,b10,b1,b100000,b0,b10100101101001011010010110100101,b10000,b1000,b10,b1,b100,b0,b1,b11001000,b10100101101001011010010110100101,b1011,1,bx,b0,0,b10,1,b1110,0,0,0,b101101001011010010100000000000,b0,0,b0,0,1,1,b0,0,0,b10100101101001011010010110100101,b1001110001000,b100010
1020000,0,0,b1110,1,0,bx,0,0,1,b10,b100000,b0,b10100101101001011010010110100101,b10000,b1000,b10,b1,b100,b1,0,1,0,0,1,1,1,b10100101101001011010010110100101,0,0,b10100101101001011010010110100101,b1110,bx,b10,b1,b100000,b0,b10100101101001011010010110100101,b10000,b1000,b10,b1,b100,b0,b1,b11001000,b10100101101001011010010110100101,b1011,1,bx,b0,0,b10,1,b1110,0,0,0,b101101001011010010100000000000,b0,0,b0,0,1,1,b0,0,0,b10100101101001011010010110100101,b1001110001000,b100010
1030000,0,0,b1110,1,0,bx,0,0,1,b10,b100000,b0,b10100101101001011010010110100101,b10000,b1000,b10,b1,b100,b1,1,1,0,0,1,1,1,b10100101101001011010010110100101,0,0,b10100101101001011010010110100101,b1110,bx,b10,b1,b100000,b0,b10100101101001011010010110100101,b10000,b1000,b10,b1,b100,b0,b1,b11001000,b10100101101001011010010110100101,b1100,1,bx,b0,0,b0,1,b1110,0,0,0,b1011010010110100101000000000000,b0,0,b0,0,1,1,b0,0,0,b10100101101001011010010110100101,b1001110001000,b100011
1040000,0,0,b1110,1,0,bx,0,0,1,b10,b100000,b0,b10100101101001011010010110100101,b10000,b1000,b10,b1,b100,b1,0,1,0,0,1,1,1,b10100101101001011010010110100101,0,0,b10100101101001011010010110100101,b1110,bx,b10,b1,b100000,b0,b10100101101001011010010110100101,b10000,b1000,b10,b1,b100,b0,b1,b11001000,b10100101101001011010010110100101,b1100,1,bx,b0,0,b0,1,b1110,0,0,0,b1011010010110100101000000000000,b0,0,b0,0,1,1,b0,0,0,b10100101101001011010010110100101,b1001110001000,b100011
1050000,0,0,b1110,0,0,bx,0,0,1,b10,b100000,b0,b10100101101001011010010110100101,b10000,b1000,b10,b1,b100,b1,1,1,0,0,1,1,1,b10100101101001011010010110100101,0,0,b10100101101001011010010110100101,b1110,bx,b10,b1,b100000,b0,b10100101101001011010010110100101,b10000,b1000,b10,b1,b100,b0,b1,b11001000,b10100101101001011010010110100101,b1100,1,bx,b0,0,b1,1,b1110,0,0,0,b1011010010110100101000000000000,b0,0,b0,0,1,1,b0,0,0,b10100101101001011010010110100101,b1001110001000,b100100
1060000,0,0,b1110,0,0,bx,0,0,1,b10,b100000,b0,b10100101101001011010010110100101,b10000,b1000,b10,b1,b100,b1,0,1,0,0,1,1,1,b10100101101001011010010110100101,0,0,b10100101101001011010010110100101,b1110,bx,b10,b1,b100000,b0,b10100101101001011010010110100101,b10000,b1000,b10,b1,b100,b0,b1,b11001000,b10100101101001011010010110100101,b1100,1,bx,b0,0,b1,1,b1110,0,0,0,b1011010010110100101000000000000,b0,0,b0,0,1,1,b0,0,0,b10100101101001011010010110100101,b1001110001000,b100100
1070000,0,0,b1110,1,0,bx,0,0,1,b10,b100000,b0,b10100101101001011010010110100101,b10000,b1000,b10,b1,b100,b1,1,1,0,0,1,1,1,b10100101101001011010010110100101,0,0,b10100101101001011010010110100101,b1110,bx,b10,b1,b100000,b0,b10100101101001011010010110100101,b10000,b1000,b10,b1,b100,b0,b1,b11001000,b10100101101001011010010110100101,b1100,1,bx,b0,0,b10,1,b1110,0,0,0,b1011010010110100101000000000000,b0,0,b0,0,1,1,b0,0,0,b10100101101001011010010110100101,b1001110001000,b100101
1080000,0,0,b1110,1,0,bx,0,0,1,b10,b100000,b0,b10100101101001011010010110100101,b10000,b1000,b10,b1,b100,b1,0,1,0,0,1,1,1,b10100101101001011010010110100101,0,0,b10100101101001011010010110100101,b1110,bx,b10,b1,b100000,b0,b10100101101001011010010110100101,b10000,b1000,b10,b1,b100,b0,b1,b11001000,b10100101101001011010010110100101,b1100,1,bx,b0,0,b10,1,b1110,0,0,0,b1011010010110100101000000000000,b0,0,b0,0,1,1,b0,0,0,b10100101101001011010010110100101,b1001110001000,b100101
1090000,0,0,b1110,1,0,bx,1,0,1,b10,b100000,b0,b10100101101001011010010110100101,b10000,b1000,b10,b1,b100,b1,1,1,0,0,1,1,1,b10100101101001011010010110100101,0,0,b10100101101001011010010110100101,b1110,bx,b10,b1,b100000,b0,b10100101101001011010010110100101,b10000,b1000,b10,b1,b100,b0,b1,b11001000,b10100101101001011010010110100101,b1101,1,bx,b0,0,b0,1,b1110,0,0,0,b10110100101101001010000000000000,b0,0,b0,0,1,1,b0,0,0,b10100101101001011010010110100101,b1001110001000,b100110
1100000,0,0,b1110,1,0,bx,1,0,1,b10,b100000,b0,b10100101101001011010010110100101,b10000,b1000,b10,b1,b100,b1,0,1,0,0,1,1,1,b10100101101001011010010110100101,0,0,b10100101101001011010010110100101,b1110,bx,b10,b1,b100000,b0,b10100101101001011010010110100101,b10000,b1000,b10,b1,b100,b0,b1,b11001000,b10100101101001011010010110100101,b1101,1,bx,b0,0,b0,1,b1110,0,0,0,b10110100101101001010000000000000,b0,0,b0,0,1,1,b0,0,0,b10100101101001011010010110100101,b1001110001000,b100110
1110000,0,0,b1110,0,0,bx,1,0,1,b10,b100000,b0,b10100101101001011010010110100101,b10000,b1000,b10,b1,b100,b1,1,1,0,0,1,1,1,b10100101101001011010010110100101,0,0,b10100101101001011010010110100101,b1110,bx,b10,b1,b100000,b0,b10100101101001011010010110100101,b10000,b1000,b10,b1,b100,b0,b1,b11001000,b10100101101001011010010110100101,b1101,1,bx,b0,0,b1,1,b1110,0,0,0,b10110100101101001010000000000000,b0,0,b0,0,1,1,b0,0,0,b10100101101001011010010110100101,b1001110001000,b100111
1120000,0,0,b1110,0,0,bx,1,0,1,b10,b100000,b0,b10100101101001011010010110100101,b10000,b1000,b10,b1,b100,b1,0,1,0,0,1,1,1,b10100101101001011010010110100101,0,0,b10100101101001011010010110100101,b1110,bx,b10,b1,b100000,b0,b10100101101001011010010110100101,b10000,b1000,b10,b1,b100,b0,b1,b11001000,b10100101101001011010010110100101,b1101,1,bx,b0,0,b1,1,b1110,0,0,0,b10110100101101001010000000000000,b0,0,b0,0,1,1,b0,0,0,b10100101101001011010010110100101,b1001110001000,b100111
1130000,0,0,b1110,1,0,bx,1,0,1,b10,b100000,b0,b10100101101001011010010110100101,b10000,b1000,b10,b1,b100,b1,1,1,0,0,1,1,1,b10100101101001011010010110100101,0,0,b10100101101001011010010110100101,b1110,bx,b10,b1,b100000,b0,b10100101101001011010010110100101,b10000,b1000,b10,b1,b100,b0,b1,b11001000,b10100101101001011010010110100101,b1101,1,bx,b0,0,b10,1,b1110,0,0,0,b10110100101101001010000000000000,b0,0,b0,0,1,1,b0,0,0,b10100101101001011010010110100101,b1001110001000,b101000
1140000,0,0,b1110,1,0,bx,1,0,1,b10,b100000,b0,b10100101101001011010010110100101,b10000,b1000,b10,b1,b100,b1,0,1,0,0,1,1,1,b10100101101001011010010110100101,0,0,b10100101101001011010010110100101,b1110,bx,b10,b1,b100000,b0,b10100101101001011010010110100101,b10000,b1000,b10,b1,b100,b0,b1,b11001000,b10100101101001011010010110100101,b1101,1,bx,b0,0,b10,1,b1110,0,0,0,b10110100101101001010000000000000,b0,0,b0,0,1,1,b0,0,0,b10100101101001011010010110100101,b1001110001000,b101000
1150000,0,0,b1110,1,0,bx,0,0,1,b10,b100000,b0,b10100101101001011010010110100101,b10000,b1000,b10,b1,b100,b1,1,1,0,0,1,1,1,b10100101101001011010010110100101,0,0,b10100101101001011010010110100101,b1110,bx,b10,b1,b100000,b0,b10100101101001011010010110100101,b10000,b1000,b10,b1,b100,b0,b1,b11001000,b10100101101001011010010110100101,b1110,1,bx,b0,0,b0,1,b1110,0,0,0,b1101001011010010100000000000000,b0,0,b0,0,1,1,b0,0,0,b10100101101001011010010110100101,b1001110001000,b101001
1160000,0,0,b1110,1,0,bx,0,0,1,b10,b100000,b0,b10100101101001011010010110100101,b10000,b1000,b10,b1,b100,b1,0,1,0,0,1,1,1,b10100101101001011010010110100101,0,0,b10100101101001011010010110100101,b1110,bx,b10,b1,b100000,b0,b10100101101001011010010110100101,b10000,b1000,b10,b1,b100,b0,b1,b11001000,b10100101101001011010010110100101,b1110,1,bx,b0,0,b0,1,b1110,0,0,0,b1101001011010010100000000000000,b0,0,b0,0,1,1,b0,0,0,b10100101101001011010010110100101,b1001110001000,b101001
1170000,0,0,b1110,0,0,bx,0,0,1,b10,b100000,b0,b10100101101001011010010110100101,b10000,b1000,b10,b1,b100,b1,1,1,0,0,1,1,1,b10100101101001011010010110100101,0,0,b10100101101001011010010110100101,b1110,bx,b10,b1,b100000,b0,b10100101101001011010010110100101,b10000,b1000,b10,b1,b100,b0,b1,b11001000,b10100101101001011010010110100101,b1110,1,bx,b0,0,b1,1,b1110,0,0,0,b1101001011010010100000000000000,b0,0,b0,0,1,1,b0,0,0,b10100101101001011010010110100101,b1001110001000,b101010
1180000,0,0,b1110,0,0,bx,0,0,1,b10,b100000,b0,b10100101101001011010010110100101,b10000,b1000,b10,b1,b100,b1,0,1,0,0,1,1,1,b10100101101001011010010110100101,0,0,b10100101101001011010010110100101,b1110,bx,b10,b1,b100000,b0,b10100101101001011010010110100101,b10000,b1000,b10,b1,b100,b0,b1,b11001000,b10100101101001011010010110100101,b1110,1,bx,b0,0,b1,1,b1110,0,0,0,b1101001011010010100000000000000,b0,0,b0,0,1,1,b0,0,0,b10100101101001011010010110100101,b1001110001000,b101010
1190000,0,0,b1110,1,0,bx,0,0,1,b10,b100000,b0,b10100101101001011010010110100101,b10000,b1000,b10,b1,b100,b1,1,1,0,0,1,1,1,b10100101101001011010010110100101,0,0,b10100101101001011010010110100101,b1110,bx,b10,b1,b100000,b0,b10100101101001011010010110100101,b10000,b1000,b10,b1,b100,b0,b1,b11001000,b10100101101001011010010110100101,b1110,1,bx,b0,0,b10,1,b1110,0,0,0,b1101001011010010100000000000000,b0,0,b0,0,1,1,b0,0,0,b10100101101001011010010110100101,b1001110001000,b101011
1200000,0,0,b1110,1,0,bx,0,0,1,b10,b100000,b0,b10100101101001011010010110100101,b10000,b1000,b10,b1,b100,b1,0,1,0,0,1,1,1,b10100101101001011010010110100101,0,0,b10100101101001011010010110100101,b1110,bx,b10,b1,b100000,b0,b10100101101001011010010110100101,b10000,b1000,b10,b1,b100,b0,b1,b11001000,b10100101101001011010010110100101,b1110,1,bx,b0,0,b10,1,b1110,0,0,0,b1101001011010010100000000000000,b0,0,b0,0,1,1,b0,0,0,b10100101101001011010010110100101,b1001110001000,b101011
1210000,0,0,b1110,1,0,bx,1,0,1,b10,b100000,b0,b10100101101001011010010110100101,b10000,b1000,b10,b1,b100,b1,1,1,0,0,1,1,1,b10100101101001011010010110100101,0,0,b10100101101001011010010110100101,b1110,bx,b10,b1,b100000,b0,b10100101101001011010010110100101,b10000,b1000,b10,b1,b100,b0,b1,b11001000,b10100101101001011010010110100101,b1111,1,bx,b0,0,b0,1,b1110,0,0,0,b11010010110100101000000000000000,b0,0,b0,0,1,1,b0,0,0,b10100101101001011010010110100101,b1001110001000,b101100
1220000,0,0,b1110,1,0,bx,1,0,1,b10,b100000,b0,b10100101101001011010010110100101,b10000,b1000,b10,b1,b100,b1,0,1,0,0,1,1,1,b10100101101001011010010110100101,0,0,b10100101101001011010010110100101,b1110,bx,b10,b1,b100000,b0,b10100101101001011010010110100101,b10000,b1000,b10,b1,b100,b0,b1,b11001000,b10100101101001011010010110100101,b1111,1,bx,b0,0,b0,1,b1110,0,0,0,b11010010110100101000000000000000,b0,0,b0,0,1,1,b0,0,0,b10100101101001011010010110100101,b1001110001000,b101100
1230000,0,0,b1110,0,0,bx,1,0,1,b10,b100000,b0,b10100101101001011010010110100101,b10000,b1000,b10,b1,b100,b1,1,1,0,0,1,1,1,b10100101101001011010010110100101,0,0,b10100101101001011010010110100101,b1110,bx,b10,b1,b100000,b0,b10100101101001011010010110100101,b10000,b1000,b10,b1,b100,b0,b1,b11001000,b10100101101001011010010110100101,b1111,1,bx,b0,0,b1,1,b1110,0,0,0,b11010010110100101000000000000000,b0,0,b0,0,1,1,b0,0,0,b10100101101001011010010110100101,b1001110001000,b101101
1240000,0,0,b1110,0,0,bx,1,0,1,b10,b100000,b0,b10100101101001011010010110100101,b10000,b1000,b10,b1,b100,b1,0,1,0,0,1,1,1,b10100101101001011010010110100101,0,0,b10100101101001011010010110100101,b1110,bx,b10,b1,b100000,b0,b10100101101001011010010110100101,b10000,b1000,b10,b1,b100,b0,b1,b11001000,b10100101101001011010010110100101,b1111,1,bx,b0,0,b1,1,b1110,0,0,0,b11010010110100101000000000000000,b0,0,b0,0,1,1,b0,0,0,b10100101101001011010010110100101,b1001110001000,b101101
1250000,0,0,b1110,1,0,bx,1,0,1,b10,b100000,b0,b10100101101001011010010110100101,b10000,b1000,b10,b1,b100,b1,1,1,0,0,1,1,1,b10100101101001011010010110100101,0,0,b10100101101001011010010110100101,b1110,bx,b10,b1,b100000,b0,b10100101101001011010010110100101,b10000,b1000,b10,b1,b100,b0,b1,b11001000,b10100101101001011010010110100101,b1111,1,bx,b0,0,b10,1,b1110,0,0,0,b11010010110100101000000000000000,b0,0,b0,0,1,1,b0,0,0,b10100101101001011010010110100101,b1001110001000,b101110
1260000,0,0,b1110,1,0,bx,1,0,1,b10,b100000,b0,b10100101101001011010010110100101,b10000,b1000,b10,b1,b100,b1,0,1,0,0,1,1,1,b10100101101001011010010110100101,0,0,b10100101101001011010010110100101,b1110,bx,b10,b1,b100000,b0,b10100101101001011010010110100101,b10000,b1000,b10,b1,b100,b0,b1,b11001000,b10100101101001011010010110100101,b1111,1,bx,b0,0,b10,1,b1110,0,0,0,b11010010110100101000000000000000,b0,0,b0,0,1,1,b0,0,0,b10100101101001011010010110100101,b1001110001000,b101110
1270000,0,0,b1110,1,0,bx,1,0,1,b10,b100000,b0,b10100101101001011010010110100101,b10000,b1000,b10,b1,b100,b1,1,1,0,0,1,1,1,b10100101101001011010010110100101,0,0,b10100101101001011010010110100101,b1110,bx,b10,b1,b100000,b0,b10100101101001011010010110100101,b10000,b1000,b10,b1,b100,b0,b1,b11001000,b10100101101001011010010110100101,b10000,1,bx,b0,0,b0,1,b1110,0,0,0,b10100101101001010000000000000000,b0,0,b0,0,1,1,b0,0,0,b10100101101001011010010110100101,b1001110001000,b101111
1280000,0,0,b1110,1,0,bx,1,0,1,b10,b100000,b0,b10100101101001011010010110100101,b10000,b1000,b10,b1,b100,b1,0,1,0,0,1,1,1,b10100101101001011010010110100101,0,0,b10100101101001011010010110100101,b1110,bx,b10,b1,b100000,b0,b10100101101001011010010110100101,b10000,b1000,b10,b1,b100,b0,b1,b11001000,b10100101101001011010010110100101,b10000,1,bx,b0,0,b0,1,b1110,0,0,0,b10100101101001010000000000000000,b0,0,b0,0,1,1,b0,0,0,b10100101101001011010010110100101,b1001110001000,b101111
1290000,0,0,b1110,0,0,bx,1,0,1,b10,b100000,b0,b10100101101001011010010110100101,b10000,b1000,b10,b1,b100,b1,1,1,0,0,1,1,1,b10100101101001011010010110100101,0,0,b10100101101001011010010110100101,b1110,bx,b10,b1,b100000,b0,b10100101101001011010010110100101,b10000,b1000,b10,b1,b100,b0,b1,b11001000,b10100101101001011010010110100101,b10000,1,bx,b0,0,b1,1,b1110,0,0,0,b10100101101001010000000000000000,b0,0,b0,0,1,1,b0,0,0,b10100101101001011010010110100101,b1001110001000,b110000
1300000,0,0,b1110,0,0,bx,1,0,1,b10,b100000,b0,b10100101101001011010010110100101,b10000,b1000,b10,b1,b100,b1,0,1,0,0,1,1,1,b10100101101001011010010110100101,0,0,b10100101101001011010010110100101,b1110,bx,b10,b1,b100000,b0,b10100101101001011010010110100101,b10000,b1000,b10,b1,b100,b0,b1,b11001000,b10100101101001011010010110100101,b10000,1,bx,b0,0,b1,1,b1110,0,0,0,b10100101101001010000000000000000,b0,0,b0,0,1,1,b0,0,0,b10100101101001011010010110100101,b1001110001000,b110000
1310000,0,0,b1110,1,0,bx,1,0,1,b10,b100000,b0,b10100101101001011010010110100101,b10000,b1000,b10,b1,b100,b1,1,1,0,0,1,1,1,b10100101101001011010010110100101,0,0,b10100101101001011010010110100101,b1110,bx,b10,b1,b100000,b0,b10100101101001011010010110100101,b10000,b1000,b10,b1,b100,b0,b1,b11001000,b10100101101001011010010110100101,b10000,1,bx,b0,0,b10,1,b1110,0,0,0,b10100101101001010000000000000000,b0,0,b0,0,1,1,b0,0,0,b10100101101001011010010110100101,b1001110001000,b110001
1320000,0,0,b1110,1,0,bx,1,0,1,b10,b100000,b0,b10100101101001011010010110100101,b10000,b1000,b10,b1,b100,b1,0,1,0,0,1,1,1,b10100101101001011010010110100101,0,0,b10100101101001011010010110100101,b1110,bx,b10,b1,b100000,b0,b10100101101001011010010110100101,b10000,b1000,b10,b1,b100,b0,b1,b11001000,b10100101101001011010010110100101,b10000,1,bx,b0,0,b10,1,b1110,0,0,0,b10100101101001010000000000000000,b0,0,b0,0,1,1,b0,0,0,b10100101101001011010010110100101,b1001110001000,b110001
1330000,0,0,b1110,1,0,bx,0,0,1,b10,b100000,b0,b10100101101001011010010110100101,b10000,b1000,b10,b1,b100,b1,1,1,0,0,1,1,1,b10100101101001011010010110100101,0,0,b10100101101001011010010110100101,b1110,bx,b10,b1,b100000,b0,b10100101101001011010010110100101,b10000,b1000,b10,b1,b100,b0,b1,b11001000,b10100101101001011010010110100101,b10001,1,bx,b0,0,b0,1,b1110,0,0,0,b1001011010010100000000000000000,b0,0,b0,0,1,1,b0,0,0,b10100101101001011010010110100101,b1001110001000,b110010
1340000,0,0,b1110,1,0,bx,0,0,1,b10,b100000,b0,b10100101101001011010010110100101,b10000,b1000,b10,b1,b100,b1,0,1,0,0,1,1,1,b10100101101001011010010110100101,0,0,b10100101101001011010010110100101,b1110,bx,b10,b1,b100000,b0,b10100101101001011010010110100101,b10000,b1000,b10,b1,b100,b0,b1,b11001000,b10100101101001011010010110100101,b10001,1,bx,b0,0,b0,1,b1110,0,0,0,b1001011010010100000000000000000,b0,0,b0,0,1,1,b0,0,0,b10100101101001011010010110100101,b1001110001000,b110010
1350000,0,0,b1110,0,0,bx,0,0,1,b10,b100000,b0,b10100101101001011010010110100101,b10000,b1000,b10,b1,b100,b1,1,1,0,0,1,1,1,b10100101101001011010010110100101,0,0,b10100101101001011010010110100101,b1110,bx,b10,b1,b100000,b0,b10100101101001011010010110100101,b10000,b1000,b10,b1,b100,b0,b1,b11001000,b10100101101001011010010110100101,b10001,1,bx,b0,0,b1,1,b1110,0,0,0,b1001011010010100000000000000000,b0,0,b0,0,1,1,b0,0,0,b10100101101001011010010110100101,b1001110001000,b110011
1360000,0,0,b1110,0,0,bx,0,0,1,b10,b100000,b0,b10100101101001011010010110100101,b10000,b1000,b10,b1,b100,b1,0,1,0,0,1,1,1,b10100101101001011010010110100101,0,0,b10100101101001011010010110100101,b1110,bx,b10,b1,b100000,b0,b10100101101001011010010110100101,b10000,b1000,b10,b1,b100,b0,b1,b11001000,b10100101101001011010010110100101,b10001,1,bx,b0,0,b1,1,b1110,0,0,0,b1001011010010100000000000000000,b0,0,b0,0,1,1,b0,0,0,b10100101101001011010010110100101,b1001110001000,b110011
1370000,0,0,b1110,1,0,bx,0,0,1,b10,b100000,b0,b10100101101001011010010110100101,b10000,b1000,b10,b1,b100,b1,1,1,0,0,1,1,1,b10100101101001011010010110100101,0,0,b10100101101001011010010110100101,b1110,bx,b10,b1,b100000,b0,b10100101101001011010010110100101,b10000,b1000,b10,b1,b100,b0,b1,b11001000,b10100101101001011010010110100101,b10001,1,bx,b0,0,b10,1,b1110,0,0,0,b1001011010010100000000000000000,b0,0,b0,0,1,1,b0,0,0,b10100101101001011010010110100101,b1001110001000,b110100
1380000,0,0,b1110,1,0,bx,0,0,1,b10,b100000,b0,b10100101101001011010010110100101,b10000,b1000,b10,b1,b100,b1,0,1,0,0,1,1,1,b10100101101001011010010110100101,0,0,b10100101101001011010010110100101,b1110,bx,b10,b1,b100000,b0,b10100101101001011010010110100101,b10000,b1000,b10,b1,b100,b0,b1,b11001000,b10100101101001011010010110100101,b10001,1,bx,b0,0,b10,1,b1110,0,0,0,b1001011010010100000000000000000,b0,0,b0,0,1,1,b0,0,0,b10100101101001011010010110100101,b1001110001000,b110100
1390000,0,0,b1110,1,0,bx,1,0,1,b10,b100000,b0,b10100101101001011010010110100101,b10000,b1000,b10,b1,b100,b1,1,1,0,0,1,1,1,b10100101101001011010010110100101,0,0,b10100101101001011010010110100101,b1110,bx,b10,b1,b100000,b0,b10100101101001011010010110100101,b10000,b1000,b10,b1,b100,b0,b1,b11001000,b10100101101001011010010110100101,b10010,1,bx,b0,0,b0,1,b1110,0,0,0,b10010110100101000000000000000000,b0,0,b0,0,1,1,b0,0,0,b10100101101001011010010110100101,b1001110001000,b110101
1400000,0,0,b1110,1,0,bx,1,0,1,b10,b100000,b0,b10100101101001011010010110100101,b10000,b1000,b10,b1,b100,b1,0,1,0,0,1,1,1,b10100101101001011010010110100101,0,0,b10100101101001011010010110100101,b1110,bx,b10,b1,b100000,b0,b10100101101001011010010110100101,b10000,b1000,b10,b1,b100,b0,b1,b11001000,b10100101101001011010010110100101,b10010,1,bx,b0,0,b0,1,b1110,0,0,0,b10010110100101000000000000000000,b0,0,b0,0,1,1,b0,0,0,b10100101101001011010010110100101,b1001110001000,b110101
1410000,0,0,b1110,0,0,bx,1,0,1,b10,b100000,b0,b10100101101001011010010110100101,b10000,b1000,b10,b1,b100,b1,1,1,0,0,1,1,1,b10100101101001011010010110100101,0,0,b10100101101001011010010110100101,b1110,bx,b10,b1,b100000,b0,b10100101101001011010010110100101,b10000,b1000,b10,b1,b100,b0,b1,b11001000,b10100101101001011010010110100101,b10010,1,bx,b0,0,b1,1,b1110,0,0,0,b10010110100101000000000000000000,b0,0,b0,0,1,1,b0,0,0,b10100101101001011010010110100101,b1001110001000,b110110
1420000,0,0,b1110,0,0,bx,1,0,1,b10,b100000,b0,b10100101101001011010010110100101,b10000,b1000,b10,b1,b100,b1,0,1,0,0,1,1,1,b10100101101001011010010110100101,0,0,b10100101101001011010010110100101,b1110,bx,b10,b1,b100000,b0,b10100101101001011010010110100101,b10000,b1000,b10,b1,b100,b0,b1,b11001000,b10100101101001011010010110100101,b10010,1,bx,b0,0,b1,1,b1110,0,0,0,b10010110100101000000000000000000,b0,0,b0,0,1,1,b0,0,0,b10100101101001011010010110100101,b1001110001000,b110110
1430000,0,0,b1110,1,0,bx,1,0,1,b10,b100000,b0,b10100101101001011010010110100101,b10000,b1000,b10,b1,b100,b1,1,1,0,0,1,1,1,b10100101101001011010010110100101,0,0,b10100101101001011010010110100101,b1110,bx,b10,b1,b100000,b0,b10100101101001011010010110100101,b10000,b1000,b10,b1,b100,b0,b1,b11001000,b10100101101001011010010110100101,b10010,1,bx,b0,0,b10,1,b1110,0,0,0,b10010110100101000000000000000000,b0,0,b0,0,1,1,b0,0,0,b10100101101001011010010110100101,b1001110001000,b110111
1440000,0,0,b1110,1,0,bx,1,0,1,b10,b100000,b0,b10100101101001011010010110100101,b10000,b1000,b10,b1,b100,b1,0,1,0,0,1,1,1,b10100101101001011010010110100101,0,0,b10100101101001011010010110100101,b1110,bx,b10,b1,b100000,b0,b10100101101001011010010110100101,b10000,b1000,b10,b1,b100,b0,b1,b11001000,b10100101101001011010010110100101,b10010,1,bx,b0,0,b10,1,b1110,0,0,0,b10010110100101000000000000000000,b0,0,b0,0,1,1,b0,0,0,b10100101101001011010010110100101,b1001110001000,b110111
1450000,0,0,b1110,1,0,bx,0,0,1,b10,b100000,b0,b10100101101001011010010110100101,b10000,b1000,b10,b1,b100,b1,1,1,0,0,1,1,1,b10100101101001011010010110100101,0,0,b10100101101001011010010110100101,b1110,bx,b10,b1,b100000,b0,b10100101101001011010010110100101,b10000,b1000,b10,b1,b100,b0,b1,b11001000,b10100101101001011010010110100101,b10011,1,bx,b0,0,b0,1,b1110,0,0,0,b101101001010000000000000000000,b0,0,b0,0,1,1,b0,0,0,b10100101101001011010010110100101,b1001110001000,b111000
1460000,0,0,b1110,1,0,bx,0,0,1,b10,b100000,b0,b10100101101001011010010110100101,b10000,b1000,b10,b1,b100,b1,0,1,0,0,1,1,1,b10100101101001011010010110100101,0,0,b10100101101001011010010110100101,b1110,bx,b10,b1,b100000,b0,b10100101101001011010010110100101,b10000,b1000,b10,b1,b100,b0,b1,b11001000,b10100101101001011010010110100101,b10011,1,bx,b0,0,b0,1,b1110,0,0,0,b101101001010000000000000000000,b0,0,b0,0,1,1,b0,0,0,b10100101101001011010010110100101,b1001110001000,b111000
1470000,0,0,b1110,0,0,bx,0,0,1,b10,b100000,b0,b10100101101001011010010110100101,b10000,b1000,b10,b1,b100,b1,1,1,0,0,1,1,1,b10100101101001011010010110100101,0,0,b10100101101001011010010110100101,b1110,bx,b10,b1,b100000,b0,b10100101101001011010010110100101,b10000,b1000,b10,b1,b100,b0,b1,b11001000,b10100101101001011010010110100101,b10011,1,bx,b0,0,b1,1,b1110,0,0,0,b101101001010000000000000000000,b0,0,b0,0,1,1,b0,0,0,b10100101101001011010010110100101,b1001110001000,b111001
1480000,0,0,b1110,0,0,bx,0,0,1,b10,b100000,b0,b10100101101001011010010110100101,b10000,b1000,b10,b1,b100,b1,0,1,0,0,1,1,1,b10100101101001011010010110100101,0,0,b10100101101001011010010110100101,b1110,bx,b10,b1,b100000,b0,b10100101101001011010010110100101,b10000,b1000,b10,b1,b100,b0,b1,b11001000,b10100101101001011010010110100101,b10011,1,bx,b0,0,b1,1,b1110,0,0,0,b101101001010000000000000000000,b0,0,b0,0,1,1,b0,0,0,b10100101101001011010010110100101,b1001110001000,b111001
1490000,0,0,b1110,1,0,bx,0,0,1,b10,b100000,b0,b10100101101001011010010110100101,b10000,b1000,b10,b1,b100,b1,1,1,0,0,1,1,1,b10100101101001011010010110100101,0,0,b10100101101001011010010110100101,b1110,bx,b10,b1,b100000,b0,b10100101101001011010010110100101,b10000,b1000,b10,b1,b100,b0,b1,b11001000,b10100101101001011010010110100101,b10011,1,bx,b0,0,b10,1,b1110,0,0,0,b101101001010000000000000000000,b0,0,b0,0,1,1,b0,0,0,b10100101101001011010010110100101,b1001110001000,b111010
1500000,0,0,b1110,1,0,bx,0,0,1,b10,b100000,b0,b10100101101001011010010110100101,b10000,b1000,b10,b1,b100,b1,0,1,0,0,1,1,1,b10100101101001011010010110100101,0,0,b10100101101001011010010110100101,b1110,bx,b10,b1,b100000,b0,b10100101101001011010010110100101,b10000,b1000,b10,b1,b100,b0,b1,b11001000,b10100101101001011010010110100101,b10011,1,bx,b0,0,b10,1,b1110,0,0,0,b101101001010000000000000000000,b0,0,b0,0,1,1,b0,0,0,b10100101101001011010010110100101,b1001110001000,b111010
1510000,0,0,b1110,1,0,bx,0,0,1,b10,b100000,b0,b10100101101001011010010110100101,b10000,b1000,b10,b1,b100,b1,1,1,0,0,1,1,1,b10100101101001011010010110100101,0,0,b10100101101001011010010110100101,b1110,bx,b10,b1,b100000,b0,b10100101101001011010010110100101,b10000,b1000,b10,b1,b100,b0,b1,b11001000,b10100101101001011010010110100101,b10100,1,bx,b0,0,b0,1,b1110,0,0,0,b1011010010100000000000000000000,b0,0,b0,0,1,1,b0,0,0,b10100101101001011010010110100101,b1001110001000,b111011
1520000,0,0,b1110,1,0,bx,0,0,1,b10,b100000,b0,b10100101101001011010010110100101,b10000,b1000,b10,b1,b100,b1,0,1,0,0,1,1,1,b10100101101001011010010110100101,0,0,b10100101101001011010010110100101,b1110,bx,b10,b1,b100000,b0,b10100101101001011010010110100101,b10000,b1000,b10,b1,b100,b0,b1,b11001000,b10100101101001011010010110100101,b10100,1,bx,b0,0,b0,1,b1110,0,0,0,b1011010010100000000000000000000,b0,0,b0,0,1,1,b0,0,0,b10100101101001011010010110100101,b1001110001000,b111011
1530000,0,0,b1110,0,0,bx,0,0,1,b10,b100000,b0,b10100101101001011010010110100101,b10000,b1000,b10,b1,b100,b1,1,1,0,0,1,1,1,b10100101101001011010010110100101,0,0,b10100101101001011010010110100101,b1110,bx,b10,b1,b100000,b0,b10100101101001011010010110100101,b10000,b1000,b10,b1,b100,b0,b1,b11001000,b10100101101001011010010110100101,b10100,1,bx,b0,0,b1,1,b1110,0,0,0,b1011010010100000000000000000000,b0,0,b0,0,1,1,b0,0,0,b10100101101001011010010110100101,b1001110001000,b111100
1540000,0,0,b1110,0,0,bx,0,0,1,b10,b100000,b0,b10100101101001011010010110100101,b10000,b1000,b10,b1,b100,b1,0,1,0,0,1,1,1,b10100101101001011010010110100101,0,0,b10100101101001011010010110100101,b1110,bx,b10,b1,b100000,b0,b10100101101001011010010110100101,b10000,b1000,b10,b1,b100,b0,b1,b11001000,b10100101101001011010010110100101,b10100,1,bx,b0,0,b1,1,b1110,0,0,0,b1011010010100000000000000000000,b0,0,b0,0,1,1,b0,0,0,b10100101101001011010010110100101,b1001110001000,b111100
1550000,0,0,b1110,1,0,bx,0,0,1,b10,b100000,b0,b10100101101001011010010110100101,b10000,b1000,b10,b1,b100,b1,1,1,0,0,1,1,1,b10100101101001011010010110100101,0,0,b10100101101001011010010110100101,b1110,bx,b10,b1,b100000,b0,b10100101101001011010010110100101,b10000,b1000,b10,b1,b100,b0,b1,b11001000,b10100101101001011010010110100101,b10100,1,bx,b0,0,b10,1,b1110,0,0,0,b1011010010100000000000000000000,b0,0,b0,0,1,1,b0,0,0,b10100101101001011010010110100101,b1001110001000,b111101
1560000,0,0,b1110,1,0,bx,0,0,1,b10,b100000,b0,b10100101101001011010010110100101,b10000,b1000,b10,b1,b100,b1,0,1,0,0,1,1,1,b10100101101001011010010110100101,0,0,b10100101101001011010010110100101,b1110,bx,b10,b1,b100000,b0,b10100101101001011010010110100101,b10000,b1000,b10,b1,b100,b0,b1,b11001000,b10100101101001011010010110100101,b10100,1,bx,b0,0,b10,1,b1110,0,0,0,b1011010010100000000000000000000,b0,0,b0,0,1,1,b0,0,0,b10100101101001011010010110100101,b1001110001000,b111101
1570000,0,0,b1110,1,0,bx,1,0,1,b10,b100000,b0,b10100101101001011010010110100101,b10000,b1000,b10,b1,b100,b1,1,1,0,0,1,1,1,b10100101101001011010010110100101,0,0,b10100101101001011010010110100101,b1110,bx,b10,b1,b100000,b0,b10100101101001011010010110100101,b10000,b1000,b10,b1,b100,b0,b1,b11001000,b10100101101001011010010110100101,b10101,1,bx,b0,0,b0,1,b1110,0,0,0,b10110100101000000000000000000000,b0,0,b0,0,1,1,b0,0,0,b10100101101001011010010110100101,b1001110001000,b111110
1580000,0,0,b1110,1,0,bx,1,0,1,b10,b100000,b0,b10100101101001011010010110100101,b10000,b1000,b10,b1,b100,b1,0,1,0,0,1,1,1,b10100101101001011010010110100101,0,0,b10100101101001011010010110100101,b1110,bx,b10,b1,b100000,b0,b10100101101001011010010110100101,b10000,b1000,b10,b1,b100,b0,b1,b11001000,b10100101101001011010010110100101,b10101,1,bx,b0,0,b0,1,b1110,0,0,0,b10110100101000000000000000000000,b0,0,b0,0,1,1,b0,0,0,b10100101101001011010010110100101,b1001110001000,b111110
1590000,0,0,b1110,0,0,bx,1,0,1,b10,b100000,b0,b10100101101001011010010110100101,b10000,b1000,b10,b1,b100,b1,1,1,0,0,1,1,1,b10100101101001011010010110100101,0,0,b10100101101001011010010110100101,b1110,bx,b10,b1,b100000,b0,b10100101101001011010010110100101,b10000,b1000,b10,b1,b100,b0,b1,b11001000,b10100101101001011010010110100101,b10101,1,bx,b0,0,b1,1,b1110,0,0,0,b10110100101000000000000000000000,b0,0,b0,0,1,1,b0,0,0,b10100101101001011010010110100101,b1001110001000,b111111
1600000,0,0,b1110,0,0,bx,1,0,1,b10,b100000,b0,b10100101101001011010010110100101,b10000,b1000,b10,b1,b100,b1,0,1,0,0,1,1,1,b10100101101001011010010110100101,0,0,b10100101101001011010010110100101,b1110,bx,b10,b1,b100000,b0,b10100101101001011010010110100101,b10000,b1000,b10,b1,b100,b0,b1,b11001000,b10100101101001011010010110100101,b10101,1,bx,b0,0,b1,1,b1110,0,0,0,b10110100101000000000000000000000,b0,0,b0,0,1,1,b0,0,0,b10100101101001011010010110100101,b1001110001000,b111111
1610000,0,0,b1110,1,0,bx,1,0,1,b10,b100000,b0,b10100101101001011010010110100101,b10000,b1000,b10,b1,b100,b1,1,1,0,0,1,1,1,b10100101101001011010010110100101,0,0,b10100101101001011010010110100101,b1110,bx,b10,b1,b100000,b0,b10100101101001011010010110100101,b10000,b1000,b10,b1,b100,b0,b1,b11001000,b10100101101001011010010110100101,b10101,1,bx,b0,0,b10,1,b1110,0,0,0,b10110100101000000000000000000000,b0,0,b0,0,1,1,b0,0,0,b10100101101001011010010110100101,b1001110001000,b1000000
1620000,0,0,b1110,1,0,bx,1,0,1,b10,b100000,b0,b10100101101001011010010110100101,b10000,b1000,b10,b1,b100,b1,0,1,0,0,1,1,1,b10100101101001011010010110100101,0,0,b10100101101001011010010110100101,b1110,bx,b10,b1,b100000,b0,b10100101101001011010010110100101,b10000,b1000,b10,b1,b100,b0,b1,b11001000,b10100101101001011010010110100101,b10101,1,bx,b0,0,b10,1,b1110,0,0,0,b10110100101000000000000000000000,b0,0,b0,0,1,1,b0,0,0,b10100101101001011010010110100101,b1001110001000,b1000000
1630000,0,0,b1110,1,0,bx,0,0,1,b10,b100000,b0,b10100101101001011010010110100101,b10000,b1000,b10,b1,b100,b1,1,1,0,0,1,1,1,b10100101101001011010010110100101,0,0,b10100101101001011010010110100101,b1110,bx,b10,b1,b100000,b0,b10100101101001011010010110100101,b10000,b1000,b10,b1,b100,b0,b1,b11001000,b10100101101001011010010110100101,b10110,1,bx,b0,0,b0,1,b1110,0,0,0,b1101001010000000000000000000000,b0,0,b0,0,1,1,b0,0,0,b10100101101001011010010110100101,b1001110001000,b1000001
1640000,0,0,b1110,1,0,bx,0,0,1,b10,b100000,b0,b10100101101001011010010110100101,b10000,b1000,b10,b1,b100,b1,0,1,0,0,1,1,1,b10100101101001011010010110100101,0,0,b10100101101001011010010110100101,b1110,bx,b10,b1,b100000,b0,b10100101101001011010010110100101,b10000,b1000,b10,b1,b100,b0,b1,b11001000,b10100101101001011010010110100101,b10110,1,bx,b0,0,b0,1,b1110,0,0,0,b1101001010000000000000000000000,b0,0,b0,0,1,1,b0,0,0,b10100101101001011010010110100101,b1001110001000,b1000001
1650000,0,0,b1110,0,0,bx,0,0,1,b10,b100000,b0,b10100101101001011010010110100101,b10000,b1000,b10,b1,b100,b1,1,1,0,0,1,1,1,b10100101101001011010010110100101,0,0,b10100101101001011010010110100101,b1110,bx,b10,b1,b100000,b0,b10100101101001011010010110100101,b10000,b1000,b10,b1,b100,b0,b1,b11001000,b10100101101001011010010110100101,b10110,1,bx,b0,0,b1,1,b1110,0,0,0,b1101001010000000000000000000000,b0,0,b0,0,1,1,b0,0,0,b10100101101001011010010110100101,b1001110001000,b1000010
1660000,0,0,b1110,0,0,bx,0,0,1,b10,b100000,b0,b10100101101001011010010110100101,b10000,b1000,b10,b1,b100,b1,0,1,0,0,1,1,1,b10100101101001011010010110100101,0,0,b10100101101001011010010110100101,b1110,bx,b10,b1,b100000,b0,b10100101101001011010010110100101,b10000,b1000,b10,b1,b100,b0,b1,b11001000,b10100101101001011010010110100101,b10110,1,bx,b0,0,b1,1,b1110,0,0,0,b1101001010000000000000000000000,b0,0,b0,0,1,1,b0,0,0,b10100101101001011010010110100101,b1001110001000,b1000010
1670000,0,0,b1110,1,0,bx,0,0,1,b10,b100000,b0,b10100101101001011010010110100101,b10000,b1000,b10,b1,b100,b1,1,1,0,0,1,1,1,b10100101101001011010010110100101,0,0,b10100101101001011010010110100101,b1110,bx,b10,b1,b100000,b0,b10100101101001011010010110100101,b10000,b1000,b10,b1,b100,b0,b1,b11001000,b10100101101001011010010110100101,b10110,1,bx,b0,0,b10,1,b1110,0,0,0,b1101001010000000000000000000000,b0,0,b0,0,1,1,b0,0,0,b10100101101001011010010110100101,b1001110001000,b1000011
1680000,0,0,b1110,1,0,bx,0,0,1,b10,b100000,b0,b10100101101001011010010110100101,b10000,b1000,b10,b1,b100,b1,0,1,0,0,1,1,1,b10100101101001011010010110100101,0,0,b10100101101001011010010110100101,b1110,bx,b10,b1,b100000,b0,b10100101101001011010010110100101,b10000,b1000,b10,b1,b100,b0,b1,b11001000,b10100101101001011010010110100101,b10110,1,bx,b0,0,b10,1,b1110,0,0,0,b1101001010000000000000000000000,b0,0,b0,0,1,1,b0,0,0,b10100101101001011010010110100101,b1001110001000,b1000011
1690000,0,0,b1110,1,0,bx,1,0,1,b10,b100000,b0,b10100101101001011010010110100101,b10000,b1000,b10,b1,b100,b1,1,1,0,0,1,1,1,b10100101101001011010010110100101,0,0,b10100101101001011010010110100101,b1110,bx,b10,b1,b100000,b0,b10100101101001011010010110100101,b10000,b1000,b10,b1,b100,b0,b1,b11001000,b10100101101001011010010110100101,b10111,1,bx,b0,0,b0,1,b1110,0,0,0,b11010010100000000000000000000000,b0,0,b0,0,1,1,b0,0,0,b10100101101001011010010110100101,b1001110001000,b1000100
1700000,0,0,b1110,1,0,bx,1,0,1,b10,b100000,b0,b10100101101001011010010110100101,b10000,b1000,b10,b1,b100,b1,0,1,0,0,1,1,1,b10100101101001011010010110100101,0,0,b10100101101001011010010110100101,b1110,bx,b10,b1,b100000,b0,b10100101101001011010010110100101,b10000,b1000,b10,b1,b100,b0,b1,b11001000,b10100101101001011010010110100101,b10111,1,bx,b0,0,b0,1,b1110,0,0,0,b11010010100000000000000000000000,b0,0,b0,0,1,1,b0,0,0,b10100101101001011010010110100101,b1001110001000,b1000100
1710000,0,0,b1110,0,0,bx,1,0,1,b10,b100000,b0,b10100101101001011010010110100101,b10000,b1000,b10,b1,b100,b1,1,1,0,0,1,1,1,b10100101101001011010010110100101,0,0,b10100101101001011010010110100101,b1110,bx,b10,b1,b100000,b0,b10100101101001011010010110100101,b10000,b1000,b10,b1,b100,b0,b1,b11001000,b10100101101001011010010110100101,b10111,1,bx,b0,0,b1,1,b1110,0,0,0,b11010010100000000000000000000000,b0,0,b0,0,1,1,b0,0,0,b10100101101001011010010110100101,b1001110001000,b1000101
1720000,0,0,b1110,0,0,bx,1,0,1,b10,b100000,b0,b10100101101001011010010110100101,b10000,b1000,b10,b1,b100,b1,0,1,0,0,1,1,1,b10100101101001011010010110100101,0,0,b10100101101001011010010110100101,b1110,bx,b10,b1,b100000,b0,b10100101101001011010010110100101,b10000,b1000,b10,b1,b100,b0,b1,b11001000,b10100101101001011010010110100101,b10111,1,bx,b0,0,b1,1,b1110,0,0,0,b11010010100000000000000000000000,b0,0,b0,0,1,1,b0,0,0,b10100101101001011010010110100101,b1001110001000,b1000101
1730000,0,0,b1110,1,0,bx,1,0,1,b10,b100000,b0,b10100101101001011010010110100101,b10000,b1000,b10,b1,b100,b1,1,1,0,0,1,1,1,b10100101101001011010010110100101,0,0,b10100101101001011010010110100101,b1110,bx,b10,b1,b100000,b0,b10100101101001011010010110100101,b10000,b1000,b10,b1,b100,b0,b1,b11001000,b10100101101001011010010110100101,b10111,1,bx,b0,0,b10,1,b1110,0,0,0,b11010010100000000000000000000000,b0,0,b0,0,1,1,b0,0,0,b10100101101001011010010110100101,b1001110001000,b1000110
1740000,0,0,b1110,1,0,bx,1,0,1,b10,b100000,b0,b10100101101001011010010110100101,b10000,b1000,b10,b1,b100,b1,0,1,0,0,1,1,1,b10100101101001011010010110100101,0,0,b10100101101001011010010110100101,b1110,bx,b10,b1,b100000,b0,b10100101101001011010010110100101,b10000,b1000,b10,b1,b100,b0,b1,b11001000,b10100101101001011010010110100101,b10111,1,bx,b0,0,b10,1,b1110,0,0,0,b11010010100000000000000000000000,b0,0,b0,0,1,1,b0,0,0,b10100101101001011010010110100101,b1001110001000,b1000110
1750000,0,0,b1110,1,0,bx,1,0,1,b10,b100000,b0,b10100101101001011010010110100101,b10000,b1000,b10,b1,b100,b1,1,1,0,0,1,1,1,b10100101101001011010010110100101,0,0,b10100101101001011010010110100101,b1110,bx,b10,b1,b100000,b0,b10100101101001011010010110100101,b10000,b1000,b10,b1,b100,b0,b1,b11001000,b10100101101001011010010110100101,b11000,1,bx,b0,0,b0,1,b1110,0,0,0,b10100101000000000000000000000000,b0,0,b0,0,1,1,b0,0,0,b10100101101001011010010110100101,b1001110001000,b1000111
1760000,0,0,b1110,1,0,bx,1,0,1,b10,b100000,b0,b10100101101001011010010110100101,b10000,b1000,b10,b1,b100,b1,0,1,0,0,1,1,1,b10100101101001011010010110100101,0,0,b10100101101001011010010110100101,b1110,bx,b10,b1,b100000,b0,b10100101101001011010010110100101,b10000,b1000,b10,b1,b100,b0,b1,b11001000,b10100101101001011010010110100101,b11000,1,bx,b0,0,b0,1,b1110,0,0,0,b10100101000000000000000000000000,b0,0,b0,0,1,1,b0,0,0,b10100101101001011010010110100101,b1001110001000,b1000111
1770000,0,0,b1110,0,0,bx,1,0,1,b10,b100000,b0,b10100101101001011010010110100101,b10000,b1000,b10,b1,b100,b1,1,1,0,0,1,1,1,b10100101101001011010010110100101,0,0,b10100101101001011010010110100101,b1110,bx,b10,b1,b100000,b0,b10100101101001011010010110100101,b10000,b1000,b10,b1,b100,b0,b1,b11001000,b10100101101001011010010110100101,b11000,1,bx,b0,0,b1,1,b1110,0,0,0,b10100101000000000000000000000000,b0,0,b0,0,1,1,b0,0,0,b10100101101001011010010110100101,b1001110001000,b1001000
1780000,0,0,b1110,0,0,bx,1,0,1,b10,b100000,b0,b10100101101001011010010110100101,b10000,b1000,b10,b1,b100,b1,0,1,0,0,1,1,1,b10100101101001011010010110100101,0,0,b10100101101001011010010110100101,b1110,bx,b10,b1,b100000,b0,b10100101101001011010010110100101,b10000,b1000,b10,b1,b100,b0,b1,b11001000,b10100101101001011010010110100101,b11000,1,bx,b0,0,b1,1,b1110,0,0,0,b10100101000000000000000000000000,b0,0,b0,0,1,1,b0,0,0,b10100101101001011010010110100101,b1001110001000,b1001000
1790000,0,0,b1110,1,0,bx,1,0,1,b10,b100000,b0,b10100101101001011010010110100101,b10000,b1000,b10,b1,b100,b1,1,1,0,0,1,1,1,b10100101101001011010010110100101,0,0,b10100101101001011010010110100101,b1110,bx,b10,b1,b100000,b0,b10100101101001011010010110100101,b10000,b1000,b10,b1,b100,b0,b1,b11001000,b10100101101001011010010110100101,b11000,1,bx,b0,0,b10,1,b1110,0,0,0,b10100101000000000000000000000000,b0,0,b0,0,1,1,b0,0,0,b10100101101001011010010110100101,b1001110001000,b1001001
1800000,0,0,b1110,1,0,bx,1,0,1,b10,b100000,b0,b10100101101001011010010110100101,b10000,b1000,b10,b1,b100,b1,0,1,0,0,1,1,1,b10100101101001011010010110100101,0,0,b10100101101001011010010110100101,b1110,bx,b10,b1,b100000,b0,b10100101101001011010010110100101,b10000,b1000,b10,b1,b100,b0,b1,b11001000,b10100101101001011010010110100101,b11000,1,bx,b0,0,b10,1,b1110,0,0,0,b10100101000000000000000000000000,b0,0,b0,0,1,1,b0,0,0,b10100101101001011010010110100101,b1001110001000,b1001001
1810000,0,0,b1110,1,0,bx,0,0,1,b10,b100000,b0,b10100101101001011010010110100101,b10000,b1000,b10,b1,b100,b1,1,1,0,0,1,1,1,b10100101101001011010010110100101,0,0,b10100101101001011010010110100101,b1110,bx,b10,b1,b100000,b0,b10100101101001011010010110100101,b10000,b1000,b10,b1,b100,b0,b1,b11001000,b10100101101001011010010110100101,b11001,1,bx,b0,0,b0,1,b1110,0,0,0,b1001010000000000000000000000000,b0,0,b0,0,1,1,b0,0,0,b10100101101001011010010110100101,b1001110001000,b1001010
1820000,0,0,b1110,1,0,bx,0,0,1,b10,b100000,b0,b10100101101001011010010110100101,b10000,b1000,b10,b1,b100,b1,0,1,0,0,1,1,1,b10100101101001011010010110100101,0,0,b10100101101001011010010110100101,b1110,bx,b10,b1,b100000,b0,b10100101101001011010010110100101,b10000,b1000,b10,b1,b100,b0,b1,b11001000,b10100101101001011010010110100101,b11001,1,bx,b0,0,b0,1,b1110,0,0,0,b1001010000000000000000000000000,b0,0,b0,0,1,1,b0,0,0,b10100101101001011010010110100101,b1001110001000,b1001010
1830000,0,0,b1110,0,0,bx,0,0,1,b10,b100000,b0,b10100101101001011010010110100101,b10000,b1000,b10,b1,b100,b1,1,1,0,0,1,1,1,b10100101101001011010010110100101,0,0,b10100101101001011010010110100101,b1110,bx,b10,b1,b100000,b0,b10100101101001011010010110100101,b10000,b1000,b10,b1,b100,b0,b1,b11001000,b10100101101001011010010110100101,b11001,1,bx,b0,0,b1,1,b1110,0,0,0,b1001010000000000000000000000000,b0,0,b0,0,1,1,b0,0,0,b10100101101001011010010110100101,b1001110001000,b1001011
1840000,0,0,b1110,0,0,bx,0,0,1,b10,b100000,b0,b10100101101001011010010110100101,b10000,b1000,b10,b1,b100,b1,0,1,0,0,1,1,1,b10100101101001011010010110100101,0,0,b10100101101001011010010110100101,b1110,bx,b10,b1,b100000,b0,b10100101101001011010010110100101,b10000,b1000,b10,b1,b100,b0,b1,b11001000,b10100101101001011010010110100101,b11001,1,bx,b0,0,b1,1,b1110,0,0,0,b1001010000000000000000000000000,b0,0,b0,0,1,1,b0,0,0,b10100101101001011010010110100101,b1001110001000,b1001011
1850000,0,0,b1110,1,0,bx,0,0,1,b10,b100000,b0,b10100101101001011010010110100101,b10000,b1000,b10,b1,b100,b1,1,1,0,0,1,1,1,b10100101101001011010010110100101,0,0,b10100101101001011010010110100101,b1110,bx,b10,b1,b100000,b0,b10100101101001011010010110100101,b10000,b1000,b10,b1,b100,b0,b1,b11001000,b10100101101001011010010110100101,b11001,1,bx,b0,0,b10,1,b1110,0,0,0,b1001010000000000000000000000000,b0,0,b0,0,1,1,b0,0,0,b10100101101001011010010110100101,b1001110001000,b1001100
1860000,0,0,b1110,1,0,bx,0,0,1,b10,b100000,b0,b10100101101001011010010110100101,b10000,b1000,b10,b1,b100,b1,0,1,0,0,1,1,1,b10100101101001011010010110100101,0,0,b10100101101001011010010110100101,b1110,bx,b10,b1,b100000,b0,b10100101101001011010010110100101,b10000,b1000,b10,b1,b100,b0,b1,b11001000,b10100101101001011010010110100101,b11001,1,bx,b0,0,b10,1,b1110,0,0,0,b1001010000000000000000000000000,b0,0,b0,0,1,1,b0,0,0,b10100101101001011010010110100101,b1001110001000,b1001100
1870000,0,0,b1110,1,0,bx,1,0,1,b10,b100000,b0,b10100101101001011010010110100101,b10000,b1000,b10,b1,b100,b1,1,1,0,0,1,1,1,b10100101101001011010010110100101,0,0,b10100101101001011010010110100101,b1110,bx,b10,b1,b100000,b0,b10100101101001011010010110100101,b10000,b1000,b10,b1,b100,b0,b1,b11001000,b10100101101001011010010110100101,b11010,1,bx,b0,0,b0,1,b1110,0,0,0,b10010100000000000000000000000000,b0,0,b0,0,1,1,b0,0,0,b10100101101001011010010110100101,b1001110001000,b1001101
1880000,0,0,b1110,1,0,bx,1,0,1,b10,b100000,b0,b10100101101001011010010110100101,b10000,b1000,b10,b1,b100,b1,0,1,0,0,1,1,1,b10100101101001011010010110100101,0,0,b10100101101001011010010110100101,b1110,bx,b10,b1,b100000,b0,b10100101101001011010010110100101,b10000,b1000,b10,b1,b100,b0,b1,b11001000,b10100101101001011010010110100101,b11010,1,bx,b0,0,b0,1,b1110,0,0,0,b10010100000000000000000000000000,b0,0,b0,0,1,1,b0,0,0,b10100101101001011010010110100101,b1001110001000,b1001101
1890000,0,0,b1110,0,0,bx,1,0,1,b10,b100000,b0,b10100101101001011010010110100101,b10000,b1000,b10,b1,b100,b1,1,1,0,0,1,1,1,b10100101101001011010010110100101,0,0,b10100101101001011010010110100101,b1110,bx,b10,b1,b100000,b0,b10100101101001011010010110100101,b10000,b1000,b10,b1,b100,b0,b1,b11001000,b10100101101001011010010110100101,b11010,1,bx,b0,0,b1,1,b1110,0,0,0,b10010100000000000000000000000000,b0,0,b0,0,1,1,b0,0,0,b10100101101001011010010110100101,b1001110001000,b1001110
1900000,0,0,b1110,0,0,bx,1,0,1,b10,b100000,b0,b10100101101001011010010110100101,b10000,b1000,b10,b1,b100,b1,0,1,0,0,1,1,1,b10100101101001011010010110100101,0,0,b10100101101001011010010110100101,b1110,bx,b10,b1,b100000,b0,b10100101101001011010010110100101,b10000,b1000,b10,b1,b100,b0,b1,b11001000,b10100101101001011010010110100101,b11010,1,bx,b0,0,b1,1,b1110,0,0,0,b10010100000000000000000000000000,b0,0,b0,0,1,1,b0,0,0,b10100101101001011010010110100101,b1001110001000,b1001110
1910000,0,0,b1110,1,0,bx,1,0,1,b10,b100000,b0,b10100101101001011010010110100101,b10000,b1000,b10,b1,b100,b1,1,1,0,0,1,1,1,b10100101101001011010010110100101,0,0,b10100101101001011010010110100101,b1110,bx,b10,b1,b100000,b0,b10100101101001011010010110100101,b10000,b1000,b10,b1,b100,b0,b1,b11001000,b10100101101001011010010110100101,b11010,1,bx,b0,0,b10,1,b1110,0,0,0,b10010100000000000000000000000000,b0,0,b0,0,1,1,b0,0,0,b10100101101001011010010110100101,b1001110001000,b1001111
1920000,0,0,b1110,1,0,bx,1,0,1,b10,b100000,b0,b10100101101001011010010110100101,b10000,b1000,b10,b1,b100,b1,0,1,0,0,1,1,1,b10100101101001011010010110100101,0,0,b10100101101001011010010110100101,b1110,bx,b10,b1,b100000,b0,b10100101101001011010010110100101,b10000,b1000,b10,b1,b100,b0,b1,b11001000,b10100101101001011010010110100101,b11010,1,bx,b0,0,b10,1,b1110,0,0,0,b10010100000000000000000000000000,b0,0,b0,0,1,1,b0,0,0,b10100101101001011010010110100101,b1001110001000,b1001111
1930000,0,0,b1110,1,0,bx,0,0,1,b10,b100000,b0,b10100101101001011010010110100101,b10000,b1000,b10,b1,b100,b1,1,1,0,0,1,1,1,b10100101101001011010010110100101,0,0,b10100101101001011010010110100101,b1110,bx,b10,b1,b100000,b0,b10100101101001011010010110100101,b10000,b1000,b10,b1,b100,b0,b1,b11001000,b10100101101001011010010110100101,b11011,1,bx,b0,0,b0,1,b1110,0,0,0,b101000000000000000000000000000,b0,0,b0,0,1,1,b0,0,0,b10100101101001011010010110100101,b1001110001000,b1010000
1940000,0,0,b1110,1,0,bx,0,0,1,b10,b100000,b0,b10100101101001011010010110100101,b10000,b1000,b10,b1,b100,b1,0,1,0,0,1,1,1,b10100101101001011010010110100101,0,0,b10100101101001011010010110100101,b1110,bx,b10,b1,b100000,b0,b10100101101001011010010110100101,b10000,b1000,b10,b1,b100,b0,b1,b11001000,b10100101101001011010010110100101,b11011,1,bx,b0,0,b0,1,b1110,0,0,0,b101000000000000000000000000000,b0,0,b0,0,1,1,b0,0,0,b10100101101001011010010110100101,b1001110001000,b1010000
1950000,0,0,b1110,0,0,bx,0,0,1,b10,b100000,b0,b10100101101001011010010110100101,b10000,b1000,b10,b1,b100,b1,1,1,0,0,1,1,1,b10100101101001011010010110100101,0,0,b10100101101001011010010110100101,b1110,bx,b10,b1,b100000,b0,b10100101101001011010010110100101,b10000,b1000,b10,b1,b100,b0,b1,b11001000,b10100101101001011010010110100101,b11011,1,bx,b0,0,b1,1,b1110,0,0,0,b101000000000000000000000000000,b0,0,b0,0,1,1,b0,0,0,b10100101101001011010010110100101,b1001110001000,b1010001
1960000,0,0,b1110,0,0,bx,0,0,1,b10,b100000,b0,b10100101101001011010010110100101,b10000,b1000,b10,b1,b100,b1,0,1,0,0,1,1,1,b10100101101001011010010110100101,0,0,b10100101101001011010010110100101,b1110,bx,b10,b1,b100000,b0,b10100101101001011010010110100101,b10000,b1000,b10,b1,b100,b0,b1,b11001000,b10100101101001011010010110100101,b11011,1,bx,b0,0,b1,1,b1110,0,0,0,b101000000000000000000000000000,b0,0,b0,0,1,1,b0,0,0,b10100101101001011010010110100101,b1001110001000,b1010001
1970000,0,0,b1110,1,0,bx,0,0,1,b10,b100000,b0,b10100101101001011010010110100101,b10000,b1000,b10,b1,b100,b1,1,1,0,0,1,1,1,b10100101101001011010010110100101,0,0,b10100101101001011010010110100101,b1110,bx,b10,b1,b100000,b0,b10100101101001011010010110100101,b10000,b1000,b10,b1,b100,b0,b1,b11001000,b10100101101001011010010110100101,b11011,1,bx,b0,0,b10,1,b1110,0,0,0,b101000000000000000000000000000,b0,0,b0,0,1,1,b0,0,0,b10100101101001011010010110100101,b1001110001000,b1010010
1980000,0,0,b1110,1,0,bx,0,0,1,b10,b100000,b0,b10100101101001011010010110100101,b10000,b1000,b10,b1,b100,b1,0,1,0,0,1,1,1,b10100101101001011010010110100101,0,0,b10100101101001011010010110100101,b1110,bx,b10,b1,b100000,b0,b10100101101001011010010110100101,b10000,b1000,b10,b1,b100,b0,b1,b11001000,b10100101101001011010010110100101,b11011,1,bx,b0,0,b10,1,b1110,0,0,0,b101000000000000000000000000000,b0,0,b0,0,1,1,b0,0,0,b10100101101001011010010110100101,b1001110001000,b1010010
1990000,0,0,b1110,1,0,bx,0,0,1,b10,b100000,b0,b10100101101001011010010110100101,b10000,b1000,b10,b1,b100,b1,1,1,0,0,1,1,1,b10100101101001011010010110100101,0,0,b10100101101001011010010110100101,b1110,bx,b10,b1,b100000,b0,b10100101101001011010010110100101,b10000,b1000,b10,b1,b100,b0,b1,b11001000,b10100101101001011010010110100101,b11100,1,bx,b0,0,b0,1,b1110,0,0,0,b1010000000000000000000000000000,b0,0,b0,0,1,1,b0,0,0,b10100101101001011010010110100101,b1001110001000,b1010011
2000000,0,0,b1110,1,0,bx,0,0,1,b10,b100000,b0,b10100101101001011010010110100101,b10000,b1000,b10,b1,b100,b1,0,1,0,0,1,1,1,b10100101101001011010010110100101,0,0,b10100101101001011010010110100101,b1110,bx,b10,b1,b100000,b0,b10100101101001011010010110100101,b10000,b1000,b10,b1,b100,b0,b1,b11001000,b10100101101001011010010110100101,b11100,1,bx,b0,0,b0,1,b1110,0,0,0,b1010000000000000000000000000000,b0,0,b0,0,1,1,b0,0,0,b10100101101001011010010110100101,b1001110001000,b1010011
2010000,0,0,b1110,0,0,bx,0,0,1,b10,b100000,b0,b10100101101001011010010110100101,b10000,b1000,b10,b1,b100,b1,1,1,0,0,1,1,1,b10100101101001011010010110100101,0,0,b10100101101001011010010110100101,b1110,bx,b10,b1,b100000,b0,b10100101101001011010010110100101,b10000,b1000,b10,b1,b100,b0,b1,b11001000,b10100101101001011010010110100101,b11100,1,bx,b0,0,b1,1,b1110,0,0,0,b1010000000000000000000000000000,b0,0,b0,0,1,1,b0,0,0,b10100101101001011010010110100101,b1001110001000,b1010100
2020000,0,0,b1110,0,0,bx,0,0,1,b10,b100000,b0,b10100101101001011010010110100101,b10000,b1000,b10,b1,b100,b1,0,1,0,0,1,1,1,b10100101101001011010010110100101,0,0,b10100101101001011010010110100101,b1110,bx,b10,b1,b100000,b0,b10100101101001011010010110100101,b10000,b1000,b10,b1,b100,b0,b1,b11001000,b10100101101001011010010110100101,b11100,1,bx,b0,0,b1,1,b1110,0,0,0,b1010000000000000000000000000000,b0,0,b0,0,1,1,b0,0,0,b10100101101001011010010110100101,b1001110001000,b1010100
2030000,0,0,b1110,1,0,bx,0,0,1,b10,b100000,b0,b10100101101001011010010110100101,b10000,b1000,b10,b1,b100,b1,1,1,0,0,1,1,1,b10100101101001011010010110100101,0,0,b10100101101001011010010110100101,b1110,bx,b10,b1,b100000,b0,b10100101101001011010010110100101,b10000,b1000,b10,b1,b100,b0,b1,b11001000,b10100101101001011010010110100101,b11100,1,bx,b0,0,b10,1,b1110,0,0,0,b1010000000000000000000000000000,b0,0,b0,0,1,1,b0,0,0,b10100101101001011010010110100101,b1001110001000,b1010101
2040000,0,0,b1110,1,0,bx,0,0,1,b10,b100000,b0,b10100101101001011010010110100101,b10000,b1000,b10,b1,b100,b1,0,1,0,0,1,1,1,b10100101101001011010010110100101,0,0,b10100101101001011010010110100101,b1110,bx,b10,b1,b100000,b0,b10100101101001011010010110100101,b10000,b1000,b10,b1,b100,b0,b1,b11001000,b10100101101001011010010110100101,b11100,1,bx,b0,0,b10,1,b1110,0,0,0,b1010000000000000000000000000000,b0,0,b0,0,1,1,b0,0,0,b10100101101001011010010110100101,b1001110001000,b1010101
2050000,0,0,b1110,1,0,bx,1,0,1,b10,b100000,b0,b10100101101001011010010110100101,b10000,b1000,b10,b1,b100,b1,1,1,0,0,1,1,1,b10100101101001011010010110100101,0,0,b10100101101001011010010110100101,b1110,bx,b10,b1,b100000,b0,b10100101101001011010010110100101,b10000,b1000,b10,b1,b100,b0,b1,b11001000,b10100101101001011010010110100101,b11101,1,bx,b0,0,b0,1,b1110,0,0,0,b10100000000000000000000000000000,b0,0,b0,0,1,1,b0,0,0,b10100101101001011010010110100101,b1001110001000,b1010110
2060000,0,0,b1110,1,0,bx,1,0,1,b10,b100000,b0,b10100101101001011010010110100101,b10000,b1000,b10,b1,b100,b1,0,1,0,0,1,1,1,b10100101101001011010010110100101,0,0,b10100101101001011010010110100101,b1110,bx,b10,b1,b100000,b0,b10100101101001011010010110100101,b10000,b1000,b10,b1,b100,b0,b1,b11001000,b10100101101001011010010110100101,b11101,1,bx,b0,0,b0,1,b1110,0,0,0,b10100000000000000000000000000000,b0,0,b0,0,1,1,b0,0,0,b10100101101001011010010110100101,b1001110001000,b1010110
2070000,0,0,b1110,0,0,bx,1,0,1,b10,b100000,b0,b10100101101001011010010110100101,b10000,b1000,b10,b1,b100,b1,1,1,0,0,1,1,1,b10100101101001011010010110100101,0,0,b10100101101001011010010110100101,b1110,bx,b10,b1,b100000,b0,b10100101101001011010010110100101,b10000,b1000,b10,b1,b100,b0,b1,b11001000,b10100101101001011010010110100101,b11101,1,bx,b0,0,b1,1,b1110,0,0,0,b10100000000000000000000000000000,b0,0,b0,0,1,1,b0,0,0,b10100101101001011010010110100101,b1001110001000,b1010111
2080000,0,0,b1110,0,0,bx,1,0,1,b10,b100000,b0,b10100101101001011010010110100101,b10000,b1000,b10,b1,b100,b1,0,1,0,0,1,1,1,b10100101101001011010010110100101,0,0,b10100101101001011010010110100101,b1110,bx,b10,b1,b100000,b0,b10100101101001011010010110100101,b10000,b1000,b10,b1,b100,b0,b1,b11001000,b10100101101001011010010110100101,b11101,1,bx,b0,0,b1,1,b1110,0,0,0,b10100000000000000000000000000000,b0,0,b0,0,1,1,b0,0,0,b10100101101001011010010110100101,b1001110001000,b1010111
2090000,0,0,b1110,1,0,bx,1,0,1,b10,b100000,b0,b10100101101001011010010110100101,b10000,b1000,b10,b1,b100,b1,1,1,0,0,1,1,1,b10100101101001011010010110100101,0,0,b10100101101001011010010110100101,b1110,bx,b10,b1,b100000,b0,b10100101101001011010010110100101,b10000,b1000,b10,b1,b100,b0,b1,b11001000,b10100101101001011010010110100101,b11101,1,bx,b0,0,b10,1,b1110,0,0,0,b10100000000000000000000000000000,b0,0,b0,0,1,1,b0,0,0,b10100101101001011010010110100101,b1001110001000,b1011000
2100000,0,0,b1110,1,0,bx,1,0,1,b10,b100000,b0,b10100101101001011010010110100101,b10000,b1000,b10,b1,b100,b1,0,1,0,0,1,1,1,b10100101101001011010010110100101,0,0,b10100101101001011010010110100101,b1110,bx,b10,b1,b100000,b0,b10100101101001011010010110100101,b10000,b1000,b10,b1,b100,b0,b1,b11001000,b10100101101001011010010110100101,b11101,1,bx,b0,0,b10,1,b1110,0,0,0,b10100000000000000000000000000000,b0,0,b0,0,1,1,b0,0,0,b10100101101001011010010110100101,b1001110001000,b1011000
2110000,0,0,b1110,1,0,bx,0,0,1,b10,b100000,b0,b10100101101001011010010110100101,b10000,b1000,b10,b1,b100,b1,1,1,0,0,1,1,1,b10100101101001011010010110100101,0,0,b10100101101001011010010110100101,b1110,bx,b10,b1,b100000,b0,b10100101101001011010010110100101,b10000,b1000,b10,b1,b100,b0,b1,b11001000,b10100101101001011010010110100101,b11110,1,bx,b0,0,b0,1,b1110,0,0,0,b1000000000000000000000000000000,b0,0,b0,0,1,1,b0,0,0,b10100101101001011010010110100101,b1001110001000,b1011001
2120000,0,0,b1110,1,0,bx,0,0,1,b10,b100000,b0,b10100101101001011010010110100101,b10000,b1000,b10,b1,b100,b1,0,1,0,0,1,1,1,b10100101101001011010010110100101,0,0,b10100101101001011010010110100101,b1110,bx,b10,b1,b100000,b0,b10100101101001011010010110100101,b10000,b1000,b10,b1,b100,b0,b1,b11001000,b10100101101001011010010110100101,b11110,1,bx,b0,0,b0,1,b1110,0,0,0,b1000000000000000000000000000000,b0,0,b0,0,1,1,b0,0,0,b10100101101001011010010110100101,b1001110001000,b1011001
2130000,0,0,b1110,0,0,bx,0,0,1,b10,b100000,b0,b10100101101001011010010110100101,b10000,b1000,b10,b1,b100,b1,1,1,0,0,1,1,1,b10100101101001011010010110100101,0,0,b10100101101001011010010110100101,b1110,bx,b10,b1,b100000,b0,b10100101101001011010010110100101,b10000,b1000,b10,b1,b100,b0,b1,b11001000,b10100101101001011010010110100101,b11110,1,bx,b0,0,b1,1,b1110,0,0,0,b1000000000000000000000000000000,b0,0,b0,0,1,1,b0,0,0,b10100101101001011010010110100101,b1001110001000,b1011010
2140000,0,0,b1110,0,0,bx,0,0,1,b10,b100000,b0,b10100101101001011010010110100101,b10000,b1000,b10,b1,b100,b1,0,1,0,0,1,1,1,b10100101101001011010010110100101,0,0,b10100101101001011010010110100101,b1110,bx,b10,b1,b100000,b0,b10100101101001011010010110100101,b10000,b1000,b10,b1,b100,b0,b1,b11001000,b10100101101001011010010110100101,b11110,1,bx,b0,0,b1,1,b1110,0,0,0,b1000000000000000000000000000000,b0,0,b0,0,1,1,b0,0,0,b10100101101001011010010110100101,b1001110001000,b1011010
2150000,0,0,b1110,1,0,bx,0,0,1,b10,b100000,b0,b10100101101001011010010110100101,b10000,b1000,b10,b1,b100,b1,1,1,0,0,1,1,1,b10100101101001011010010110100101,0,0,b10100101101001011010010110100101,b1110,bx,b10,b1,b100000,b0,b10100101101001011010010110100101,b10000,b1000,b10,b1,b100,b0,b1,b11001000,b10100101101001011010010110100101,b11110,1,bx,b0,0,b10,1,b1110,0,0,0,b1000000000000000000000000000000,b0,0,b0,0,1,1,b0,0,0,b10100101101001011010010110100101,b1001110001000,b1011011
2160000,0,0,b1110,1,0,bx,0,0,1,b10,b100000,b0,b10100101101001011010010110100101,b10000,b1000,b10,b1,b100,b1,0,1,0,0,1,1,1,b10100101101001011010010110100101,0,0,b10100101101001011010010110100101,b1110,bx,b10,b1,b100000,b0,b10100101101001011010010110100101,b10000,b1000,b10,b1,b100,b0,b1,b11001000,b10100101101001011010010110100101,b11110,1,bx,b0,0,b10,1,b1110,0,0,0,b1000000000000000000000000000000,b0,0,b0,0,1,1,b0,0,0,b10100101101001011010010110100101,b1001110001000,b1011011
2170000,0,0,b1110,1,0,bx,1,0,1,b10,b100000,b0,b10100101101001011010010110100101,b10000,b1000,b10,b1,b100,b1,1,1,0,0,1,1,1,b10100101101001011010010110100101,0,0,b10100101101001011010010110100101,b1110,bx,b10,b1,b100000,b0,b10100101101001011010010110100101,b10000,b1000,b10,b1,b100,b0,b1,b11001000,b10100101101001011010010110100101,b11111,1,bx,b0,0,b0,1,b1110,0,0,0,b10000000000000000000000000000000,b0,0,b0,0,1,1,b0,0,0,b10100101101001011010010110100101,b1001110001000,b1011100
2180000,0,0,b1110,1,0,bx,1,0,1,b10,b100000,b0,b10100101101001011010010110100101,b10000,b1000,b10,b1,b100,b1,0,1,0,0,1,1,1,b10100101101001011010010110100101,0,0,b10100101101001011010010110100101,b1110,bx,b10,b1,b100000,b0,b10100101101001011010010110100101,b10000,b1000,b10,b1,b100,b0,b1,b11001000,b10100101101001011010010110100101,b11111,1,bx,b0,0,b0,1,b1110,0,0,0,b10000000000000000000000000000000,b0,0,b0,0,1,1,b0,0,0,b10100101101001011010010110100101,b1001110001000,b1011100
2190000,0,0,b1110,0,0,bx,1,0,1,b10,b100000,b0,b10100101101001011010010110100101,b10000,b1000,b10,b1,b100,b1,1,1,0,0,1,1,1,b10100101101001011010010110100101,0,0,b10100101101001011010010110100101,b1110,bx,b10,b1,b100000,b0,b10100101101001011010010110100101,b10000,b1000,b10,b1,b100,b0,b1,b11001000,b10100101101001011010010110100101,b11111,1,bx,b0,0,b1,1,b1110,0,0,0,b10000000000000000000000000000000,b0,0,b0,0,1,1,b0,0,0,b10100101101001011010010110100101,b1001110001000,b1011101
2200000,0,0,b1110,0,0,bx,1,0,1,b10,b100000,b0,b10100101101001011010010110100101,b10000,b1000,b10,b1,b100,b1,0,1,0,0,1,1,1,b10100101101001011010010110100101,0,0,b10100101101001011010010110100101,b1110,bx,b10,b1,b100000,b0,b10100101101001011010010110100101,b10000,b1000,b10,b1,b100,b0,b1,b11001000,b10100101101001011010010110100101,b11111,1,bx,b0,0,b1,1,b1110,0,0,0,b10000000000000000000000000000000,b0,0,b0,0,1,1,b0,0,0,b10100101101001011010010110100101,b1001110001000,b1011101
2210000,0,0,b1110,1,0,bx,1,0,1,b10,b100000,b0,b10100101101001011010010110100101,b10000,b1000,b10,b1,b100,b1,1,1,0,0,1,1,1,b10100101101001011010010110100101,0,0,b10100101101001011010010110100101,b1110,bx,b10,b1,b100000,b0,b10100101101001011010010110100101,b10000,b1000,b10,b1,b100,b0,b1,b11001000,b10100101101001011010010110100101,b11111,1,bx,b0,0,b10,1,b1110,0,0,0,b10000000000000000000000000000000,b0,0,b0,0,1,1,b0,0,0,b10100101101001011010010110100101,b1001110001000,b1011110
2220000,0,0,b1110,1,0,bx,1,0,1,b10,b100000,b0,b10100101101001011010010110100101,b10000,b1000,b10,b1,b100,b1,0,1,0,0,1,1,1,b10100101101001011010010110100101,0,0,b10100101101001011010010110100101,b1110,bx,b10,b1,b100000,b0,b10100101101001011010010110100101,b10000,b1000,b10,b1,b100,b0,b1,b11001000,b10100101101001011010010110100101,b11111,1,bx,b0,0,b10,1,b1110,0,0,0,b10000000000000000000000000000000,b0,0,b0,0,1,1,b0,0,0,b10100101101001011010010110100101,b1001110001000,b1011110
2230000,0,0,b1110,1,0,bx,0,0,1,b10,b100000,b0,b10100101101001011010010110100101,b10000,b1000,b10,b1,b100,b1,1,1,0,0,1,1,1,b10100101101001011010010110100101,0,0,b10100101101001011010010110100101,b1110,bx,b10,b1,b100000,b0,b10100101101001011010010110100101,b10000,b1000,b10,b1,b100,b0,b1,b11001000,b10100101101001011010010110100101,b100000,1,bx,b0,0,b0,1,b1110,0,0,0,b0,b0,0,b0,0,1,1,b0,0,0,b10100101101001011010010110100101,b1001110001000,b1011111
2240000,0,0,b1110,1,0,bx,0,0,1,b10,b100000,b0,b10100101101001011010010110100101,b10000,b1000,b10,b1,b100,b1,0,1,0,0,1,1,1,b10100101101001011010010110100101,0,0,b10100101101001011010010110100101,b1110,bx,b10,b1,b100000,b0,b10100101101001011010010110100101,b10000,b1000,b10,b1,b100,b0,b1,b11001000,b10100101101001011010010110100101,b100000,1,bx,b0,0,b0,1,b1110,0,0,0,b0,b0,0,b0,0,1,1,b0,0,0,b10100101101001011010010110100101,b1001110001000,b1011111
2250000,0,0,b1110,0,0,bx,0,0,1,b10,b100000,b0,b10100101101001011010010110100101,b10000,b1000,b10,b1,b100,b1,1,1,0,0,1,1,1,b10100101101001011010010110100101,0,0,b10100101101001011010010110100101,b1110,bx,b10,b1,b100000,b0,b10100101101001011010010110100101,b10000,b1000,b10,b1,b100,b0,b1,b11001000,b10100101101001011010010110100101,b100000,1,bx,b0,0,b1,1,b1110,0,0,0,b0,b0,0,b0,0,1,1,b0,0,0,b10100101101001011010010110100101,b1001110001000,b1100000
2260000,0,0,b1110,0,0,bx,0,0,1,b10,b100000,b0,b10100101101001011010010110100101,b10000,b1000,b10,b1,b100,b1,0,1,0,0,1,1,1,b10100101101001011010010110100101,0,0,b10100101101001011010010110100101,b1110,bx,b10,b1,b100000,b0,b10100101101001011010010110100101,b10000,b1000,b10,b1,b100,b0,b1,b11001000,b10100101101001011010010110100101,b100000,1,bx,b0,0,b1,1,b1110,0,0,0,b0,b0,0,b0,0,1,1,b0,0,0,b10100101101001011010010110100101,b1001110001000,b1100000
2270000,0,0,b1110,1,0,bx,0,0,1,b10,b100000,b0,b10100101101001011010010110100101,b10000,b1000,b10,b1,b100,b1,1,1,0,0,1,1,1,b10100101101001011010010110100101,0,0,b10100101101001011010010110100101,b1110,bx,b10,b1,b100000,b0,b10100101101001011010010110100101,b10000,b1000,b10,b1,b100,b0,b1,b11001000,b10100101101001011010010110100101,b100000,1,bx,b0,0,b10,1,b1110,0,0,0,b0,b0,0,b0,0,1,1,b0,0,0,b10100101101001011010010110100101,b1001110001000,b1100001
2280000,0,0,b1110,1,0,bx,0,0,1,b10,b100000,b0,b10100101101001011010010110100101,b10000,b1000,b10,b1,b100,b1,0,1,0,0,1,1,1,b10100101101001011010010110100101,0,0,b10100101101001011010010110100101,b1110,bx,b10,b1,b100000,b0,b10100101101001011010010110100101,b10000,b1000,b10,b1,b100,b0,b1,b11001000,b10100101101001011010010110100101,b100000,1,bx,b0,0,b10,1,b1110,0,0,0,b0,b0,0,b0,0,1,1,b0,0,0,b10100101101001011010010110100101,b1001110001000,b1100001
2290000,0,1,b1111,1,1,b0,0,0,0,b10,b100000,b0,b10100101101001011010010110100101,b10000,b1000,b10,b1,b100,b1,1,1,0,0,1,1,1,b10100101101001011010010110100101,0,0,b10100101101001011010010110100101,b1111,b0,b10,b1,b100000,b0,b10100101101001011010010110100101,b10000,b1000,b10,b1,b100,b0,b1,b11001000,b10100101101001011010010110100101,b100000,0,b0,b0,1,b0,0,b1111,0,0,1,b0,b0,0,b0,0,1,1,b0,0,0,b10100101101001011010010110100101,b1001110001000,b1100010
2300000,0,1,b1111,1,1,b0,0,0,0,b10,b100000,b0,b10100101101001011010010110100101,b10000,b1000,b10,b1,b100,b1,0,1,0,0,1,1,1,b10100101101001011010010110100101,0,0,b10100101101001011010010110100101,b1111,b0,b10,b1,b100000,b0,b10100101101001011010010110100101,b10000,b1000,b10,b1,b100,b0,b1,b11001000,b10100101101001011010010110100101,b100000,0,b0,b0,1,b0,0,b1111,0,0,1,b0,b0,0,b0,0,1,1,b0,0,0,b10100101101001011010010110100101,b1001110001000,b1100010
2310000,0,1,b1111,1,1,b0,0,0,0,b10,b100000,b0,b10100101101001011010010110100101,b10000,b1000,b10,b1,b100,b1,1,1,0,0,1,1,1,b10100101101001011010010110100101,0,0,b10100101101001011010010110100101,b1111,b0,b10,b1,b100000,b0,b10100101101001011010010110100101,b10000,b1000,b10,b1,b100,b0,b1,b11001000,b10100101101001011010010110100101,b100000,0,b0,b0,1,b0,0,b1111,0,0,1,b0,b0,0,b0,0,1,1,b0,0,0,b10100101101001011010010110100101,b1001110001000,b1100011
2320000,0,1,b1111,1,1,b0,0,0,0,b10,b100000,b0,b10100101101001011010010110100101,b10000,b1000,b10,b1,b100,b1,0,1,0,0,1,1,1,b10100101101001011010010110100101,0,0,b10100101101001011010010110100101,b1111,b0,b10,b1,b100000,b0,b10100101101001011010010110100101,b10000,b1000,b10,b1,b100,b0,b1,b11001000,b10100101101001011010010110100101,b100000,0,b0,b0,1,b0,0,b1111,0,0,1,b0,b0,0,b0,0,1,1,b0,0,0,b10100101101001011010010110100101,b1001110001000,b1100011
2330000,0,1,b1111,1,1,b0,0,0,0,b10,b100000,b0,b10100101101001011010010110100101,b10000,b1000,b10,b1,b100,b1,1,1,0,0,1,1,1,b10100101101001011010010110100101,0,0,b10100101101001011010010110100101,b1111,b0,b10,b1,b100000,b0,b10100101101001011010010110100101,b10000,b1000,b10,b1,b100,b0,b1,b11001000,b10100101101001011010010110100101,b100000,0,b0,b0,1,b0,0,b1111,0,0,1,b0,b0,0,b0,0,1,1,b0,0,0,b10100101101001011010010110100101,b1001110001000,b1100011
2340000,0,1,b1111,1,1,b0,0,0,0,b10,b100000,b0,b10100101101001011010010110100101,b10000,b1000,b10,b1,b100,b1,0,1,0,0,1,1,1,b10100101101001011010010110100101,0,0,b10100101101001011010010110100101,b1111,b0,b10,b1,b100000,b0,b10100101101001011010010110100101,b10000,b1000,b10,b1,b100,b0,b1,b11001000,b10100101101001011010010110100101,b100000,0,b0,b0,1,b0,0,b1111,0,0,1,b0,b0,0,b0,0,1,1,b0,0,0,b10100101101001011010010110100101,b1001110001000,b1100011
2350000,0,1,b1111,1,1,b0,0,0,0,b10,b100000,b0,b10100101101001011010010110100101,b10000,b1000,b10,b1,b100,b1,1,1,0,0,1,1,1,b10100101101001011010010110100101,0,0,b10100101101001011010010110100101,b1111,b0,b10,b1,b100000,b0,b10100101101001011010010110100101,b10000,b1000,b10,b1,b100,b0,b1,b11001000,b10100101101001011010010110100101,b100000,0,b0,b0,1,b0,0,b1111,0,0,1,b0,b0,0,b0,0,1,1,b0,0,0,b10100101101001011010010110100101,b1001110001000,b1100011
2360000,0,1,b1111,1,1,b0,0,0,0,b10,b100000,b0,b10100101101001011010010110100101,b10000,b1000,b10,b1,b100,b1,0,1,0,0,1,1,1,b10100101101001011010010110100101,0,0,b10100101101001011010010110100101,b1111,b0,b10,b1,b100000,b0,b10100101101001011010010110100101,b10000,b1000,b10,b1,b100,b0,b1,b11001000,b10100101101001011010010110100101,b100000,0,b0,b0,1,b0,0,b1111,0,0,1,b0,b0,0,b0,0,1,1,b0,0,0,b10100101101001011010010110100101,b1001110001000,b1100011
2370000,0,1,b1111,1,1,b0,0,0,0,b10,b100000,b0,b10100101101001011010010110100101,b10000,b1000,b10,b1,b100,b1,1,1,0,0,1,1,1,b10100101101001011010010110100101,0,0,b10100101101001011010010110100101,b1111,b0,b10,b1,b100000,b0,b10100101101001011010010110100101,b10000,b1000,b10,b1,b100,b0,b1,b11001000,b10100101101001011010010110100101,b100000,0,b0,b0,1,b0,0,b1111,0,0,1,b0,b0,0,b0,0,1,1,b0,0,0,b10100101101001011010010110100101,b1001110001000,b1100011
2380000,0,1,b1111,1,1,b0,0,0,0,b10,b100000,b0,b10100101101001011010010110100101,b10000,b1000,b10,b1,b100,b1,0,1,0,0,1,1,1,b10100101101001011010010110100101,0,0,b10100101101001011010010110100101,b1111,b0,b10,b1,b100000,b0,b10100101101001011010010110100101,b10000,b1000,b10,b1,b100,b0,b1,b11001000,b10100101101001011010010110100101,b100000,0,b0,b0,1,b0,0,b1111,0,0,1,b0,b0,0,b0,0,1,1,b0,0,0,b10100101101001011010010110100101,b1001110001000,b1100011
2390000,0,1,b1111,1,1,b0,0,0,0,b10,b100000,b0,b10100101101001011010010110100101,b10000,b1000,b10,b1,b100,b1,1,1,0,0,1,1,1,b10100101101001011010010110100101,0,0,b10100101101001011010010110100101,b1111,b0,b10,b1,b100000,b0,b10100101101001011010010110100101,b10000,b1000,b10,b1,b100,b0,b1,b11001000,b10100101101001011010010110100101,b100000,0,b0,b0,1,b0,0,b1111,0,0,1,b0,b0,0,b0,0,1,1,b0,0,0,b10100101101001011010010110100101,b1001110001000,b1100011
2400000,0,1,b1111,1,1,b0,0,0,0,b10,b100000,b0,b10100101101001011010010110100101,b10000,b1000,b10,b1,b100,b1,0,1,0,0,1,1,1,b10100101101001011010010110100101,0,0,b10100101101001011010010110100101,b1111,b0,b10,b1,b100000,b0,b10100101101001011010010110100101,b10000,b1000,b10,b1,b100,b0,b1,b11001000,b10100101101001011010010110100101,b100000,0,b0,b0,1,b0,0,b1111,0,0,1,b0,b0,0,b0,0,1,1,b0,0,0,b10100101101001011010010110100101,b1001110001000,b1100011
2410000,0,1,b1111,1,1,b0,0,0,0,b10,b100000,b0,b10100101101001011010010110100101,b10000,b1000,b10,b1,b100,b1,1,1,0,0,1,1,1,b10100101101001011010010110100101,0,0,b10100101101001011010010110100101,b1111,b0,b10,b1,b100000,b0,b10100101101001011010010110100101,b10000,b1000,b10,b1,b100,b0,b1,b11001000,b10100101101001011010010110100101,b100000,0,b0,b0,1,b0,0,b1111,0,0,1,b0,b0,0,b0,0,1,1,b0,0,0,b10100101101001011010010110100101,b1001110001000,b1100011
2420000,0,1,b1111,1,1,b0,0,0,0,b10,b100000,b0,b10100101101001011010010110100101,b10000,b1000,b10,b1,b100,b1,0,1,0,0,1,1,1,b10100101101001011010010110100101,0,0,b10100101101001011010010110100101,b1111,b0,b10,b1,b100000,b0,b10100101101001011010010110100101,b10000,b1000,b10,b1,b100,b0,b1,b11001000,b10100101101001011010010110100101,b100000,0,b0,b0,1,b0,0,b1111,0,0,1,b0,b0,0,b0,0,1,1,b0,0,0,b10100101101001011010010110100101,b1001110001000,b1100011
2430000,0,1,b1111,1,1,b0,0,0,0,b10,b100000,b0,b10100101101001011010010110100101,b10000,b1000,b10,b1,b100,b1,1,1,0,0,1,1,1,b10100101101001011010010110100101,0,0,b10100101101001011010010110100101,b1111,b0,b10,b1,b100000,b0,b10100101101001011010010110100101,b10000,b1000,b10,b1,b100,b0,b1,b11001000,b10100101101001011010010110100101,b100000,0,b0,b0,1,b0,0,b1111,0,0,1,b0,b0,0,b0,0,1,1,b0,0,0,b10100101101001011010010110100101,b1001110001000,b1100011
2440000,0,1,b1111,1,1,b0,0,0,0,b10,b100000,b0,b10100101101001011010010110100101,b10000,b1000,b10,b1,b100,b1,0,1,0,0,1,1,1,b10100101101001011010010110100101,0,0,b10100101101001011010010110100101,b1111,b0,b10,b1,b100000,b0,b10100101101001011010010110100101,b10000,b1000,b10,b1,b100,b0,b1,b11001000,b10100101101001011010010110100101,b100000,0,b0,b0,1,b0,0,b1111,0,0,1,b0,b0,0,b0,0,1,1,b0,0,0,b10100101101001011010010110100101,b1001110001000,b1100011
2450000,0,1,b1111,1,1,b0,0,0,0,b10,b100000,b0,b10100101101001011010010110100101,b10000,b1000,b10,b1,b100,b1,1,1,0,0,1,1,1,b10100101101001011010010110100101,0,0,b10100101101001011010010110100101,b1111,b0,b10,b1,b100000,b0,b10100101101001011010010110100101,b10000,b1000,b10,b1,b100,b0,b1,b11001000,b10100101101001011010010110100101,b100000,0,b0,b0,1,b0,0,b1111,0,0,1,b0,b0,0,b0,0,1,1,b0,0,0,b10100101101001011010010110100101,b1001110001000,b1100011
2460000,0,1,b1111,1,1,b0,0,0,0,b10,b100000,b0,b10100101101001011010010110100101,b10000,b1000,b10,b1,b100,b1,0,1,0,0,1,1,1,b10100101101001011010010110100101,0,0,b10100101101001011010010110100101,b1111,b0,b10,b1,b100000,b0,b10100101101001011010010110100101,b10000,b1000,b10,b1,b100,b0,b1,b11001000,b10100101101001011010010110100101,b100000,0,b0,b0,1,b0,0,b1111,0,0,1,b0,b0,0,b0,0,1,1,b0,0,0,b10100101101001011010010110100101,b1001110001000,b1100011
2470000,0,1,b1111,1,1,b0,0,0,0,b10,b100000,b0,b10100101101001011010010110100101,b10000,b1000,b10,b1,b100,b1,1,1,0,0,1,1,1,b10100101101001011010010110100101,0,0,b10100101101001011010010110100101,b1111,b0,b10,b1,b100000,b0,b10100101101001011010010110100101,b10000,b1000,b10,b1,b100,b0,b1,b11001000,b10100101101001011010010110100101,b100000,0,b0,b0,1,b0,0,b1111,0,0,1,b0,b0,0,b0,0,1,1,b0,0,0,b10100101101001011010010110100101,b1001110001000,b1100011
2480000,0,1,b1111,1,1,b0,0,0,0,b10,b100000,b0,b10100101101001011010010110100101,b10000,b1000,b10,b1,b100,b1,0,1,0,0,1,1,1,b10100101101001011010010110100101,0,0,b10100101101001011010010110100101,b1111,b0,b10,b1,b100000,b0,b10100101101001011010010110100101,b10000,b1000,b10,b1,b100,b0,b1,b11001000,b10100101101001011010010110100101,b100000,0,b0,b0,1,b0,0,b1111,0,0,1,b0,b0,0,b0,0,1,1,b0,0,0,b10100101101001011010010110100101,b1001110001000,b1100011
2490000,0,1,b1111,1,1,b0,0,0,0,b10,b100000,b0,b10100101101001011010010110100101,b10000,b1000,b10,b1,b100,b1,1,1,0,0,1,1,1,b10100101101001011010010110100101,0,0,b10100101101001011010010110100101,b1111,b0,b10,b1,b100000,b0,b10100101101001011010010110100101,b10000,b1000,b10,b1,b100,b0,b1,b11001000,b10100101101001011010010110100101,b100000,0,b0,b0,1,b0,0,b1111,0,0,1,b0,b0,0,b0,0,1,1,b0,0,0,b10100101101001011010010110100101,b1001110001000,b1100011
2500000,0,1,b1111,1,1,b0,0,0,0,b10,b100000,b0,b10100101101001011010010110100101,b10000,b1000,b10,b1,b100,b1,0,1,0,0,1,1,1,b10100101101001011010010110100101,0,0,b10100101101001011010010110100101,b1111,b0,b10,b1,b100000,b0,b10100101101001011010010110100101,b10000,b1000,b10,b1,b100,b0,b1,b11001000,b10100101101001011010010110100101,b100000,0,b0,b0,1,b0,0,b1111,0,0,1,b0,b0,0,b0,0,1,1,b0,0,0,b10100101101001011010010110100101,b1001110001000,b1100011
2510000,0,1,b1111,1,1,b0,0,0,0,b10,b100000,b0,b10100101101001011010010110100101,b10000,b1000,b10,b1,b100,b1,1,1,0,0,1,1,1,b10100101101001011010010110100101,0,0,b10100101101001011010010110100101,b1111,b0,b10,b1,b100000,b0,b10100101101001011010010110100101,b10000,b1000,b10,b1,b100,b0,b1,b11001000,b10100101101001011010010110100101,b100000,0,b0,b0,1,b0,0,b1111,0,0,1,b0,b0,0,b0,0,1,1,b0,0,0,b10100101101001011010010110100101,b1001110001000,b1100011
2520000,0,1,b1111,1,1,b0,0,0,0,b10,b100000,b0,b10100101101001011010010110100101,b10000,b1000,b10,b1,b100,b1,0,1,0,0,1,1,1,b10100101101001011010010110100101,0,0,b10100101101001011010010110100101,b1111,b0,b10,b1,b100000,b0,b10100101101001011010010110100101,b10000,b1000,b10,b1,b100,b0,b1,b11001000,b10100101101001011010010110100101,b100000,0,b0,b0,1,b0,0,b1111,0,0,1,b0,b0,0,b0,0,1,1,b0,0,0,b10100101101001011010010110100101,b1001110001000,b1100011
2530000,0,1,b1111,1,1,b0,0,0,0,b10,b100000,b0,b10100101101001011010010110100101,b10000,b1000,b10,b1,b100,b1,1,1,0,0,1,1,1,b10100101101001011010010110100101,0,0,b10100101101001011010010110100101,b1111,b0,b10,b1,b100000,b0,b10100101101001011010010110100101,b10000,b1000,b10,b1,b100,b0,b1,b11001000,b10100101101001011010010110100101,b100000,0,b0,b0,1,b0,0,b1111,0,0,1,b0,b0,0,b0,0,1,1,b0,0,0,b10100101101001011010010110100101,b1001110001000,b1100011
2540000,0,1,b1111,1,1,b0,0,0,0,b10,b100000,b0,b10100101101001011010010110100101,b10000,b1000,b10,b1,b100,b1,0,1,0,0,1,1,1,b10100101101001011010010110100101,0,0,b10100101101001011010010110100101,b1111,b0,b10,b1,b100000,b0,b10100101101001011010010110100101,b10000,b1000,b10,b1,b100,b0,b1,b11001000,b10100101101001011010010110100101,b100000,0,b0,b0,1,b0,0,b1111,0,0,1,b0,b0,0,b0,0,1,1,b0,0,0,b10100101101001011010010110100101,b1001110001000,b1100011
2550000,0,1,b1111,1,1,b0,0,0,0,b10,b100000,b0,b10100101101001011010010110100101,b10000,b1000,b10,b1,b100,b1,1,1,0,0,1,1,1,b10100101101001011010010110100101,0,0,b10100101101001011010010110100101,b1111,b0,b10,b1,b100000,b0,b10100101101001011010010110100101,b10000,b1000,b10,b1,b100,b0,b1,b11001000,b10100101101001011010010110100101,b100000,0,b0,b0,1,b0,0,b1111,0,0,1,b0,b0,0,b0,0,1,1,b0,0,0,b10100101101001011010010110100101,b1001110001000,b1100011
2560000,0,1,b1111,1,1,b0,0,0,0,b10,b100000,b0,b10100101101001011010010110100101,b10000,b1000,b10,b1,b100,b1,0,1,0,0,1,1,1,b10100101101001011010010110100101,0,0,b10100101101001011010010110100101,b1111,b0,b10,b1,b100000,b0,b10100101101001011010010110100101,b10000,b1000,b10,b1,b100,b0,b1,b11001000,b10100101101001011010010110100101,b100000,0,b0,b0,1,b0,0,b1111,0,0,1,b0,b0,0,b0,0,1,1,b0,0,0,b10100101101001011010010110100101,b1001110001000,b1100011
2570000,0,1,b1111,1,1,b0,0,0,0,b10,b100000,b0,b10100101101001011010010110100101,b10000,b1000,b10,b1,b100,b1,1,1,0,0,1,1,1,b10100101101001011010010110100101,0,0,b10100101101001011010010110100101,b1111,b0,b10,b1,b100000,b0,b10100101101001011010010110100101,b10000,b1000,b10,b1,b100,b0,b1,b11001000,b10100101101001011010010110100101,b100000,0,b0,b0,1,b0,0,b1111,0,0,1,b0,b0,0,b0,0,1,1,b0,0,0,b10100101101001011010010110100101,b1001110001000,b1100011
2580000,0,1,b1111,1,1,b0,0,0,0,b10,b100000,b0,b10100101101001011010010110100101,b10000,b1000,b10,b1,b100,b1,0,1,0,0,1,1,1,b10100101101001011010010110100101,0,0,b10100101101001011010010110100101,b1111,b0,b10,b1,b100000,b0,b10100101101001011010010110100101,b10000,b1000,b10,b1,b100,b0,b1,b11001000,b10100101101001011010010110100101,b100000,0,b0,b0,1,b0,0,b1111,0,0,1,b0,b0,0,b0,0,1,1,b0,0,0,b10100101101001011010010110100101,b1001110001000,b1100011
2590000,0,1,b1111,1,1,b0,0,0,0,b10,b100000,b0,b10100101101001011010010110100101,b10000,b1000,b10,b1,b100,b1,1,1,0,0,1,1,1,b10100101101001011010010110100101,0,0,b10100101101001011010010110100101,b1111,b0,b10,b1,b100000,b0,b10100101101001011010010110100101,b10000,b1000,b10,b1,b100,b0,b1,b11001000,b10100101101001011010010110100101,b100000,0,b0,b0,1,b0,0,b1111,0,0,1,b0,b0,0,b0,0,1,1,b0,0,0,b10100101101001011010010110100101,b1001110001000,b1100011
2600000,0,1,b1111,1,1,b0,0,0,0,b10,b100000,b0,b10100101101001011010010110100101,b10000,b1000,b10,b1,b100,b1,0,1,0,0,1,1,1,b10100101101001011010010110100101,0,0,b10100101101001011010010110100101,b1111,b0,b10,b1,b100000,b0,b10100101101001011010010110100101,b10000,b1000,b10,b1,b100,b0,b1,b11001000,b10100101101001011010010110100101,b100000,0,b0,b0,1,b0,0,b1111,0,0,1,b0,b0,0,b0,0,1,1,b0,0,0,b10100101101001011010010110100101,b1001110001000,b1100011
2610000,0,1,b1111,1,1,b0,0,0,0,b10,b100000,b0,b10100101101001011010010110100101,b10000,b1000,b10,b1,b100,b1,1,1,0,0,1,1,1,b10100101101001011010010110100101,0,0,b10100101101001011010010110100101,b1111,b0,b10,b1,b100000,b0,b10100101101001011010010110100101,b10000,b1000,b10,b1,b100,b0,b1,b11001000,b10100101101001011010010110100101,b100000,0,b0,b0,1,b0,0,b1111,0,0,1,b0,b0,0,b0,0,1,1,b0,0,0,b10100101101001011010010110100101,b1001110001000,b1100011
2620000,0,1,b1111,1,1,b0,0,0,0,b10,b100000,b0,b10100101101001011010010110100101,b10000,b1000,b10,b1,b100,b1,0,1,0,0,1,1,1,b10100101101001011010010110100101,0,0,b10100101101001011010010110100101,b1111,b0,b10,b1,b100000,b0,b10100101101001011010010110100101,b10000,b1000,b10,b1,b100,b0,b1,b11001000,b10100101101001011010010110100101,b100000,0,b0,b0,1,b0,0,b1111,0,0,1,b0,b0,0,b0,0,1,1,b0,0,0,b10100101101001011010010110100101,b1001110001000,b1100011
2630000,0,1,b1111,1,1,b0,0,0,0,b10,b100000,b0,b10100101101001011010010110100101,b10000,b1000,b10,b1,b100,b1,1,1,0,0,1,1,1,b10100101101001011010010110100101,0,0,b10100101101001011010010110100101,b1111,b0,b10,b1,b100000,b0,b10100101101001011010010110100101,b10000,b1000,b10,b1,b100,b0,b1,b11001000,b10100101101001011010010110100101,b100000,0,b0,b0,1,b0,0,b1111,0,0,1,b0,b0,0,b0,0,1,1,b0,0,0,b10100101101001011010010110100101,b1001110001000,b1100011
2640000,0,1,b1111,1,1,b0,0,0,0,b10,b100000,b0,b10100101101001011010010110100101,b10000,b1000,b10,b1,b100,b1,0,1,0,0,1,1,1,b10100101101001011010010110100101,0,0,b10100101101001011010010110100101,b1111,b0,b10,b1,b100000,b0,b10100101101001011010010110100101,b10000,b1000,b10,b1,b100,b0,b1,b11001000,b10100101101001011010010110100101,b100000,0,b0,b0,1,b0,0,b1111,0,0,1,b0,b0,0,b0,0,1,1,b0,0,0,b10100101101001011010010110100101,b1001110001000,b1100011
2650000,0,1,b1111,1,1,b0,0,0,0,b10,b100000,b0,b10100101101001011010010110100101,b10000,b1000,b10,b1,b100,b1,1,1,0,0,1,1,1,b10100101101001011010010110100101,0,0,b10100101101001011010010110100101,b1111,b0,b10,b1,b100000,b0,b10100101101001011010010110100101,b10000,b1000,b10,b1,b100,b0,b1,b11001000,b10100101101001011010010110100101,b100000,0,b0,b0,1,b0,0,b1111,0,0,1,b0,b0,0,b0,0,1,1,b0,0,0,b10100101101001011010010110100101,b1001110001000,b1100011
2660000,0,1,b1111,1,1,b0,0,0,0,b10,b100000,b0,b10100101101001011010010110100101,b10000,b1000,b10,b1,b100,b1,0,1,0,0,1,1,1,b10100101101001011010010110100101,0,0,b10100101101001011010010110100101,b1111,b0,b10,b1,b100000,b0,b10100101101001011010010110100101,b10000,b1000,b10,b1,b100,b0,b1,b11001000,b10100101101001011010010110100101,b100000,0,b0,b0,1,b0,0,b1111,0,0,1,b0,b0,0,b0,0,1,1,b0,0,0,b10100101101001011010010110100101,b1001110001000,b1100011
2670000,0,1,b1111,1,1,b0,0,0,0,b10,b100000,b0,b10100101101001011010010110100101,b10000,b1000,b10,b1,b100,b1,1,1,0,0,1,1,1,b10100101101001011010010110100101,0,0,b10100101101001011010010110100101,b1111,b0,b10,b1,b100000,b0,b10100101101001011010010110100101,b10000,b1000,b10,b1,b100,b0,b1,b11001000,b10100101101001011010010110100101,b100000,0,b0,b0,1,b0,0,b1111,0,0,1,b0,b0,0,b0,0,1,1,b0,0,0,b10100101101001011010010110100101,b1001110001000,b1100011
2680000,0,1,b1111,1,1,b0,0,0,0,b10,b100000,b0,b10100101101001011010010110100101,b10000,b1000,b10,b1,b100,b1,0,1,0,0,1,1,1,b10100101101001011010010110100101,0,0,b10100101101001011010010110100101,b1111,b0,b10,b1,b100000,b0,b10100101101001011010010110100101,b10000,b1000,b10,b1,b100,b0,b1,b11001000,b10100101101001011010010110100101,b100000,0,b0,b0,1,b0,0,b1111,0,0,1,b0,b0,0,b0,0,1,1,b0,0,0,b10100101101001011010010110100101,b1001110001000,b1100011
2690000,0,1,b1111,1,1,b0,0,0,0,b10,b100000,b0,b10100101101001011010010110100101,b10000,b1000,b10,b1,b100,b1,1,1,0,0,1,1,1,b10100101101001011010010110100101,0,0,b10100101101001011010010110100101,b1111,b0,b10,b1,b100000,b0,b10100101101001011010010110100101,b10000,b1000,b10,b1,b100,b0,b1,b11001000,b10100101101001011010010110100101,b100000,0,b0,b0,1,b0,0,b1111,0,0,1,b0,b0,0,b0,0,1,1,b0,0,0,b10100101101001011010010110100101,b1001110001000,b1100011
2700000,0,1,b1111,1,1,b0,0,0,0,b10,b100000,b0,b10100101101001011010010110100101,b10000,b1000,b10,b1,b100,b1,0,1,0,0,1,1,1,b10100101101001011010010110100101,0,0,b10100101101001011010010110100101,b1111,b0,b10,b1,b100000,b0,b10100101101001011010010110100101,b10000,b1000,b10,b1,b100,b0,b1,b11001000,b10100101101001011010010110100101,b100000,0,b0,b0,1,b0,0,b1111,0,0,1,b0,b0,0,b0,0,1,1,b0,0,0,b10100101101001011010010110100101,b1001110001000,b1100011
2710000,0,1,b1111,1,1,b0,0,0,0,b10,b100000,b0,b10100101101001011010010110100101,b10000,b1000,b10,b1,b100,b1,1,1,0,0,1,1,1,b10100101101001011010010110100101,0,0,b10100101101001011010010110100101,b1111,b0,b10,b1,b100000,b0,b10100101101001011010010110100101,b10000,b1000,b10,b1,b100,b0,b1,b11001000,b10100101101001011010010110100101,b100000,0,b0,b0,1,b0,0,b1111,0,0,1,b0,b0,0,b0,0,1,1,b0,0,0,b10100101101001011010010110100101,b1001110001000,b1100011
2720000,0,1,b1111,1,1,b0,0,0,0,b10,b100000,b0,b10100101101001011010010110100101,b10000,b1000,b10,b1,b100,b1,0,1,0,0,1,1,1,b10100101101001011010010110100101,0,0,b10100101101001011010010110100101,b1111,b0,b10,b1,b100000,b0,b10100101101001011010010110100101,b10000,b1000,b10,b1,b100,b0,b1,b11001000,b10100101101001011010010110100101,b100000,0,b0,b0,1,b0,0,b1111,0,0,1,b0,b0,0,b0,0,1,1,b0,0,0,b10100101101001011010010110100101,b1001110001000,b1100011
2730000,0,1,b1111,1,1,b0,0,0,0,b10,b100000,b0,b10100101101001011010010110100101,b10000,b1000,b10,b1,b100,b1,1,1,0,0,1,1,1,b10100101101001011010010110100101,0,0,b10100101101001011010010110100101,b1111,b0,b10,b1,b100000,b0,b10100101101001011010010110100101,b10000,b1000,b10,b1,b100,b0,b1,b11001000,b10100101101001011010010110100101,b100000,0,b0,b0,1,b0,0,b1111,0,0,1,b0,b0,0,b0,0,1,1,b0,0,0,b10100101101001011010010110100101,b1001110001000,b1100011
2740000,0,1,b1111,1,1,b0,0,0,0,b10,b100000,b0,b10100101101001011010010110100101,b10000,b1000,b10,b1,b100,b1,0,1,0,0,1,1,1,b10100101101001011010010110100101,0,0,b10100101101001011010010110100101,b1111,b0,b10,b1,b100000,b0,b10100101101001011010010110100101,b10000,b1000,b10,b1,b100,b0,b1,b11001000,b10100101101001011010010110100101,b100000,0,b0,b0,1,b0,0,b1111,0,0,1,b0,b0,0,b0,0,1,1,b0,0,0,b10100101101001011010010110100101,b1001110001000,b1100011
2750000,0,1,b1111,1,1,b0,0,0,0,b10,b100000,b0,b10100101101001011010010110100101,b10000,b1000,b10,b1,b100,b1,1,1,0,0,1,1,1,b10100101101001011010010110100101,0,0,b10100101101001011010010110100101,b1111,b0,b10,b1,b100000,b0,b10100101101001011010010110100101,b10000,b1000,b10,b1,b100,b0,b1,b11001000,b10100101101001011010010110100101,b100000,0,b0,b0,1,b0,0,b1111,0,0,1,b0,b0,0,b0,0,1,1,b0,0,0,b10100101101001011010010110100101,b1001110001000,b1100011
2760000,0,1,b1111,1,1,b0,0,0,0,b10,b100000,b0,b10100101101001011010010110100101,b10000,b1000,b10,b1,b100,b1,0,1,0,0,1,1,1,b10100101101001011010010110100101,0,0,b10100101101001011010010110100101,b1111,b0,b10,b1,b100000,b0,b10100101101001011010010110100101,b10000,b1000,b10,b1,b100,b0,b1,b11001000,b10100101101001011010010110100101,b100000,0,b0,b0,1,b0,0,b1111,0,0,1,b0,b0,0,b0,0,1,1,b0,0,0,b10100101101001011010010110100101,b1001110001000,b1100011
2770000,0,1,b1111,1,1,b0,0,0,0,b10,b100000,b0,b10100101101001011010010110100101,b10000,b1000,b10,b1,b100,b1,1,1,0,0,1,1,1,b10100101101001011010010110100101,0,0,b10100101101001011010010110100101,b1111,b0,b10,b1,b100000,b0,b10100101101001011010010110100101,b10000,b1000,b10,b1,b100,b0,b1,b11001000,b10100101101001011010010110100101,b100000,0,b0,b0,1,b0,0,b1111,0,0,1,b0,b0,0,b0,0,1,1,b0,0,0,b10100101101001011010010110100101,b1001110001000,b1100011
2780000,0,1,b1111,1,1,b0,0,0,0,b10,b100000,b0,b10100101101001011010010110100101,b10000,b1000,b10,b1,b100,b1,0,1,0,0,1,1,1,b10100101101001011010010110100101,0,0,b10100101101001011010010110100101,b1111,b0,b10,b1,b100000,b0,b10100101101001011010010110100101,b10000,b1000,b10,b1,b100,b0,b1,b11001000,b10100101101001011010010110100101,b100000,0,b0,b0,1,b0,0,b1111,0,0,1,b0,b0,0,b0,0,1,1,b0,0,0,b10100101101001011010010110100101,b1001110001000,b1100011
2790000,0,1,b1111,1,1,b0,0,0,0,b10,b100000,b0,b10100101101001011010010110100101,b10000,b1000,b10,b1,b100,b1,1,1,0,0,1,1,1,b10100101101001011010010110100101,0,0,b10100101101001011010010110100101,b1111,b0,b10,b1,b100000,b0,b10100101101001011010010110100101,b10000,b1000,b10,b1,b100,b0,b1,b11001000,b10100101101001011010010110100101,b100000,0,b0,b0,1,b0,0,b1111,0,0,1,b0,b0,0,b0,0,1,1,b0,0,0,b10100101101001011010010110100101,b1001110001000,b1100011
2800000,0,1,b1111,1,1,b0,0,0,0,b10,b100000,b0,b10100101101001011010010110100101,b10000,b1000,b10,b1,b100,b1,0,1,0,0,1,1,1,b10100101101001011010010110100101,0,0,b10100101101001011010010110100101,b1111,b0,b10,b1,b100000,b0,b10100101101001011010010110100101,b10000,b1000,b10,b1,b100,b0,b1,b11001000,b10100101101001011010010110100101,b100000,0,b0,b0,1,b0,0,b1111,0,0,1,b0,b0,0,b0,0,1,1,b0,0,0,b10100101101001011010010110100101,b1001110001000,b1100011
2810000,0,1,b1111,0,0,b0,0,1,0,b10,b100000,b0,b10100101101001011010010110100101,b10000,b1000,b10,b1,b100,b1,1,0,0,0,1,1,1,b10100101101001011010010110100101,0,0,b10100101101001011010010110100101,b1111,b0,b10,b1,b100000,b0,b10100101101001011010010110100101,b10000,b1000,b10,b1,b100,b0,b1,b11001000,b10100101101001011010010110100101,b100000,0,b0,b0,1,b0,0,b1111,0,0,1,b0,b0,0,b0,0,1,1,b0,0,1,b10100101101001011010010110100101,b1001110001000,b1100011
2820000,0,1,b1111,0,0,b0,0,1,0,b10,b100000,b0,b10100101101001011010010110100101,b10000,b1000,b10,b1,b100,b1,0,0,0,0,1,1,1,b10100101101001011010010110100101,0,0,b10100101101001011010010110100101,b1111,b0,b10,b1,b100000,b0,b10100101101001011010010110100101,b10000,b1000,b10,b1,b100,b0,b1,b11001000,b10100101101001011010010110100101,b100000,0,b0,b0,1,b0,0,b1111,0,0,1,b0,b0,0,b0,0,1,1,b0,0,1,b10100101101001011010010110100101,b1001110001000,b1100011
2830000,0,1,b1111,0,0,b0,0,1,0,b10,b100000,b0,b10100101101001011010010110100101,b10000,b1000,b10,b1,b100,b1,1,0,0,0,1,1,1,b10100101101001011010010110100101,0,0,b10100101101001011010010110100101,b1111,b0,b10,b1,b100000,b0,b10100101101001011010010110100101,b10000,b1000,b10,b1,b100,b0,b1,b11001000,b10100101101001011010010110100101,b100000,0,b0,b0,1,b0,0,b1111,0,0,1,b0,b0,0,b0,0,1,1,b0,0,1,b10100101101001011010010110100101,b1001110001000,b1100011
2840000,0,1,b1111,0,0,b0,0,1,0,b10,b100000,b0,b10100101101001011010010110100101,b10000,b1000,b10,b1,b100,b1,0,0,0,0,1,1,1,b10100101101001011010010110100101,0,0,b10100101101001011010010110100101,b1111,b0,b10,b1,b100000,b0,b10100101101001011010010110100101,b10000,b1000,b10,b1,b100,b0,b1,b11001000,b10100101101001011010010110100101,b100000,0,b0,b0,1,b0,0,b1111,0,0,1,b0,b0,0,b0,0,1,1,b0,0,1,b10100101101001011010010110100101,b1001110001000,b1100011
2850000,0,1,b1111,0,0,b0,0,1,0,b10,b100000,b0,b10100101101001011010010110100101,b10000,b1000,b10,b1,b100,b1,1,0,0,0,1,1,1,b10100101101001011010010110100101,0,0,b10100101101001011010010110100101,b1111,b0,b10,b1,b100000,b0,b10100101101001011010010110100101,b10000,b1000,b10,b1,b100,b0,b1,b11001000,b10100101101001011010010110100101,b100000,0,b0,b0,1,b0,0,b1111,0,0,1,b0,b0,0,b0,0,1,1,b0,0,1,b10100101101001011010010110100101,b1001110001000,b1100011
2860000,0,1,b1111,0,0,b0,0,1,0,b10,b100000,b0,b10100101101001011010010110100101,b10000,b1000,b10,b1,b100,b1,0,0,0,0,1,1,1,b10100101101001011010010110100101,0,0,b10100101101001011010010110100101,b1111,b0,b10,b1,b100000,b0,b10100101101001011010010110100101,b10000,b1000,b10,b1,b100,b0,b1,b11001000,b10100101101001011010010110100101,b100000,0,b0,b0,1,b0,0,b1111,0,0,1,b0,b0,0,b0,0,1,1,b0,0,1,b10100101101001011010010110100101,b1001110001000,b1100011
2870000,0,1,b1111,0,0,b0,0,1,0,b10,b100000,b0,b10100101101001011010010110100101,b10000,b1000,b10,b1,b100,b1,1,0,0,0,1,1,1,b10100101101001011010010110100101,0,0,b10100101101001011010010110100101,b1111,b0,b10,b1,b100000,b0,b10100101101001011010010110100101,b10000,b1000,b10,b1,b100,b0,b1,b11001000,b10100101101001011010010110100101,b100000,0,b0,b0,1,b0,0,b1111,0,0,1,b0,b0,0,b0,0,1,1,b0,0,1,b10100101101001011010010110100101,b1001110001000,b1100011
2880000,0,1,b1111,0,0,b0,0,1,0,b10,b100000,b0,b10100101101001011010010110100101,b10000,b1000,b10,b1,b100,b1,0,0,0,0,1,1,1,b10100101101001011010010110100101,0,0,b10100101101001011010010110100101,b1111,b0,b10,b1,b100000,b0,b10100101101001011010010110100101,b10000,b1000,b10,b1,b100,b0,b1,b11001000,b10100101101001011010010110100101,b100000,0,b0,b0,1,b0,0,b1111,0,0,1,b0,b0,0,b0,0,1,1,b0,0,1,b10100101101001011010010110100101,b1001110001000,b1100011
2890000,0,1,b1111,0,0,b0,0,1,0,b10,b100000,b0,b10100101101001011010010110100101,b10000,b1000,b10,b1,b100,b1,1,0,0,0,1,1,1,b10100101101001011010010110100101,0,0,b10100101101001011010010110100101,b1111,b0,b10,b1,b100000,b0,b10100101101001011010010110100101,b10000,b1000,b10,b1,b100,b0,b1,b11001000,b10100101101001011010010110100101,b100000,0,b0,b0,1,b0,0,b1111,0,0,1,b0,b0,0,b0,0,1,1,b0,0,1,b10100101101001011010010110100101,b1001110001000,b1100011
2900000,0,1,b1111,0,0,b0,0,1,0,b10,b100000,b0,b10100101101001011010010110100101,b10000,b1000,b10,b1,b100,b1,0,0,0,0,1,1,1,b10100101101001011010010110100101,0,0,b10100101101001011010010110100101,b1111,b0,b10,b1,b100000,b0,b10100101101001011010010110100101,b10000,b1000,b10,b1,b100,b0,b1,b11001000,b10100101101001011010010110100101,b100000,0,b0,b0,1,b0,0,b1111,0,0,1,b0,b0,0,b0,0,1,1,b0,0,1,b10100101101001011010010110100101,b1001110001000,b1100011
2910000,0,1,b1111,0,0,b0,0,1,1,b10,b100000,b0,b10100101101001011010010110100101,b10000,b1000,b10,b1,b100,b1,1,0,0,0,1,1,0,b10100101101001011010010110100101,0,0,b10100101101001011010010110100101,b1111,b0,b10,b1,b100000,b0,b10100101101001011010010110100101,b10000,b1000,b10,b1,b100,b0,b1,b11001000,b10100101101001011010010110100101,b100000,0,b0,b0,1,b0,0,b1111,0,0,1,b0,b0,1,b0,0,1,0,b0,1,1,b10100101101001011010010110100101,b1001110001000,b1100011
2920000,0,1,b1111,0,0,b0,0,1,1,b10,b100000,b0,b10100101101001011010010110100101,b10000,b1000,b10,b1,b100,b1,0,0,0,0,1,1,0,b10100101101001011010010110100101,0,0,b10100101101001011010010110100101,b1111,b0,b10,b1,b100000,b0,b10100101101001011010010110100101,b10000,b1000,b10,b1,b100,b0,b1,b11001000,b10100101101001011010010110100101,b100000,0,b0,b0,1,b0,0,b1111,0,0,1,b0,b0,1,b0,0,1,0,b0,1,1,b10100101101001011010010110100101,b1001110001000,b1100011
2930000,0,1,b1111,0,0,b0,0,1,1,b10,b100000,b0,b10100101101001011010010110100101,b10000,b1000,b10,b1,b100,b1,1,0,0,0,1,1,0,b10100101101001011010010110100101,0,0,b10100101101001011010010110100101,b1111,b0,b10,b1,b100000,b0,b10100101101001011010010110100101,b10000,b1000,b10,b1,b100,b0,b1,b11001000,b10100101101001011010010110100101,b100000,0,b0,b0,1,b0,0,b1111,0,0,1,b0,b0,1,b0,0,1,0,b1,1,1,b10100101101001011010010110100101,b1001110001000,b1100011
2940000,0,1,b1111,0,0,b0,0,1,1,b10,b100000,b0,b10100101101001011010010110100101,b10000,b1000,b10,b1,b100,b1,0,0,0,0,1,1,0,b10100101101001011010010110100101,0,0,b10100101101001011010010110100101,b1111,b0,b10,b1,b100000,b0,b10100101101001011010010110100101,b10000,b1000,b10,b1,b100,b0,b1,b11001000,b10100101101001011010010110100101,b100000,0,b0,b0,1,b0,0,b1111,0,0,1,b0,b0,1,b0,0,1,0,b1,1,1,b10100101101001011010010110100101,b1001110001000,b1100011
2950000,0,1,b1111,0,0,b0,0,1,1,b10,b100000,b0,b10100101101001011010010110100101,b10000,b1000,b10,b1,b100,b1,1,0,0,0,1,1,0,b10100101101001011010010110100101,0,0,b10100101101001011010010110100101,b1111,b0,b10,b1,b100000,b0,b10100101101001011010010110100101,b10000,b1000,b10,b1,b100,b0,b1,b11001000,b10100101101001011010010110100101,b100000,0,b0,b0,1,b0,0,b1111,0,0,1,b0,b0,1,b0,0,1,0,b10,1,1,b10100101101001011010010110100101,b1001110001000,b1100011
2960000,0,1,b1111,0,0,b0,0,1,1,b10,b100000,b0,b10100101101001011010010110100101,b10000,b1000,b10,b1,b100,b1,0,0,0,0,1,0,0,b10100101101001011010010110100101,0,0,b10100101101001011010010110100101,b1111,b0,b10,b1,b100000,b0,b10100101101001011010010110100101,b10000,b1000,b10,b1,b100,b0,b1,b11001000,b10100101101001011010010110100101,b100000,0,b0,b0,1,b0,0,b1111,0,0,1,b0,b0,1,b0,0,1,0,b10,1,1,b10100101101001011010010110100101,b1001110001000,b1100011
2970000,0,1,b1111,0,0,b0,0,1,1,b10,b100000,b0,b10100101101001011010010110100101,b10000,b1000,b10,b1,b100,b1,1,0,0,0,1,0,0,b10100101101001011010010110100101,0,0,b10100101101001011010010110100101,b1111,b0,b10,b1,b100000,b0,b10100101101001011010010110100101,b10000,b1000,b10,b1,b100,b0,b1,b11001000,b10100101101001011010010110100101,b100000,0,b0,b0,1,b0,0,b1111,0,0,1,b0,b1,1,b0,0,0,0,b11,1,1,b10100101101001011010010110100101,b1001110001000,b1100011
2980000,0,1,b1111,0,0,b0,0,1,1,b10,b100000,b0,b10100101101001011010010110100101,b10000,b1000,b10,b1,b100,b1,0,0,0,0,1,0,0,b10100101101001011010010110100101,0,0,b10100101101001011010010110100101,b1111,b0,b10,b1,b100000,b0,b10100101101001011010010110100101,b10000,b1000,b10,b1,b100,b0,b1,b11001000,b10100101101001011010010110100101,b100000,0,b0,b0,1,b0,0,b1111,0,0,1,b0,b1,1,b0,0,0,0,b11,1,1,b10100101101001011010010110100101,b1001110001000,b1100011
2990000,0,1,b1111,0,0,b0,0,1,1,b10,b100000,b0,b10100101101001011010010110100101,b10000,b1000,b10,b1,b100,b1,1,0,0,0,1,0,0,b10100101101001011010010110100101,0,0,b10100101101001011010010110100101,b1111,b0,b10,b1,b100000,b0,b10100101101001011010010110100101,b10000,b1000,b10,b1,b100,b0,b1,b11001000,b10100101101001011010010110100101,b100000,0,b0,b0,1,b0,0,b1111,0,0,1,b0,b1,1,b0,0,0,0,b100,1,1,b10100101101001011010010110100101,b1001110001000,b1100011
3000000,0,1,b1111,0,0,b0,0,1,1,b10,b100000,b0,b10100101101001011010010110100101,b10000,b1000,b10,b1,b100,b1,0,0,0,0,1,0,0,b10100101101001011010010110100101,0,0,b10100101101001011010010110100101,b1111,b0,b10,b1,b100000,b0,b10100101101001011010010110100101,b10000,b1000,b10,b1,b100,b0,b1,b11001000,b10100101101001011010010110100101,b100000,0,b0,b0,1,b0,0,b1111,0,0,1,b0,b1,1,b0,0,0,0,b100,1,1,b10100101101001011010010110100101,b1001110001000,b1100011
3010000,0,1,b1111,0,0,b0,0,1,1,b10,b100000,b0,b10100101101001011010010110100101,b10000,b1000,b10,b1,b100,b1,1,0,0,1,1,1,0,b10100101101001011010010110100101,0,0,b10100101101001011010010110100101,b1111,b0,b10,b1,b100000,b0,b10100101101001011010010110100101,b10000,b1000,b10,b1,b100,b0,b1,b11001000,b10100101101001011010010110100101,b100000,0,b0,b0,1,b0,0,b1111,0,0,1,b0,b1,1,b0,0,1,0,b101,1,1,b10100101101001011010010110100101,b1001110001000,b1100011
3020000,0,1,b1111,0,0,b0,0,1,1,b10,b100000,b0,b10100101101001011010010110100101,b10000,b1000,b10,b1,b100,b1,0,0,0,1,1,1,0,b10100101101001011010010110100101,0,0,b10100101101001011010010110100101,b1111,b0,b10,b1,b100000,b0,b10100101101001011010010110100101,b10000,b1000,b10,b1,b100,b0,b1,b11001000,b10100101101001011010010110100101,b100000,0,b0,b0,1,b0,0,b1111,0,0,1,b0,b1,1,b0,0,1,0,b101,1,1,b10100101101001011010010110100101,b1001110001000,b1100011
3030000,0,1,b1111,0,0,b0,0,1,1,b10,b100000,b0,b10100101101001011010010110100101,b10000,b1000,b10,b1,b100,b1,1,0,0,1,1,1,0,b10100101101001011010010110100101,0,0,b10100101101001011010010110100101,b1111,b0,b10,b1,b100000,b0,b10100101101001011010010110100101,b10000,b1000,b10,b1,b100,b0,b1,b11001000,b10100101101001011010010110100101,b100000,0,b0,b0,1,b0,0,b1111,0,0,1,b0,b1,1,b0,0,1,0,b110,1,1,b10100101101001011010010110100101,b1001110001000,b1100011
3040000,0,1,b1111,0,0,b0,0,1,1,b10,b100000,b0,b10100101101001011010010110100101,b10000,b1000,b10,b1,b100,b1,0,0,0,1,1,1,0,b10100101101001011010010110100101,0,0,b10100101101001011010010110100101,b1111,b0,b10,b1,b100000,b0,b10100101101001011010010110100101,b10000,b1000,b10,b1,b100,b0,b1,b11001000,b10100101101001011010010110100101,b100000,0,b0,b0,1,b0,0,b1111,0,0,1,b0,b1,1,b0,0,1,0,b110,1,1,b10100101101001011010010110100101,b1001110001000,b1100011
3050000,0,1,b1111,0,0,b0,0,1,1,b10,b100000,b0,b10100101101001011010010110100101,b10000,b1000,b10,b1,b100,b1,1,0,0,1,1,1,0,b10100101101001011010010110100101,0,0,b10100101101001011010010110100101,b1111,b0,b10,b1,b100000,b0,b10100101101001011010010110100101,b10000,b1000,b10,b1,b100,b0,b1,b11001000,b10100101101001011010010110100101,b100000,0,b0,b0,1,b0,0,b1111,0,0,1,b0,b1,1,b0,0,1,0,b111,1,1,b10100101101001011010010110100101,b1001110001000,b1100011
3060000,0,1,b1111,0,0,b0,0,1,1,b10,b100000,b0,b10100101101001011010010110100101,b10000,b1000,b10,b1,b100,b1,0,0,0,1,1,0,0,b10100101101001011010010110100101,0,0,b10100101101001011010010110100101,b1111,b0,b10,b1,b100000,b0,b10100101101001011010010110100101,b10000,b1000,b10,b1,b100,b0,b1,b11001000,b10100101101001011010010110100101,b100000,0,b0,b0,1,b0,0,b1111,0,0,1,b0,b1,1,b0,0,1,0,b111,1,1,b10100101101001011010010110100101,b1001110001000,b1100011
3070000,0,1,b1111,0,0,b1,0,1,1,b10,b100000,b0,b10100101101001011010010110100101,b10000,b1000,b10,b1,b100,b1,1,0,0,1,1,0,0,b10100101101001011010010110100101,0,0,b10100101101001011010010110100101,b1111,b1,b10,b1,b100000,b0,b10100101101001011010010110100101,b10000,b1000,b10,b1,b100,b0,b1,b11001000,b10100101101001011010010110100101,b100000,0,b0,b0,1,b0,0,b1111,0,0,1,b0,b10,1,b1,0,0,0,b1000,1,1,b10100101101001011010010110100101,b1001110001000,b1100011
3080000,0,1,b1111,0,0,b1,0,1,1,b10,b100000,b0,b10100101101001011010010110100101,b10000,b1000,b10,b1,b100,b1,0,0,0,1,1,0,0,b10100101101001011010010110100101,0,0,b10100101101001011010010110100101,b1111,b1,b10,b1,b100000,b0,b10100101101001011010010110100101,b10000,b1000,b10,b1,b100,b0,b1,b11001000,b10100101101001011010010110100101,b100000,0,b0,b0,1,b0,0,b1111,0,0,1,b0,b10,1,b1,0,0,0,b1000,1,1,b10100101101001011010010110100101,b1001110001000,b1100011
3090000,0,1,b1111,0,0,b1,0,1,1,b10,b100000,b0,b10100101101001011010010110100101,b10000,b1000,b10,b1,b100,b1,1,0,0,1,1,0,0,b10100101101001011010010110100101,0,0,b10100101101001011010010110100101,b1111,b1,b10,b1,b100000,b0,b10100101101001011010010110100101,b10000,b1000,b10,b1,b100,b0,b1,b11001000,b10100101101001011010010110100101,b100000,0,b0,b0,1,b0,0,b1111,0,0,1,b0,b10,1,b1,0,0,0,b1001,1,1,b10100101101001011010010110100101,b1001110001000,b1100011
3100000,0,1,b1111,0,0,b1,0,1,1,b10,b100000,b0,b10100101101001011010010110100101,b10000,b1000,b10,b1,b100,b1,0,0,0,1,1,0,0,b10100101101001011010010110100101,0,0,b10100101101001011010010110100101,b1111,b1,b10,b1,b100000,b0,b10100101101001011010010110100101,b10000,b1000,b10,b1,b100,b0,b1,b11001000,b10100101101001011010010110100101,b100000,0,b0,b0,1,b0,0,b1111,0,0,1,b0,b10,1,b1,0,0,0,b1001,1,1,b10100101101001011010010110100101,b1001110001000,b1100011
3110000,0,1,b1111,0,0,b1,0,1,1,b10,b100000,b0,b10100101101001011010010110100101,b10000,b1000,b10,b1,b100,b1,1,0,0,0,1,1,0,b10100101101001011010010110100101,0,0,b10100101101001011010010110100101,b1111,b1,b10,b1,b100000,b0,b10100101101001011010010110100101,b10000,b1000,b10,b1,b100,b0,b1,b11001000,b10100101101001011010010110100101,b100000,0,b0,b0,1,b0,0,b1111,0,0,1,b0,b10,1,b1,0,1,0,b1010,1,1,b10100101101001011010010110100101,b1001110001000,b1100011
3120000,0,1,b1111,0,0,b1,0,1,1,b10,b100000,b0,b10100101101001011010010110100101,b10000,b1000,b10,b1,b100,b1,0,0,0,0,1,1,0,b10100101101001011010010110100101,0,0,b10100101101001011010010110100101,b1111,b1,b10,b1,b100000,b0,b10100101101001011010010110100101,b10000,b1000,b10,b1,b100,b0,b1,b11001000,b10100101101001011010010110100101,b100000,0,b0,b0,1,b0,0,b1111,0,0,1,b0,b10,1,b1,0,1,0,b1010,1,1,b10100101101001011010010110100101,b1001110001000,b1100011
3130000,0,1,b1111,0,0,b1,0,1,1,b10,b100000,b0,b10100101101001011010010110100101,b10000,b1000,b10,b1,b100,b1,1,0,0,0,1,1,0,b10100101101001011010010110100101,0,0,b10100101101001011010010110100101,b1111,b1,b10,b1,b100000,b0,b10100101101001011010010110100101,b10000,b1000,b10,b1,b100,b0,b1,b11001000,b10100101101001011010010110100101,b100000,0,b0,b0,1,b0,0,b1111,0,0,1,b0,b10,1,b1,0,1,0,b1011,1,1,b10100101101001011010010110100101,b1001110001000,b1100011
3140000,0,1,b1111,0,0,b1,0,1,1,b10,b100000,b0,b10100101101001011010010110100101,b10000,b1000,b10,b1,b100,b1,0,0,0,0,1,1,0,b10100101101001011010010110100101,0,0,b10100101101001011010010110100101,b1111,b1,b10,b1,b100000,b0,b10100101101001011010010110100101,b10000,b1000,b10,b1,b100,b0,b1,b11001000,b10100101101001011010010110100101,b100000,0,b0,b0,1,b0,0,b1111,0,0,1,b0,b10,1,b1,0,1,0,b1011,1,1,b10100101101001011010010110100101,b1001110001000,b1100011
3150000,0,1,b1111,0,0,b1,0,1,1,b10,b100000,b0,b10100101101001011010010110100101,b10000,b1000,b10,b1,b100,b1,1,0,0,0,1,1,0,b10100101101001011010010110100101,0,0,b10100101101001011010010110100101,b1111,b1,b10,b1,b100000,b0,b10100101101001011010010110100101,b10000,b1000,b10,b1,b100,b0,b1,b11001000,b10100101101001011010010110100101,b100000,0,b0,b0,1,b0,0,b1111,0,0,1,b0,b10,1,b1,0,1,0,b1100,1,1,b10100101101001011010010110100101,b1001110001000,b1100011
3160000,0,1,b1111,0,0,b1,0,1,1,b10,b100000,b0,b10100101101001011010010110100101,b10000,b1000,b10,b1,b100,b1,0,0,0,0,1,0,0,b10100101101001011010010110100101,0,0,b10100101101001011010010110100101,b1111,b1,b10,b1,b100000,b0,b10100101101001011010010110100101,b10000,b1000,b10,b1,b100,b0,b1,b11001000,b10100101101001011010010110100101,b100000,0,b0,b0,1,b0,0,b1111,0,0,1,b0,b10,1,b1,0,1,0,b1100,1,1,b10100101101001011010010110100101,b1001110001000,b1100011
3170000,0,1,b1111,0,0,b10,0,1,1,b10,b100000,b0,b10100101101001011010010110100101,b10000,b1000,b10,b1,b100,b1,1,0,0,0,1,0,0,b10100101101001011010010110100101,0,0,b10100101101001011010010110100101,b1111,b10,b10,b1,b100000,b0,b10100101101001011010010110100101,b10000,b1000,b10,b1,b100,b0,b1,b11001000,b10100101101001011010010110100101,b100000,0,b0,b0,1,b0,0,b1111,0,0,1,b0,b11,1,b10,0,0,0,b1101,1,1,b10100101101001011010010110100101,b1001110001000,b1100011
3180000,0,1,b1111,0,0,b10,0,1,1,b10,b100000,b0,b10100101101001011010010110100101,b10000,b1000,b10,b1,b100,b1,0,0,0,0,1,0,0,b10100101101001011010010110100101,0,0,b10100101101001011010010110100101,b1111,b10,b10,b1,b100000,b0,b10100101101001011010010110100101,b10000,b1000,b10,b1,b100,b0,b1,b11001000,b10100101101001011010010110100101,b100000,0,b0,b0,1,b0,0,b1111,0,0,1,b0,b11,1,b10,0,0,0,b1101,1,1,b10100101101001011010010110100101,b1001110001000,b1100011
3190000,0,1,b1111,0,0,b10,0,1,1,b10,b100000,b0,b10100101101001011010010110100101,b10000,b1000,b10,b1,b100,b1,1,0,0,0,1,0,0,b10100101101001011010010110100101,0,0,b10100101101001011010010110100101,b1111,b10,b10,b1,b100000,b0,b10100101101001011010010110100101,b10000,b1000,b10,b1,b100,b0,b1,b11001000,b10100101101001011010010110100101,b100000,0,b0,b0,1,b0,0,b1111,0,0,1,b0,b11,1,b10,0,0,0,b1110,1,1,b10100101101001011010010110100101,b1001110001000,b1100011
3200000,0,1,b1111,0,0,b10,0,1,1,b10,b100000,b0,b10100101101001011010010110100101,b10000,b1000,b10,b1,b100,b1,0,0,0,0,1,0,0,b10100101101001011010010110100101,0,0,b10100101101001011010010110100101,b1111,b10,b10,b1,b100000,b0,b10100101101001011010010110100101,b10000,b1000,b10,b1,b100,b0,b1,b11001000,b10100101101001011010010110100101,b100000,0,b0,b0,1,b0,0,b1111,0,0,1,b0,b11,1,b10,0,0,0,b1110,1,1,b10100101101001011010010110100101,b1001110001000,b1100011
3210000,0,1,b1111,0,0,b10,0,1,1,b10,b100000,b0,b10100101101001011010010110100101,b10000,b1000,b10,b1,b100,b1,1,0,0,1,1,1,0,b10100101101001011010010110100101,0,0,b10100101101001011010010110100101,b1111,b10,b10,b1,b100000,b0,b10100101101001011010010110100101,b10000,b1000,b10,b1,b100,b0,b1,b11001000,b10100101101001011010010110100101,b100000,0,b0,b0,1,b0,0,b1111,0,0,1,b0,b11,1,b10,0,1,0,b1111,1,1,b10100101101001011010010110100101,b1001110001000,b1100011
3220000,0,1,b1111,0,0,b10,0,1,1,b10,b100000,b0,b10100101101001011010010110100101,b10000,b1000,b10,b1,b100,b1,0,0,0,1,1,1,0,b10100101101001011010010110100101,0,0,b10100101101001011010010110100101,b1111,b10,b10,b1,b100000,b0,b10100101101001011010010110100101,b10000,b1000,b10,b1,b100,b0,b1,b11001000,b10100101101001011010010110100101,b100000,0,b0,b0,1,b0,0,b1111,0,0,1,b0,b11,1,b10,0,1,0,b1111,1,1,b10100101101001011010010110100101,b1001110001000,b1100011
3230000,0,1,b1111,0,0,b10,0,1,1,b10,b100000,b0,b10100101101001011010010110100101,b10000,b1000,b10,b1,b100,b1,1,0,0,1,1,1,0,b10100101101001011010010110100101,0,0,b10100101101001011010010110100101,b1111,b10,b10,b1,b100000,b0,b10100101101001011010010110100101,b10000,b1000,b10,b1,b100,b0,b1,b11001000,b10100101101001011010010110100101,b100000,0,b0,b0,1,b0,0,b1111,0,0,1,b0,b11,1,b10,0,1,0,b10000,1,1,b10100101101001011010010110100101,b1001110001000,b1100011
3240000,0,1,b1111,0,0,b10,0,1,1,b10,b100000,b0,b10100101101001011010010110100101,b10000,b1000,b10,b1,b100,b1,0,0,0,1,1,1,0,b10100101101001011010010110100101,0,0,b10100101101001011010010110100101,b1111,b10,b10,b1,b100000,b0,b10100101101001011010010110100101,b10000,b1000,b10,b1,b100,b0,b1,b11001000,b10100101101001011010010110100101,b100000,0,b0,b0,1,b0,0,b1111,0,0,1,b0,b11,1,b10,0,1,0,b10000,1,1,b10100101101001011010010110100101,b1001110001000,b1100011
3250000,0,1,b1111,0,0,b10,0,1,1,b10,b100000,b0,b10100101101001011010010110100101,b10000,b1000,b10,b1,b100,b1,1,0,0,1,1,1,0,b10100101101001011010010110100101,0,0,b10100101101001011010010110100101,b1111,b10,b10,b1,b100000,b0,b10100101101001011010010110100101,b10000,b1000,b10,b1,b100,b0,b1,b11001000,b10100101101001011010010110100101,b100000,0,b0,b0,1,b0,0,b1111,0,0,1,b0,b11,1,b10,0,1,0,b10001,1,1,b10100101101001011010010110100101,b1001110001000,b1100011
3260000,0,1,b1111,0,0,b10,0,1,1,b10,b100000,b0,b10100101101001011010010110100101,b10000,b1000,b10,b1,b100,b1,0,0,0,1,1,0,0,b10100101101001011010010110100101,0,0,b10100101101001011010010110100101,b1111,b10,b10,b1,b100000,b0,b10100101101001011010010110100101,b10000,b1000,b10,b1,b100,b0,b1,b11001000,b10100101101001011010010110100101,b100000,0,b0,b0,1,b0,0,b1111,0,0,1,b0,b11,1,b10,0,1,0,b10001,1,1,b10100101101001011010010110100101,b1001110001000,b1100011
3270000,0,1,b1111,0,0,b101,0,1,1,b10,b100000,b0,b10100101101001011010010110100101,b10000,b1000,b10,b1,b100,b1,1,0,0,1,1,0,0,b10100101101001011010010110100101,0,0,b10100101101001011010010110100101,b1111,b101,b10,b1,b100000,b0,b10100101101001011010010110100101,b10000,b1000,b10,b1,b100,b0,b1,b11001000,b10100101101001011010010110100101,b100000,0,b0,b0,1,b0,0,b1111,0,0,1,b0,b100,1,b101,0,0,0,b10010,1,1,b10100101101001011010010110100101,b1001110001000,b1100011
3280000,0,1,b1111,0,0,b101,0,1,1,b10,b100000,b0,b10100101101001011010010110100101,b10000,b1000,b10,b1,b100,b1,0,0,0,1,1,0,0,b10100101101001011010010110100101,0,0,b10100101101001011010010110100101,b1111,b101,b10,b1,b100000,b0,b10100101101001011010010110100101,b10000,b1000,b10,b1,b100,b0,b1,b11001000,b10100101101001011010010110100101,b100000,0,b0,b0,1,b0,0,b1111,0,0,1,b0,b100,1,b101,0,0,0,b10010,1,1,b10100101101001011010010110100101,b1001110001000,b1100011
3290000,0,1,b1111,0,0,b101,0,1,1,b10,b100000,b0,b10100101101001011010010110100101,b10000,b1000,b10,b1,b100,b1,1,0,0,1,1,0,0,b10100101101001011010010110100101,0,0,b10100101101001011010010110100101,b1111,b101,b10,b1,b100000,b0,b10100101101001011010010110100101,b10000,b1000,b10,b1,b100,b0,b1,b11001000,b10100101101001011010010110100101,b100000,0,b0,b0,1,b0,0,b1111,0,0,1,b0,b100,1,b101,0,0,0,b10011,1,1,b10100101101001011010010110100101,b1001110001000,b1100011
3300000,0,1,b1111,0,0,b101,0,1,1,b10,b100000,b0,b10100101101001011010010110100101,b10000,b1000,b10,b1,b100,b1,0,0,0,1,1,0,0,b10100101101001011010010110100101,0,0,b10100101101001011010010110100101,b1111,b101,b10,b1,b100000,b0,b10100101101001011010010110100101,b10000,b1000,b10,b1,b100,b0,b1,b11001000,b10100101101001011010010110100101,b100000,0,b0,b0,1,b0,0,b1111,0,0,1,b0,b100,1,b101,0,0,0,b10011,1,1,b10100101101001011010010110100101,b1001110001000,b1100011
3310000,0,1,b1111,0,0,b101,0,1,1,b10,b100000,b0,b10100101101001011010010110100101,b10000,b1000,b10,b1,b100,b1,1,0,0,1,1,1,0,b10100101101001011010010110100101,0,0,b10100101101001011010010110100101,b1111,b101,b10,b1,b100000,b0,b10100101101001011010010110100101,b10000,b1000,b10,b1,b100,b0,b1,b11001000,b10100101101001011010010110100101,b100000,0,b0,b0,1,b0,0,b1111,0,0,1,b0,b100,1,b101,0,1,0,b10100,1,1,b10100101101001011010010110100101,b1001110001000,b1100011
3320000,0,1,b1111,0,0,b101,0,1,1,b10,b100000,b0,b10100101101001011010010110100101,b10000,b1000,b10,b1,b100,b1,0,0,0,1,1,1,0,b10100101101001011010010110100101,0,0,b10100101101001011010010110100101,b1111,b101,b10,b1,b100000,b0,b10100101101001011010010110100101,b10000,b1000,b10,b1,b100,b0,b1,b11001000,b10100101101001011010010110100101,b100000,0,b0,b0,1,b0,0,b1111,0,0,1,b0,b100,1,b101,0,1,0,b10100,1,1,b10100101101001011010010110100101,b1001110001000,b1100011
3330000,0,1,b1111,0,0,b101,0,1,1,b10,b100000,b0,b10100101101001011010010110100101,b10000,b1000,b10,b1,b100,b1,1,0,0,1,1,1,0,b10100101101001011010010110100101,0,0,b10100101101001011010010110100101,b1111,b101,b10,b1,b100000,b0,b10100101101001011010010110100101,b10000,b1000,b10,b1,b100,b0,b1,b11001000,b10100101101001011010010110100101,b100000,0,b0,b0,1,b0,0,b1111,0,0,1,b0,b100,1,b101,0,1,0,b10101,1,1,b10100101101001011010010110100101,b1001110001000,b1100011
3340000,0,1,b1111,0,0,b101,0,1,1,b10,b100000,b0,b10100101101001011010010110100101,b10000,b1000,b10,b1,b100,b1,0,0,0,1,1,1,0,b10100101101001011010010110100101,0,0,b10100101101001011010010110100101,b1111,b101,b10,b1,b100000,b0,b10100101101001011010010110100101,b10000,b1000,b10,b1,b100,b0,b1,b11001000,b10100101101001011010010110100101,b100000,0,b0,b0,1,b0,0,b1111,0,0,1,b0,b100,1,b101,0,1,0,b10101,1,1,b10100101101001011010010110100101,b1001110001000,b1100011
3350000,0,1,b1111,0,0,b101,0,1,1,b10,b100000,b0,b10100101101001011010010110100101,b10000,b1000,b10,b1,b100,b1,1,0,0,1,1,1,0,b10100101101001011010010110100101,0,0,b10100101101001011010010110100101,b1111,b101,b10,b1,b100000,b0,b10100101101001011010010110100101,b10000,b1000,b10,b1,b100,b0,b1,b11001000,b10100101101001011010010110100101,b100000,0,b0,b0,1,b0,0,b1111,0,0,1,b0,b100,1,b101,0,1,0,b10110,1,1,b10100101101001011010010110100101,b1001110001000,b1100011
3360000,0,1,b1111,0,0,b101,0,1,1,b10,b100000,b0,b10100101101001011010010110100101,b10000,b1000,b10,b1,b100,b1,0,0,0,1,1,0,0,b10100101101001011010010110100101,0,0,b10100101101001011010010110100101,b1111,b101,b10,b1,b100000,b0,b10100101101001011010010110100101,b10000,b1000,b10,b1,b100,b0,b1,b11001000,b10100101101001011010010110100101,b100000,0,b0,b0,1,b0,0,b1111,0,0,1,b0,b100,1,b101,0,1,0,b10110,1,1,b10100101101001011010010110100101,b1001110001000,b1100011
3370000,0,1,b1111,0,0,b1011,0,1,1,b10,b100000,b0,b10100101101001011010010110100101,b10000,b1000,b10,b1,b100,b1,1,0,0,1,1,0,0,b10100101101001011010010110100101,0,0,b10100101101001011010010110100101,b1111,b1011,b10,b1,b100000,b0,b10100101101001011010010110100101,b10000,b1000,b10,b1,b100,b0,b1,b11001000,b10100101101001011010010110100101,b100000,0,b0,b0,1,b0,0,b1111,0,0,1,b0,b101,1,b1011,0,0,0,b10111,1,1,b10100101101001011010010110100101,b1001110001000,b1100011
3380000,0,1,b1111,0,0,b1011,0,1,1,b10,b100000,b0,b10100101101001011010010110100101,b10000,b1000,b10,b1,b100,b1,0,0,0,1,1,0,0,b10100101101001011010010110100101,0,0,b10100101101001011010010110100101,b1111,b1011,b10,b1,b100000,b0,b10100101101001011010010110100101,b10000,b1000,b10,b1,b100,b0,b1,b11001000,b10100101101001011010010110100101,b100000,0,b0,b0,1,b0,0,b1111,0,0,1,b0,b101,1,b1011,0,0,0,b10111,1,1,b10100101101001011010010110100101,b1001110001000,b1100011
3390000,0,1,b1111,0,0,b1011,0,1,1,b10,b100000,b0,b10100101101001011010010110100101,b10000,b1000,b10,b1,b100,b1,1,0,0,1,1,0,0,b10100101101001011010010110100101,0,0,b10100101101001011010010110100101,b1111,b1011,b10,b1,b100000,b0,b10100101101001011010010110100101,b10000,b1000,b10,b1,b100,b0,b1,b11001000,b10100101101001011010010110100101,b100000,0,b0,b0,1,b0,0,b1111,0,0,1,b0,b101,1,b1011,0,0,0,b11000,1,1,b10100101101001011010010110100101,b1001110001000,b1100011
3400000,0,1,b1111,0,0,b1011,0,1,1,b10,b100000,b0,b10100101101001011010010110100101,b10000,b1000,b10,b1,b100,b1,0,0,0,1,1,0,0,b10100101101001011010010110100101,0,0,b10100101101001011010010110100101,b1111,b1011,b10,b1,b100000,b0,b10100101101001011010010110100101,b10000,b1000,b10,b1,b100,b0,b1,b11001000,b10100101101001011010010110100101,b100000,0,b0,b0,1,b0,0,b1111,0,0,1,b0,b101,1,b1011,0,0,0,b11000,1,1,b10100101101001011010010110100101,b1001110001000,b1100011
3410000,0,1,b1111,0,0,b1011,0,1,1,b10,b100000,b0,b10100101101001011010010110100101,b10000,b1000,b10,b1,b100,b1,1,0,0,0,1,1,0,b10100101101001011010010110100101,0,0,b10100101101001011010010110100101,b1111,b1011,b10,b1,b100000,b0,b10100101101001011010010110100101,b10000,b1000,b10,b1,b100,b0,b1,b11001000,b10100101101001011010010110100101,b100000,0,b0,b0,1,b0,0,b1111,0,0,1,b0,b101,1,b1011,0,1,0,b11001,1,1,b10100101101001011010010110100101,b1001110001000,b1100011
3420000,0,1,b1111,0,0,b1011,0,1,1,b10,b100000,b0,b10100101101001011010010110100101,b10000,b1000,b10,b1,b100,b1,0,0,0,0,1,1,0,b10100101101001011010010110100101,0,0,b10100101101001011010010110100101,b1111,b1011,b10,b1,b100000,b0,b10100101101001011010010110100101,b10000,b1000,b10,b1,b100,b0,b1,b11001000,b10100101101001011010010110100101,b100000,0,b0,b0,1,b0,0,b1111,0,0,1,b0,b101,1,b1011,0,1,0,b11001,1,1,b10100101101001011010010110100101,b1001110001000,b1100011
3430000,0,1,b1111,0,0,b1011,0,1,1,b10,b100000,b0,b10100101101001011010010110100101,b10000,b1000,b10,b1,b100,b1,1,0,0,0,1,1,0,b10100101101001011010010110100101,0,0,b10100101101001011010010110100101,b1111,b1011,b10,b1,b100000,b0,b10100101101001011010010110100101,b10000,b1000,b10,b1,b100,b0,b1,b11001000,b10100101101001011010010110100101,b100000,0,b0,b0,1,b0,0,b1111,0,0,1,b0,b101,1,b1011,0,1,0,b11010,1,1,b10100101101001011010010110100101,b1001110001000,b1100011
3440000,0,1,b1111,0,0,b1011,0,1,1,b10,b100000,b0,b10100101101001011010010110100101,b10000,b1000,b10,b1,b100,b1,0,0,0,0,1,1,0,b10100101101001011010010110100101,0,0,b10100101101001011010010110100101,b1111,b1011,b10,b1,b100000,b0,b10100101101001011010010110100101,b10000,b1000,b10,b1,b100,b0,b1,b11001000,b10100101101001011010010110100101,b100000,0,b0,b0,1,b0,0,b1111,0,0,1,b0,b101,1,b1011,0,1,0,b11010,1,1,b10100101101001011010010110100101,b1001110001000,b1100011
3450000,0,1,b1111,0,0,b1011,0,1,1,b10,b100000,b0,b10100101101001011010010110100101,b10000,b1000,b10,b1,b100,b1,1,0,0,0,1,1,0,b10100101101001011010010110100101,0,0,b10100101101001011010010110100101,b1111,b1011,b10,b1,b100000,b0,b10100101101001011010010110100101,b10000,b1000,b10,b1,b100,b0,b1,b11001000,b10100101101001011010010110100101,b100000,0,b0,b0,1,b0,0,b1111,0,0,1,b0,b101,1,b1011,0,1,0,b11011,1,1,b10100101101001011010010110100101,b1001110001000,b1100011
3460000,0,1,b1111,0,0,b1011,0,1,1,b10,b100000,b0,b10100101101001011010010110100101,b10000,b1000,b10,b1,b100,b1,0,0,0,0,1,0,0,b10100101101001011010010110100101,0,0,b10100101101001011010010110100101,b1111,b1011,b10,b1,b100000,b0,b10100101101001011010010110100101,b10000,b1000,b10,b1,b100,b0,b1,b11001000,b10100101101001011010010110100101,b100000,0,b0,b0,1,b0,0,b1111,0,0,1,b0,b101,1,b1011,0,1,0,b11011,1,1,b10100101101001011010010110100101,b1001110001000,b1100011
3470000,0,1,b1111,0,0,b10110,0,1,1,b10,b100000,b0,b10100101101001011010010110100101,b10000,b1000,b10,b1,b100,b1,1,0,0,0,1,0,0,b10100101101001011010010110100101,0,0,b10100101101001011010010110100101,b1111,b10110,b10,b1,b100000,b0,b10100101101001011010010110100101,b10000,b1000,b10,b1,b100,b0,b1,b11001000,b10100101101001011010010110100101,b100000,0,b0,b0,1,b0,0,b1111,0,0,1,b0,b110,1,b10110,0,0,0,b11100,1,1,b10100101101001011010010110100101,b1001110001000,b1100011
3480000,0,1,b1111,0,0,b10110,0,1,1,b10,b100000,b0,b10100101101001011010010110100101,b10000,b1000,b10,b1,b100,b1,0,0,0,0,1,0,0,b10100101101001011010010110100101,0,0,b10100101101001011010010110100101,b1111,b10110,b10,b1,b100000,b0,b10100101101001011010010110100101,b10000,b1000,b10,b1,b100,b0,b1,b11001000,b10100101101001011010010110100101,b100000,0,b0,b0,1,b0,0,b1111,0,0,1,b0,b110,1,b10110,0,0,0,b11100,1,1,b10100101101001011010010110100101,b1001110001000,b1100011
3490000,0,1,b1111,0,0,b10110,0,1,1,b10,b100000,b0,b10100101101001011010010110100101,b10000,b1000,b10,b1,b100,b1,1,0,0,0,1,0,0,b10100101101001011010010110100101,0,0,b10100101101001011010010110100101,b1111,b10110,b10,b1,b100000,b0,b10100101101001011010010110100101,b10000,b1000,b10,b1,b100,b0,b1,b11001000,b10100101101001011010010110100101,b100000,0,b0,b0,1,b0,0,b1111,0,0,1,b0,b110,1,b10110,0,0,0,b11101,1,1,b10100101101001011010010110100101,b1001110001000,b1100011
3500000,0,1,b1111,0,0,b10110,0,1,1,b10,b100000,b0,b10100101101001011010010110100101,b10000,b1000,b10,b1,b100,b1,0,0,0,0,1,0,0,b10100101101001011010010110100101,0,0,b10100101101001011010010110100101,b1111,b10110,b10,b1,b100000,b0,b10100101101001011010010110100101,b10000,b1000,b10,b1,b100,b0,b1,b11001000,b10100101101001011010010110100101,b100000,0,b0,b0,1,b0,0,b1111,0,0,1,b0,b110,1,b10110,0,0,0,b11101,1,1,b10100101101001011010010110100101,b1001110001000,b1100011
3510000,0,1,b1111,0,0,b10110,0,1,1,b10,b100000,b0,b10100101101001011010010110100101,b10000,b1000,b10,b1,b100,b1,1,0,0,1,1,1,0,b10100101101001011010010110100101,0,0,b10100101101001011010010110100101,b1111,b10110,b10,b1,b100000,b0,b10100101101001011010010110100101,b10000,b1000,b10,b1,b100,b0,b1,b11001000,b10100101101001011010010110100101,b100000,0,b0,b0,1,b0,0,b1111,0,0,1,b0,b110,1,b10110,0,1,0,b11110,1,1,b10100101101001011010010110100101,b1001110001000,b1100011
3520000,0,1,b1111,0,0,b10110,0,1,1,b10,b100000,b0,b10100101101001011010010110100101,b10000,b1000,b10,b1,b100,b1,0,0,0,1,1,1,0,b10100101101001011010010110100101,0,0,b10100101101001011010010110100101,b1111,b10110,b10,b1,b100000,b0,b10100101101001011010010110100101,b10000,b1000,b10,b1,b100,b0,b1,b11001000,b10100101101001011010010110100101,b100000,0,b0,b0,1,b0,0,b1111,0,0,1,b0,b110,1,b10110,0,1,0,b11110,1,1,b10100101101001011010010110100101,b1001110001000,b1100011
3530000,0,1,b1111,0,0,b10110,0,1,1,b10,b100000,b0,b10100101101001011010010110100101,b10000,b1000,b10,b1,b100,b1,1,0,0,1,1,1,0,b10100101101001011010010110100101,0,0,b10100101101001011010010110100101,b1111,b10110,b10,b1,b100000,b0,b10100101101001011010010110100101,b10000,b1000,b10,b1,b100,b0,b1,b11001000,b10100101101001011010010110100101,b100000,0,b0,b0,1,b0,0,b1111,0,0,1,b0,b110,1,b10110,0,1,0,b11111,1,1,b10100101101001011010010110100101,b1001110001000,b1100011
3540000,0,1,b1111,0,0,b10110,0,1,1,b10,b100000,b0,b10100101101001011010010110100101,b10000,b1000,b10,b1,b100,b1,0,0,0,1,1,1,0,b10100101101001011010010110100101,0,0,b10100101101001011010010110100101,b1111,b10110,b10,b1,b100000,b0,b10100101101001011010010110100101,b10000,b1000,b10,b1,b100,b0,b1,b11001000,b10100101101001011010010110100101,b100000,0,b0,b0,1,b0,0,b1111,0,0,1,b0,b110,1,b10110,0,1,0,b11111,1,1,b10100101101001011010010110100101,b1001110001000,b1100011
3550000,0,1,b1111,0,0,b10110,0,1,1,b10,b100000,b0,b10100101101001011010010110100101,b10000,b1000,b10,b1,b100,b1,1,0,0,1,1,1,0,b10100101101001011010010110100101,0,0,b10100101101001011010010110100101,b1111,b10110,b10,b1,b100000,b0,b10100101101001011010010110100101,b10000,b1000,b10,b1,b100,b0,b1,b11001000,b10100101101001011010010110100101,b100000,0,b0,b0,1,b0,0,b1111,0,0,1,b0,b110,1,b10110,0,1,0,b100000,1,1,b10100101101001011010010110100101,b1001110001000,b1100011
3560000,0,1,b1111,0,0,b10110,0,1,1,b10,b100000,b0,b10100101101001011010010110100101,b10000,b1000,b10,b1,b100,b1,0,0,0,1,1,0,0,b10100101101001011010010110100101,0,0,b10100101101001011010010110100101,b1111,b10110,b10,b1,b100000,b0,b10100101101001011010010110100101,b10000,b1000,b10,b1,b100,b0,b1,b11001000,b10100101101001011010010110100101,b100000,0,b0,b0,1,b0,0,b1111,0,0,1,b0,b110,1,b10110,0,1,0,b100000,1,1,b10100101101001011010010110100101,b1001110001000,b1100011
3570000,0,1,b1111,0,0,b101101,0,1,1,b10,b100000,b0,b10100101101001011010010110100101,b10000,b1000,b10,b1,b100,b1,1,0,0,1,1,0,0,b10100101101001011010010110100101,0,0,b10100101101001011010010110100101,b1111,b101101,b10,b1,b100000,b0,b10100101101001011010010110100101,b10000,b1000,b10,b1,b100,b0,b1,b11001000,b10100101101001011010010110100101,b100000,0,b0,b0,1,b0,0,b1111,0,0,1,b0,b111,1,b101101,0,0,0,b100001,1,1,b10100101101001011010010110100101,b1001110001000,b1100011
3580000,0,1,b1111,0,0,b101101,0,1,1,b10,b100000,b0,b10100101101001011010010110100101,b10000,b1000,b10,b1,b100,b1,0,0,0,1,1,0,0,b10100101101001011010010110100101,0,0,b10100101101001011010010110100101,b1111,b101101,b10,b1,b100000,b0,b10100101101001011010010110100101,b10000,b1000,b10,b1,b100,b0,b1,b11001000,b10100101101001011010010110100101,b100000,0,b0,b0,1,b0,0,b1111,0,0,1,b0,b111,1,b101101,0,0,0,b100001,1,1,b10100101101001011010010110100101,b1001110001000,b1100011
3590000,0,1,b1111,0,0,b101101,0,1,1,b10,b100000,b0,b10100101101001011010010110100101,b10000,b1000,b10,b1,b100,b1,1,0,0,1,1,0,0,b10100101101001011010010110100101,0,0,b10100101101001011010010110100101,b1111,b101101,b10,b1,b100000,b0,b10100101101001011010010110100101,b10000,b1000,b10,b1,b100,b0,b1,b11001000,b10100101101001011010010110100101,b100000,0,b0,b0,1,b0,0,b1111,0,0,1,b0,b111,1,b101101,0,0,0,b100010,1,1,b10100101101001011010010110100101,b1001110001000,b1100011
3600000,0,1,b1111,0,0,b101101,0,1,1,b10,b100000,b0,b10100101101001011010010110100101,b10000,b1000,b10,b1,b100,b1,0,0,0,1,1,0,0,b10100101101001011010010110100101,0,0,b10100101101001011010010110100101,b1111,b101101,b10,b1,b100000,b0,b10100101101001011010010110100101,b10000,b1000,b10,b1,b100,b0,b1,b11001000,b10100101101001011010010110100101,b100000,0,b0,b0,1,b0,0,b1111,0,0,1,b0,b111,1,b101101,0,0,0,b100010,1,1,b10100101101001011010010110100101,b1001110001000,b1100011
3610000,0,1,b1111,0,0,b101101,0,1,1,b10,b100000,b0,b10100101101001011010010110100101,b10000,b1000,b10,b1,b100,b1,1,0,0,1,1,1,0,b10100101101001011010010110100101,0,0,b10100101101001011010010110100101,b1111,b101101,b10,b1,b100000,b0,b10100101101001011010010110100101,b10000,b1000,b10,b1,b100,b0,b1,b11001000,b10100101101001011010010110100101,b100000,0,b0,b0,1,b0,0,b1111,0,0,1,b0,b111,1,b101101,0,1,0,b100011,1,1,b10100101101001011010010110100101,b1001110001000,b1100011
3620000,0,1,b1111,0,0,b101101,0,1,1,b10,b100000,b0,b10100101101001011010010110100101,b10000,b1000,b10,b1,b100,b1,0,0,0,1,1,1,0,b10100101101001011010010110100101,0,0,b10100101101001011010010110100101,b1111,b101101,b10,b1,b100000,b0,b10100101101001011010010110100101,b10000,b1000,b10,b1,b100,b0,b1,b11001000,b10100101101001011010010110100101,b100000,0,b0,b0,1,b0,0,b1111,0,0,1,b0,b111,1,b101101,0,1,0,b100011,1,1,b10100101101001011010010110100101,b1001110001000,b1100011
3630000,0,1,b1111,0,0,b101101,0,1,1,b10,b100000,b0,b10100101101001011010010110100101,b10000,b1000,b10,b1,b100,b1,1,0,0,1,1,1,0,b10100101101001011010010110100101,0,0,b10100101101001011010010110100101,b1111,b101101,b10,b1,b100000,b0,b10100101101001011010010110100101,b10000,b1000,b10,b1,b100,b0,b1,b11001000,b10100101101001011010010110100101,b100000,0,b0,b0,1,b0,0,b1111,0,0,1,b0,b111,1,b101101,0,1,0,b100100,1,1,b10100101101001011010010110100101,b1001110001000,b1100011
3640000,0,1,b1111,0,0,b101101,0,1,1,b10,b100000,b0,b10100101101001011010010110100101,b10000,b1000,b10,b1,b100,b1,0,0,0,1,1,1,0,b10100101101001011010010110100101,0,0,b10100101101001011010010110100101,b1111,b101101,b10,b1,b100000,b0,b10100101101001011010010110100101,b10000,b1000,b10,b1,b100,b0,b1,b11001000,b10100101101001011010010110100101,b100000,0,b0,b0,1,b0,0,b1111,0,0,1,b0,b111,1,b101101,0,1,0,b100100,1,1,b10100101101001011010010110100101,b1001110001000,b1100011
3650000,0,1,b1111,0,0,b101101,0,1,1,b10,b100000,b0,b10100101101001011010010110100101,b10000,b1000,b10,b1,b100,b1,1,0,0,1,1,1,0,b10100101101001011010010110100101,0,0,b10100101101001011010010110100101,b1111,b101101,b10,b1,b100000,b0,b10100101101001011010010110100101,b10000,b1000,b10,b1,b100,b0,b1,b11001000,b10100101101001011010010110100101,b100000,0,b0,b0,1,b0,0,b1111,0,0,1,b0,b111,1,b101101,0,1,0,b100101,1,1,b10100101101001011010010110100101,b1001110001000,b1100011
3660000,0,1,b1111,0,0,b101101,0,1,1,b10,b100000,b0,b10100101101001011010010110100101,b10000,b1000,b10,b1,b100,b1,0,0,0,1,1,1,0,b10100101101001011010010110100101,0,0,b10100101101001011010010110100101,b1111,b101101,b10,b1,b100000,b0,b10100101101001011010010110100101,b10000,b1000,b10,b1,b100,b0,b1,b11001000,b10100101101001011010010110100101,b100000,0,b0,b0,1,b0,0,b1111,0,0,1,b0,b111,1,b101101,0,1,0,b100101,1,1,b10100101101001011010010110100101,b1001110001000,b1100011
3670000,0,1,b1111,0,0,b101101,0,1,1,b10,b100000,b0,b10100101101001011010010110100101,b10000,b1000,b10,b1,b100,b1,1,0,0,1,1,1,0,b10100101101001011010010110100101,0,0,b10100101101001011010010110100101,b1111,b101101,b10,b1,b100000,b0,b10100101101001011010010110100101,b10000,b1000,b10,b1,b100,b0,b1,b11001000,b10100101101001011010010110100101,b100000,0,b0,b0,1,b0,0,b1111,0,0,1,b0,b111,1,b101101,0,1,0,b100110,1,1,b10100101101001011010010110100101,b1001110001000,b1100011
3680000,0,1,b1111,0,0,b101101,0,1,1,b10,b100000,b0,b10100101101001011010010110100101,b10000,b1000,b10,b1,b100,b1,0,0,0,1,1,1,0,b10100101101001011010010110100101,0,0,b10100101101001011010010110100101,b1111,b101101,b10,b1,b100000,b0,b10100101101001011010010110100101,b10000,b1000,b10,b1,b100,b0,b1,b11001000,b10100101101001011010010110100101,b100000,0,b0,b0,1,b0,0,b1111,0,0,1,b0,b111,1,b101101,0,1,0,b100110,1,1,b10100101101001011010010110100101,b1001110001000,b1100011
3690000,0,1,b1111,0,0,b101101,0,1,1,b10,b100000,b0,b10100101101001011010010110100101,b10000,b1000,b10,b1,b100,b1,1,0,0,1,1,1,0,b10100101101001011010010110100101,0,0,b10100101101001011010010110100101,b1111,b101101,b10,b1,b100000,b0,b10100101101001011010010110100101,b10000,b1000,b10,b1,b100,b0,b1,b11001000,b10100101101001011010010110100101,b100000,0,b0,b0,1,b0,0,b1111,0,0,1,b0,b111,1,b101101,0,1,0,b100111,1,1,b10100101101001011010010110100101,b1001110001000,b1100011
3700000,0,1,b1111,0,0,b101101,0,1,1,b10,b100000,b0,b10100101101001011010010110100101,b10000,b1000,b10,b1,b100,b1,0,0,0,1,1,1,0,b10100101101001011010010110100101,0,0,b10100101101001011010010110100101,b1111,b101101,b10,b1,b100000,b0,b10100101101001011010010110100101,b10000,b1000,b10,b1,b100,b0,b1,b11001000,b10100101101001011010010110100101,b100000,0,b0,b0,1,b0,0,b1111,0,0,1,b0,b111,1,b101101,0,1,0,b100111,1,1,b10100101101001011010010110100101,b1001110001000,b1100011
3710000,0,1,b1111,0,1,b101101,0,1,0,b10,b100000,b0,b10100101101001011010010110100101,b10000,b1000,b10,b1,b100,b1,1,0,0,1,1,1,1,b10100101101001011010010110100101,0,0,b10100101101001011010010110100101,b1111,b101101,b10,b1,b100000,b0,b10100101101001011010010110100101,b10000,b1000,b10,b1,b100,b0,b1,b11001000,b10100101101001011010010110100101,b100000,0,b0,b0,1,b0,0,b1111,0,0,1,b0,b111,0,b101101,1,1,1,b101000,0,1,b10100101101001011010010110100101,b1001110001000,b1100011
3720000,0,1,b1111,0,1,b101101,0,1,0,b10,b100000,b0,b10100101101001011010010110100101,b10000,b1000,b10,b1,b100,b1,0,0,0,1,1,1,1,b10100101101001011010010110100101,0,0,b10100101101001011010010110100101,b1111,b101101,b10,b1,b100000,b0,b10100101101001011010010110100101,b10000,b1000,b10,b1,b100,b0,b1,b11001000,b10100101101001011010010110100101,b100000,0,b0,b0,1,b0,0,b1111,0,0,1,b0,b111,0,b101101,1,1,1,b101000,0,1,b10100101101001011010010110100101,b1001110001000,b1100011
3730000,0,1,b1111,0,0,b101101,0,1,0,b10,b100000,b0,b10100101101001011010010110100101,b10000,b1000,b10,b1,b100,b1,1,0,0,1,1,1,1,b10100101101001011010010110100101,0,0,b10100101101001011010010110100101,b1111,b101101,b10,b1,b100000,b0,b10100101101001011010010110100101,b10000,b1000,b10,b1,b100,b0,b1,b11001000,b10100101101001011010010110100101,b100000,0,b0,b0,1,b0,0,b1111,0,0,1,b0,b111,0,b101101,0,1,1,b0,0,1,b10100101101001011010010110100101,b1001110001000,b1100011
3740000,0,1,b1111,0,0,b101101,0,1,0,b10,b100000,b0,b10100101101001011010010110100101,b10000,b1000,b10,b1,b100,b1,0,0,0,1,1,1,1,b10100101101001011010010110100101,0,0,b10100101101001011010010110100101,b1111,b101101,b10,b1,b100000,b0,b10100101101001011010010110100101,b10000,b1000,b10,b1,b100,b0,b1,b11001000,b10100101101001011010010110100101,b100000,0,b0,b0,1,b0,0,b1111,0,0,1,b0,b111,0,b101101,0,1,1,b0,0,1,b10100101101001011010010110100101,b1001110001000,b1100011
3750000,0,1,b1111,0,0,b101101,0,1,0,b10,b100000,b0,b10100101101001011010010110100101,b10000,b1000,b10,b1,b100,b1,1,0,0,1,1,1,1,b10100101101001011010010110100101,0,0,b10100101101001011010010110100101,b1111,b101101,b10,b1,b100000,b0,b10100101101001011010010110100101,b10000,b1000,b10,b1,b100,b0,b1,b11001000,b10100101101001011010010110100101,b100000,0,b0,b0,1,b0,0,b1111,0,0,1,b0,b111,0,b101101,0,1,1,b0,0,1,b10100101101001011010010110100101,b1001110001000,b1100011
3760000,0,1,b1111,0,0,b101101,0,1,0,b10,b100000,b0,b10100101101001011010010110100101,b10000,b1000,b10,b1,b100,b1,0,0,0,1,1,1,1,b10100101101001011010010110100101,0,0,b10100101101001011010010110100101,b1111,b101101,b10,b1,b100000,b0,b10100101101001011010010110100101,b10000,b1000,b10,b1,b100,b0,b1,b11001000,b10100101101001011010010110100101,b100000,0,b0,b0,1,b0,0,b1111,0,0,1,b0,b111,0,b101101,0,1,1,b0,0,1,b10100101101001011010010110100101,b1001110001000,b1100011
3770000,0,1,b1111,0,0,b101101,0,1,0,b10,b100000,b0,b10100101101001011010010110100101,b10000,b1000,b10,b1,b100,b1,1,0,0,1,1,1,1,b10100101101001011010010110100101,0,0,b10100101101001011010010110100101,b1111,b101101,b10,b1,b100000,b0,b10100101101001011010010110100101,b10000,b1000,b10,b1,b100,b0,b1,b11001000,b10100101101001011010010110100101,b100000,0,b0,b0,1,b0,0,b1111,0,0,1,b0,b111,0,b101101,0,1,1,b0,0,1,b10100101101001011010010110100101,b1001110001000,b1100011
3780000,0,1,b1111,0,0,b101101,0,1,0,b10,b100000,b0,b10100101101001011010010110100101,b10000,b1000,b10,b1,b100,b1,0,0,0,1,1,1,1,b10100101101001011010010110100101,0,0,b10100101101001011010010110100101,b1111,b101101,b10,b1,b100000,b0,b10100101101001011010010110100101,b10000,b1000,b10,b1,b100,b0,b1,b11001000,b10100101101001011010010110100101,b100000,0,b0,b0,1,b0,0,b1111,0,0,1,b0,b111,0,b101101,0,1,1,b0,0,1,b10100101101001011010010110100101,b1001110001000,b1100011
3790000,0,1,b1111,0,0,b101101,0,1,0,b10,b100000,b0,b10100101101001011010010110100101,b10000,b1000,b10,b1,b100,b1,1,0,0,1,1,1,1,b10100101101001011010010110100101,0,0,b10100101101001011010010110100101,b1111,b101101,b10,b1,b100000,b0,b10100101101001011010010110100101,b10000,b1000,b10,b1,b100,b0,b1,b11001000,b10100101101001011010010110100101,b100000,0,b0,b0,1,b0,0,b1111,0,0,1,b0,b111,0,b101101,0,1,1,b0,0,1,b10100101101001011010010110100101,b1001110001000,b1100011
3800000,0,1,b1111,0,0,b101101,0,1,0,b10,b100000,b0,b10100101101001011010010110100101,b10000,b1000,b10,b1,b100,b1,0,0,0,1,1,1,1,b10100101101001011010010110100101,0,0,b10100101101001011010010110100101,b1111,b101101,b10,b1,b100000,b0,b10100101101001011010010110100101,b10000,b1000,b10,b1,b100,b0,b1,b11001000,b10100101101001011010010110100101,b100000,0,b0,b0,1,b0,0,b1111,0,0,1,b0,b111,0,b101101,0,1,1,b0,0,1,b10100101101001011010010110100101,b1001110001000,b1100011
3810000,0,1,b1111,0,0,b101101,0,1,0,b10,b100000,b0,b10100101101001011010010110100101,b10000,b1000,b10,b1,b100,b1,1,0,0,1,1,1,1,b10100101101001011010010110100101,0,0,b10100101101001011010010110100101,b1111,b101101,b10,b1,b100000,b0,b10100101101001011010010110100101,b10000,b1000,b10,b1,b100,b0,b1,b11001000,b10100101101001011010010110100101,b100000,0,b0,b0,1,b0,0,b1111,0,0,1,b0,b111,0,b101101,0,1,1,b0,0,1,b10100101101001011010010110100101,b1001110001000,b1100011
3820000,0,1,b1111,0,0,b101101,0,1,0,b10,b100000,b0,b10100101101001011010010110100101,b10000,b1000,b10,b1,b100,b1,0,0,0,1,1,1,1,b10100101101001011010010110100101,0,0,b10100101101001011010010110100101,b1111,b101101,b10,b1,b100000,b0,b10100101101001011010010110100101,b10000,b1000,b10,b1,b100,b0,b1,b11001000,b10100101101001011010010110100101,b100000,0,b0,b0,1,b0,0,b1111,0,0,1,b0,b111,0,b101101,0,1,1,b0,0,1,b10100101101001011010010110100101,b1001110001000,b1100011
3830000,0,1,b1111,0,0,b101101,0,1,0,b10,b100000,b0,b10100101101001011010010110100101,b10000,b1000,b10,b1,b100,b1,1,0,0,1,1,1,1,b10100101101001011010010110100101,0,0,b10100101101001011010010110100101,b1111,b101101,b10,b1,b100000,b0,b10100101101001011010010110100101,b10000,b1000,b10,b1,b100,b0,b1,b11001000,b10100101101001011010010110100101,b100000,0,b0,b0,1,b0,0,b1111,0,0,1,b0,b111,0,b101101,0,1,1,b0,0,1,b10100101101001011010010110100101,b1001110001000,b1100011
3840000,0,1,b1111,0,0,b101101,0,1,0,b10,b100000,b0,b10100101101001011010010110100101,b10000,b1000,b10,b1,b100,b1,0,0,0,1,1,1,1,b10100101101001011010010110100101,0,0,b10100101101001011010010110100101,b1111,b101101,b10,b1,b100000,b0,b10100101101001011010010110100101,b10000,b1000,b10,b1,b100,b0,b1,b11001000,b10100101101001011010010110100101,b100000,0,b0,b0,1,b0,0,b1111,0,0,1,b0,b111,0,b101101,0,1,1,b0,0,1,b10100101101001011010010110100101,b1001110001000,b1100011
3850000,0,1,b1111,0,0,b101101,0,1,0,b10,b100000,b0,b10100101101001011010010110100101,b10000,b1000,b10,b1,b100,b1,1,0,0,1,1,1,1,b10100101101001011010010110100101,0,0,b10100101101001011010010110100101,b1111,b101101,b10,b1,b100000,b0,b10100101101001011010010110100101,b10000,b1000,b10,b1,b100,b0,b1,b11001000,b10100101101001011010010110100101,b100000,0,b0,b0,1,b0,0,b1111,0,0,1,b0,b111,0,b101101,0,1,1,b0,0,1,b10100101101001011010010110100101,b1001110001000,b1100011
3860000,0,1,b1111,0,0,b101101,0,1,0,b10,b100000,b0,b10100101101001011010010110100101,b10000,b1000,b10,b1,b100,b1,0,0,0,1,1,1,1,b10100101101001011010010110100101,0,0,b10100101101001011010010110100101,b1111,b101101,b10,b1,b100000,b0,b10100101101001011010010110100101,b10000,b1000,b10,b1,b100,b0,b1,b11001000,b10100101101001011010010110100101,b100000,0,b0,b0,1,b0,0,b1111,0,0,1,b0,b111,0,b101101,0,1,1,b0,0,1,b10100101101001011010010110100101,b1001110001000,b1100011
3870000,0,1,b1111,0,0,b101101,0,1,0,b10,b100000,b0,b10100101101001011010010110100101,b10000,b1000,b10,b1,b100,b1,1,0,0,1,1,1,1,b10100101101001011010010110100101,0,0,b10100101101001011010010110100101,b1111,b101101,b10,b1,b100000,b0,b10100101101001011010010110100101,b10000,b1000,b10,b1,b100,b0,b1,b11001000,b10100101101001011010010110100101,b100000,0,b0,b0,1,b0,0,b1111,0,0,1,b0,b111,0,b101101,0,1,1,b0,0,1,b10100101101001011010010110100101,b1001110001000,b1100011
3880000,0,1,b1111,0,0,b101101,0,1,0,b10,b100000,b0,b10100101101001011010010110100101,b10000,b1000,b10,b1,b100,b1,0,0,0,1,1,1,1,b10100101101001011010010110100101,0,0,b10100101101001011010010110100101,b1111,b101101,b10,b1,b100000,b0,b10100101101001011010010110100101,b10000,b1000,b10,b1,b100,b0,b1,b11001000,b10100101101001011010010110100101,b100000,0,b0,b0,1,b0,0,b1111,0,0,1,b0,b111,0,b101101,0,1,1,b0,0,1,b10100101101001011010010110100101,b1001110001000,b1100011
3890000,0,1,b1111,0,0,b101101,0,1,0,b10,b100000,b0,b10100101101001011010010110100101,b10000,b1000,b10,b1,b100,b1,1,0,0,1,1,1,1,b10100101101001011010010110100101,0,0,b10100101101001011010010110100101,b1111,b101101,b10,b1,b100000,b0,b10100101101001011010010110100101,b10000,b1000,b10,b1,b100,b0,b1,b11001000,b10100101101001011010010110100101,b100000,0,b0,b0,1,b0,0,b1111,0,0,1,b0,b111,0,b101101,0,1,1,b0,0,1,b10100101101001011010010110100101,b1001110001000,b1100011
3900000,0,1,b1111,0,0,b101101,0,1,0,b10,b100000,b0,b10100101101001011010010110100101,b10000,b1000,b10,b1,b100,b1,0,0,0,1,1,1,1,b10100101101001011010010110100101,0,0,b10100101101001011010010110100101,b1111,b101101,b10,b1,b100000,b0,b10100101101001011010010110100101,b10000,b1000,b10,b1,b100,b0,b1,b11001000,b10100101101001011010010110100101,b100000,0,b0,b0,1,b0,0,b1111,0,0,1,b0,b111,0,b101101,0,1,1,b0,0,1,b10100101101001011010010110100101,b1001110001000,b1100011
3910000,0,1,b1111,0,0,b101101,0,1,0,b10,b100000,b0,b10100101101001011010010110100101,b10000,b1000,b10,b1,b100,b1,1,0,0,1,1,1,1,b10100101101001011010010110100101,0,0,b10100101101001011010010110100101,b1111,b101101,b10,b1,b100000,b0,b10100101101001011010010110100101,b10000,b1000,b10,b1,b100,b0,b1,b11001000,b10100101101001011010010110100101,b100000,0,b0,b0,1,b0,0,b1111,0,0,1,b0,b111,0,b101101,0,1,1,b0,0,1,b10100101101001011010010110100101,b1001110001000,b1100011
3920000,0,1,b1111,0,0,b101101,0,1,0,b10,b100000,b0,b10100101101001011010010110100101,b10000,b1000,b10,b1,b100,b1,0,0,0,1,1,1,1,b10100101101001011010010110100101,0,0,b10100101101001011010010110100101,b1111,b101101,b10,b1,b100000,b0,b10100101101001011010010110100101,b10000,b1000,b10,b1,b100,b0,b1,b11001000,b10100101101001011010010110100101,b100000,0,b0,b0,1,b0,0,b1111,0,0,1,b0,b111,0,b101101,0,1,1,b0,0,1,b10100101101001011010010110100101,b1001110001000,b1100011
3930000,0,1,b1111,0,0,b101101,0,1,0,b10,b100000,b0,b10100101101001011010010110100101,b10000,b1000,b10,b1,b100,b1,1,0,0,1,1,1,1,b10100101101001011010010110100101,0,0,b10100101101001011010010110100101,b1111,b101101,b10,b1,b100000,b0,b10100101101001011010010110100101,b10000,b1000,b10,b1,b100,b0,b1,b11001000,b10100101101001011010010110100101,b100000,0,b0,b0,1,b0,0,b1111,0,0,1,b0,b111,0,b101101,0,1,1,b0,0,1,b10100101101001011010010110100101,b1001110001000,b1100011
3940000,0,1,b1111,0,0,b101101,0,1,0,b10,b100000,b0,b10100101101001011010010110100101,b10000,b1000,b10,b1,b100,b1,0,0,0,1,1,1,1,b10100101101001011010010110100101,0,0,b10100101101001011010010110100101,b1111,b101101,b10,b1,b100000,b0,b10100101101001011010010110100101,b10000,b1000,b10,b1,b100,b0,b1,b11001000,b10100101101001011010010110100101,b100000,0,b0,b0,1,b0,0,b1111,0,0,1,b0,b111,0,b101101,0,1,1,b0,0,1,b10100101101001011010010110100101,b1001110001000,b1100011
3950000,0,1,b1111,0,0,b101101,0,1,0,b10,b100000,b0,b10100101101001011010010110100101,b10000,b1000,b10,b1,b100,b1,1,0,0,1,1,1,1,b10100101101001011010010110100101,0,0,b10100101101001011010010110100101,b1111,b101101,b10,b1,b100000,b0,b10100101101001011010010110100101,b10000,b1000,b10,b1,b100,b0,b1,b11001000,b10100101101001011010010110100101,b100000,0,b0,b0,1,b0,0,b1111,0,0,1,b0,b111,0,b101101,0,1,1,b0,0,1,b10100101101001011010010110100101,b1001110001000,b1100011
3960000,0,1,b1111,0,0,b101101,0,1,0,b10,b100000,b0,b10100101101001011010010110100101,b10000,b1000,b10,b1,b100,b1,0,0,0,1,1,1,1,b10100101101001011010010110100101,0,0,b10100101101001011010010110100101,b1111,b101101,b10,b1,b100000,b0,b10100101101001011010010110100101,b10000,b1000,b10,b1,b100,b0,b1,b11001000,b10100101101001011010010110100101,b100000,0,b0,b0,1,b0,0,b1111,0,0,1,b0,b111,0,b101101,0,1,1,b0,0,1,b10100101101001011010010110100101,b1001110001000,b1100011
3970000,0,1,b1111,0,0,b101101,0,1,0,b10,b100000,b0,b10100101101001011010010110100101,b10000,b1000,b10,b1,b100,b1,1,0,0,1,1,1,1,b10100101101001011010010110100101,0,0,b10100101101001011010010110100101,b1111,b101101,b10,b1,b100000,b0,b10100101101001011010010110100101,b10000,b1000,b10,b1,b100,b0,b1,b11001000,b10100101101001011010010110100101,b100000,0,b0,b0,1,b0,0,b1111,0,0,1,b0,b111,0,b101101,0,1,1,b0,0,1,b10100101101001011010010110100101,b1001110001000,b1100011
3980000,0,1,b1111,0,0,b101101,0,1,0,b10,b100000,b0,b10100101101001011010010110100101,b10000,b1000,b10,b1,b100,b1,0,0,0,1,1,1,1,b10100101101001011010010110100101,0,0,b10100101101001011010010110100101,b1111,b101101,b10,b1,b100000,b0,b10100101101001011010010110100101,b10000,b1000,b10,b1,b100,b0,b1,b11001000,b10100101101001011010010110100101,b100000,0,b0,b0,1,b0,0,b1111,0,0,1,b0,b111,0,b101101,0,1,1,b0,0,1,b10100101101001011010010110100101,b1001110001000,b1100011
3990000,0,1,b1111,0,0,b101101,0,1,0,b10,b100000,b0,b10100101101001011010010110100101,b10000,b1000,b10,b1,b100,b1,1,0,0,1,1,1,1,b10100101101001011010010110100101,0,0,b10100101101001011010010110100101,b1111,b101101,b10,b1,b100000,b0,b10100101101001011010010110100101,b10000,b1000,b10,b1,b100,b0,b1,b11001000,b10100101101001011010010110100101,b100000,0,b0,b0,1,b0,0,b1111,0,0,1,b0,b111,0,b101101,0,1,1,b0,0,1,b10100101101001011010010110100101,b1001110001000,b1100011
4000000,0,1,b1111,0,0,b101101,0,1,0,b10,b100000,b0,b10100101101001011010010110100101,b10000,b1000,b10,b1,b100,b1,0,0,0,1,1,1,1,b10100101101001011010010110100101,0,0,b10100101101001011010010110100101,b1111,b101101,b10,b1,b100000,b0,b10100101101001011010010110100101,b10000,b1000,b10,b1,b100,b0,b1,b11001000,b10100101101001011010010110100101,b100000,0,b0,b0,1,b0,0,b1111,0,0,1,b0,b111,0,b101101,0,1,1,b0,0,1,b10100101101001011010010110100101,b1001110001000,b1100011
4010000,0,1,b1111,0,0,b101101,0,1,0,b10,b100000,b0,b10100101101001011010010110100101,b10000,b1000,b10,b1,b100,b1,1,0,0,1,1,1,1,b10100101101001011010010110100101,0,0,b10100101101001011010010110100101,b1111,b101101,b10,b1,b100000,b0,b10100101101001011010010110100101,b10000,b1000,b10,b1,b100,b0,b1,b11001000,b10100101101001011010010110100101,b100000,0,b0,b0,1,b0,0,b1111,0,0,1,b0,b111,0,b101101,0,1,1,b0,0,1,b10100101101001011010010110100101,b1001110001000,b1100011
