Time (ns),SS_N,SCLK,DATA,MOSI,IRQ,BUSY,spi_master_tb.dut.clk,MISO,spi_master_tb.dut.rst_n,spi_master_tb.dut.start_rx,spi_master_tb.dut.start_tx,spi_master_tb.tx_data,spi_master_tb.ss_idx,spi_master_tb.timeout_cycles,spi_master_tb.dut.CPHA,spi_master_tb.dut.CPOL,spi_master_tb.dut.SS_ACTIVE,spi_master_tb.dut.tx_data,spi_master_tb.dut.bit_counter,spi_master_tb.dut.clk_counter,spi_master_tb.dut.default_data,spi_master_tb.dut.last_sclk,spi_master_tb.dut.next_state,DATA,spi_master_tb.dut.rx_shift_reg,spi_master_tb.dut.sclk_gen,SS_N,spi_master_tb.dut.state,spi_master_tb.dut.tx_shift_reg,spi_master_tb.assert_all_ss_inactive.tag,spi_master_tb.assert_selected_ss_active.tag,spi_master_tb.wait_for_busy_assert.tag,spi_master_tb.wait_for_busy_assert.max_cycles,spi_master_tb.wait_for_not_busy.tag,spi_master_tb.wait_for_not_busy.max_cycles
0,b11111111,1,bx,0,0,0,0,0,0,0,0,b0,bx,bx,1,1,0,b0,b0,b0,b1010010110100101,1,b0,bx,b0,1,b11111111,b0,b0,bx,bx,bx,bx,bx,bx
10000,b11111111,1,bx,0,0,0,1,0,0,0,0,b0,bx,bx,1,1,0,b0,b0,b0,b1010010110100101,1,b0,bx,b0,1,b11111111,b0,b0,bx,bx,bx,bx,bx,bx
20000,b11111111,1,bx,0,0,0,0,0,0,0,0,b0,bx,bx,1,1,0,b0,b0,b0,b1010010110100101,1,b0,bx,b0,1,b11111111,b0,b0,bx,bx,bx,bx,bx,bx
30000,b11111111,1,bx,0,0,0,1,0,0,0,0,b0,bx,bx,1,1,0,b0,b0,b0,b1010010110100101,1,b0,bx,b0,1,b11111111,b0,b0,bx,bx,bx,bx,bx,bx
40000,b11111111,1,bx,0,0,0,0,0,0,0,0,b0,bx,bx,1,1,0,b0,b0,b0,b1010010110100101,1,b0,bx,b0,1,b11111111,b0,b0,bx,bx,bx,bx,bx,bx
50000,b11111111,1,bx,0,0,0,1,0,0,0,0,b0,bx,bx,1,1,0,b0,b0,b0,b1010010110100101,1,b0,bx,b0,1,b11111111,b0,b0,bx,bx,bx,bx,bx,bx
60000,b11111111,1,bx,0,0,0,0,0,0,0,0,b0,bx,bx,1,1,0,b0,b0,b0,b1010010110100101,1,b0,bx,b0,1,b11111111,b0,b0,bx,bx,bx,bx,bx,bx
70000,b11111111,1,bx,0,0,0,1,0,0,0,0,b0,bx,bx,1,1,0,b0,b0,b0,b1010010110100101,1,b0,bx,b0,1,b11111111,b0,b0,bx,bx,bx,bx,bx,bx
80000,b11111111,1,bx,0,0,0,0,0,0,0,0,b0,bx,bx,1,1,0,b0,b0,b0,b1010010110100101,1,b0,bx,b0,1,b11111111,b0,b0,bx,bx,bx,bx,bx,bx
90000,b11111111,1,bx,0,0,0,1,0,0,0,0,b0,bx,bx,1,1,0,b0,b0,b0,b1010010110100101,1,b0,bx,b0,1,b11111111,b0,b0,bx,bx,bx,bx,bx,bx
100000,b11111111,1,bx,0,0,0,0,0,1,0,0,b0,bx,bx,1,1,0,b0,b0,b0,b1010010110100101,1,b0,bx,b0,1,b11111111,b0,b0,bx,bx,bx,bx,bx,bx
110000,b11111111,1,bx,0,0,0,1,0,1,0,0,b0,bx,bx,1,1,0,b0,b0,b0,b1010010110100101,1,b0,bx,b0,1,b11111111,b0,b0,bx,bx,bx,bx,bx,bx
120000,b11111111,1,bx,0,0,0,0,0,1,0,0,b0,bx,bx,1,1,0,b0,b0,b0,b1010010110100101,1,b0,bx,b0,1,b11111111,b0,b0,bx,bx,bx,bx,bx,bx
130000,b11111111,1,bx,0,0,0,1,0,1,0,0,b0,bx,bx,1,1,0,b0,b0,b0,b1010010110100101,1,b0,bx,b0,1,b11111111,b0,b0,bx,bx,bx,bx,bx,bx
140000,b11111111,1,bx,0,0,0,0,0,1,0,0,b0,bx,bx,1,1,0,b0,b0,b0,b1010010110100101,1,b0,bx,b0,1,b11111111,b0,b0,bx,bx,bx,bx,bx,bx
150000,b11111111,1,bx,0,0,0,1,0,1,0,0,b0,bx,bx,1,1,0,b0,b0,b0,b1010010110100101,1,b0,bx,b0,1,b11111111,b0,b0,bx,bx,bx,bx,bx,bx
160000,b11111111,1,bx,0,0,0,0,0,1,0,0,b0,bx,bx,1,1,0,b0,b0,b0,b1010010110100101,1,b0,bx,b0,1,b11111111,b0,b0,bx,bx,bx,bx,bx,bx
170000,b11111111,1,bx,0,0,0,1,0,1,0,0,b0,bx,bx,1,1,0,b0,b0,b0,b1010010110100101,1,b0,bx,b0,1,b11111111,b0,b0,bx,bx,bx,bx,bx,bx
180000,b11111111,1,bx,0,0,0,0,0,1,0,0,b0,bx,bx,1,1,0,b0,b0,b0,b1010010110100101,1,b0,bx,b0,1,b11111111,b0,b0,bx,bx,bx,bx,bx,bx
190000,b11111111,1,bx,0,0,0,1,0,1,0,0,b0,bx,bx,1,1,0,b0,b0,b0,b1010010110100101,1,b0,bx,b0,1,b11111111,b0,b0,bx,bx,bx,bx,bx,bx
200000,b11111111,1,bx,0,0,0,0,0,1,0,0,b0,bx,bx,1,1,0,b0,b0,b0,b1010010110100101,1,b0,bx,b0,1,b11111111,b0,b0,bx,bx,bx,bx,bx,bx
210000,b11111111,1,bx,0,0,0,1,0,1,0,0,b0,bx,bx,1,1,0,b0,b0,b0,b1010010110100101,1,b0,bx,b0,1,b11111111,b0,b0,bx,bx,bx,bx,bx,bx
220000,b11111111,1,bx,0,0,0,0,0,1,0,0,b0,bx,bx,1,1,0,b0,b0,b0,b1010010110100101,1,b0,bx,b0,1,b11111111,b0,b0,bx,bx,bx,bx,bx,bx
230000,b11111111,1,bx,0,0,0,1,0,1,0,0,b0,bx,bx,1,1,0,b0,b0,b0,b1010010110100101,1,b0,bx,b0,1,b11111111,b0,b0,bx,bx,bx,bx,bx,bx
240000,b11111111,1,bx,0,0,0,0,0,1,0,0,b0,bx,bx,1,1,0,b0,b0,b0,b1010010110100101,1,b0,bx,b0,1,b11111111,b0,b0,bx,bx,bx,bx,bx,bx
250000,b11111111,1,bx,0,0,0,1,0,1,0,0,b0,bx,bx,1,1,0,b0,b0,b0,b1010010110100101,1,b0,bx,b0,1,b11111111,b0,b0,bx,bx,bx,bx,bx,bx
260000,b11111111,1,bx,0,0,0,0,0,1,0,0,b0,bx,bx,1,1,0,b0,b0,b0,b1010010110100101,1,b0,bx,b0,1,b11111111,b0,b0,bx,bx,bx,bx,bx,bx
270000,b11111111,1,bx,0,0,0,1,0,1,0,0,b0,bx,bx,1,1,0,b0,b0,b0,b1010010110100101,1,b0,bx,b0,1,b11111111,b0,b0,bx,bx,bx,bx,bx,bx
280000,b11111111,1,bx,0,0,0,0,0,1,0,0,b0,bx,bx,1,1,0,b0,b0,b0,b1010010110100101,1,b0,bx,b0,1,b11111111,b0,b0,bx,bx,bx,bx,bx,bx
290000,b11111111,1,bx,0,0,0,1,0,1,0,0,b0,bx,bx,1,1,0,b0,b0,b0,b1010010110100101,1,b0,bx,b0,1,b11111111,b0,b0,bx,bx,bx,bx,bx,bx
300000,b11111111,1,bx,0,0,0,0,0,1,0,1,b1010101001010101,bx,bx,1,1,0,b1010101001010101,b0,b0,b1010010110100101,1,b1,bx,b0,1,b11111111,b0,b0,bx,bx,bx,bx,bx,bx
310000,b11110111,1,bx,0,0,1,1,0,1,0,1,b1010101001010101,bx,bx,1,1,0,b1010101001010101,b0,b0,b1010010110100101,1,b10,bx,b0,1,b11110111,b1,b0,bx,bx,bx,bx,bx,bx
320000,b11110111,1,bx,0,0,1,0,0,1,0,1,b1010101001010101,bx,bx,1,1,0,b1010101001010101,b0,b0,b1010010110100101,1,b10,bx,b0,1,b11110111,b1,b0,bx,bx,bx,bx,bx,bx
330000,b11110111,1,bx,0,0,1,1,0,1,0,1,b1010101001010101,bx,bx,1,1,0,b1010101001010101,b0,b0,b1010010110100101,1,b10,bx,b0,1,b11110111,b10,b1010101001010101,bx,bx,bx,bx,bx,bx
340000,b11110111,1,bx,0,0,1,0,0,1,0,1,b1010101001010101,bx,bx,1,1,0,b1010101001010101,b0,b0,b1010010110100101,1,b10,bx,b0,1,b11110111,b10,b1010101001010101,bx,bx,bx,bx,bx,bx
350000,b11110111,1,bx,0,0,1,1,0,1,0,0,b1010101001010101,b1000,b0,1,1,0,b1010101001010101,b0,b1,b1010010110100101,1,b10,bx,b0,1,b11110111,b10,b1010101001010101,bx,b111010001100101011100110111010000110001010111110111010001111000,b111010001100101011100110111010000110001010111110111010001111000,b11111010000,b111010001100101011100110111010000110001010111110111010001111000,b100111000100000
360000,b11110111,1,bx,0,0,1,0,0,1,0,0,b1010101001010101,b1000,b0,1,1,0,b1010101001010101,b0,b1,b1010010110100101,1,b10,bx,b0,1,b11110111,b10,b1010101001010101,bx,b111010001100101011100110111010000110001010111110111010001111000,b111010001100101011100110111010000110001010111110111010001111000,b11111010000,b111010001100101011100110111010000110001010111110111010001111000,b100111000100000
370000,b11110111,1,bx,0,0,1,1,0,1,0,0,b1010101001010101,b1000,b1,1,1,0,b1010101001010101,b0,b10,b1010010110100101,1,b10,bx,b0,1,b11110111,b10,b1010101001010101,bx,b111010001100101011100110111010000110001010111110111010001111000,b111010001100101011100110111010000110001010111110111010001111000,b11111010000,b111010001100101011100110111010000110001010111110111010001111000,b100111000100000
380000,b11110111,1,bx,0,0,1,0,0,1,0,0,b1010101001010101,b1000,b1,1,1,0,b1010101001010101,b0,b10,b1010010110100101,1,b10,bx,b0,1,b11110111,b10,b1010101001010101,bx,b111010001100101011100110111010000110001010111110111010001111000,b111010001100101011100110111010000110001010111110111010001111000,b11111010000,b111010001100101011100110111010000110001010111110111010001111000,b100111000100000
390000,b11110111,1,bx,0,0,1,1,0,1,0,0,b1010101001010101,b1000,b10,1,1,0,b1010101001010101,b0,b11,b1010010110100101,1,b10,bx,b0,1,b11110111,b10,b1010101001010101,bx,b111010001100101011100110111010000110001010111110111010001111000,b111010001100101011100110111010000110001010111110111010001111000,b11111010000,b111010001100101011100110111010000110001010111110111010001111000,b100111000100000
400000,b11110111,1,bx,0,0,1,0,0,1,0,0,b1010101001010101,b1000,b10,1,1,0,b1010101001010101,b0,b11,b1010010110100101,1,b10,bx,b0,1,b11110111,b10,b1010101001010101,bx,b111010001100101011100110111010000110001010111110111010001111000,b111010001100101011100110111010000110001010111110111010001111000,b11111010000,b111010001100101011100110111010000110001010111110111010001111000,b100111000100000
410000,b11110111,1,bx,0,0,1,1,0,1,0,0,b1010101001010101,b1000,b11,1,1,0,b1010101001010101,b0,b0,b1010010110100101,1,b10,bx,b0,0,b11110111,b10,b1010101001010101,bx,b111010001100101011100110111010000110001010111110111010001111000,b111010001100101011100110111010000110001010111110111010001111000,b11111010000,b111010001100101011100110111010000110001010111110111010001111000,b100111000100000
420000,b11110111,1,bx,0,0,1,0,0,1,0,0,b1010101001010101,b1000,b11,1,1,0,b1010101001010101,b0,b0,b1010010110100101,1,b10,bx,b0,0,b11110111,b10,b1010101001010101,bx,b111010001100101011100110111010000110001010111110111010001111000,b111010001100101011100110111010000110001010111110111010001111000,b11111010000,b111010001100101011100110111010000110001010111110111010001111000,b100111000100000
430000,b11110111,0,bx,1,0,1,1,0,1,0,0,b1010101001010101,b1000,b100,1,1,0,b1010101001010101,b1,b1,b1010010110100101,0,b10,bx,b0,0,b11110111,b10,b101010010101010,bx,b111010001100101011100110111010000110001010111110111010001111000,b111010001100101011100110111010000110001010111110111010001111000,b11111010000,b111010001100101011100110111010000110001010111110111010001111000,b100111000100000
440000,b11110111,0,bx,1,0,1,0,0,1,0,0,b1010101001010101,b1000,b100,1,1,0,b1010101001010101,b1,b1,b1010010110100101,0,b10,bx,b0,0,b11110111,b10,b101010010101010,bx,b111010001100101011100110111010000110001010111110111010001111000,b111010001100101011100110111010000110001010111110111010001111000,b11111010000,b111010001100101011100110111010000110001010111110111010001111000,b100111000100000
450000,b11110111,0,bx,1,0,1,1,0,1,0,0,b1010101001010101,b1000,b101,1,1,0,b1010101001010101,b1,b10,b1010010110100101,0,b10,bx,b0,0,b11110111,b10,b101010010101010,bx,b111010001100101011100110111010000110001010111110111010001111000,b111010001100101011100110111010000110001010111110111010001111000,b11111010000,b111010001100101011100110111010000110001010111110111010001111000,b100111000100000
460000,b11110111,0,bx,1,0,1,0,0,1,0,0,b1010101001010101,b1000,b101,1,1,0,b1010101001010101,b1,b10,b1010010110100101,0,b10,bx,b0,0,b11110111,b10,b101010010101010,bx,b111010001100101011100110111010000110001010111110111010001111000,b111010001100101011100110111010000110001010111110111010001111000,b11111010000,b111010001100101011100110111010000110001010111110111010001111000,b100111000100000
470000,b11110111,0,bx,1,0,1,1,0,1,0,0,b1010101001010101,b1000,b110,1,1,0,b1010101001010101,b1,b11,b1010010110100101,0,b10,bx,b0,0,b11110111,b10,b101010010101010,bx,b111010001100101011100110111010000110001010111110111010001111000,b111010001100101011100110111010000110001010111110111010001111000,b11111010000,b111010001100101011100110111010000110001010111110111010001111000,b100111000100000
480000,b11110111,0,bx,1,0,1,0,0,1,0,0,b1010101001010101,b1000,b110,1,1,0,b1010101001010101,b1,b11,b1010010110100101,0,b10,bx,b0,0,b11110111,b10,b101010010101010,bx,b111010001100101011100110111010000110001010111110111010001111000,b111010001100101011100110111010000110001010111110111010001111000,b11111010000,b111010001100101011100110111010000110001010111110111010001111000,b100111000100000
490000,b11110111,0,bx,1,0,1,1,0,1,0,0,b1010101001010101,b1000,b111,1,1,0,b1010101001010101,b1,b0,b1010010110100101,0,b10,bx,b0,1,b11110111,b10,b101010010101010,bx,b111010001100101011100110111010000110001010111110111010001111000,b111010001100101011100110111010000110001010111110111010001111000,b11111010000,b111010001100101011100110111010000110001010111110111010001111000,b100111000100000
500000,b11110111,0,bx,1,0,1,0,0,1,0,0,b1010101001010101,b1000,b111,1,1,0,b1010101001010101,b1,b0,b1010010110100101,0,b10,bx,b0,1,b11110111,b10,b101010010101010,bx,b111010001100101011100110111010000110001010111110111010001111000,b111010001100101011100110111010000110001010111110111010001111000,b11111010000,b111010001100101011100110111010000110001010111110111010001111000,b100111000100000
510000,b11110111,1,bx,1,0,1,1,0,1,0,0,b1010101001010101,b1000,b1000,1,1,0,b1010101001010101,b1,b1,b1010010110100101,1,b10,bx,b0,1,b11110111,b10,b101010010101010,bx,b111010001100101011100110111010000110001010111110111010001111000,b111010001100101011100110111010000110001010111110111010001111000,b11111010000,b111010001100101011100110111010000110001010111110111010001111000,b100111000100000
520000,b11110111,1,bx,1,0,1,0,0,1,0,0,b1010101001010101,b1000,b1000,1,1,0,b1010101001010101,b1,b1,b1010010110100101,1,b10,bx,b0,1,b11110111,b10,b101010010101010,bx,b111010001100101011100110111010000110001010111110111010001111000,b111010001100101011100110111010000110001010111110111010001111000,b11111010000,b111010001100101011100110111010000110001010111110111010001111000,b100111000100000
530000,b11110111,1,bx,1,0,1,1,0,1,0,0,b1010101001010101,b1000,b1001,1,1,0,b1010101001010101,b1,b10,b1010010110100101,1,b10,bx,b0,1,b11110111,b10,b101010010101010,bx,b111010001100101011100110111010000110001010111110111010001111000,b111010001100101011100110111010000110001010111110111010001111000,b11111010000,b111010001100101011100110111010000110001010111110111010001111000,b100111000100000
540000,b11110111,1,bx,1,0,1,0,0,1,0,0,b1010101001010101,b1000,b1001,1,1,0,b1010101001010101,b1,b10,b1010010110100101,1,b10,bx,b0,1,b11110111,b10,b101010010101010,bx,b111010001100101011100110111010000110001010111110111010001111000,b111010001100101011100110111010000110001010111110111010001111000,b11111010000,b111010001100101011100110111010000110001010111110111010001111000,b100111000100000
550000,b11110111,1,bx,1,0,1,1,0,1,0,0,b1010101001010101,b1000,b1010,1,1,0,b1010101001010101,b1,b11,b1010010110100101,1,b10,bx,b0,1,b11110111,b10,b101010010101010,bx,b111010001100101011100110111010000110001010111110111010001111000,b111010001100101011100110111010000110001010111110111010001111000,b11111010000,b111010001100101011100110111010000110001010111110111010001111000,b100111000100000
560000,b11110111,1,bx,1,0,1,0,0,1,0,0,b1010101001010101,b1000,b1010,1,1,0,b1010101001010101,b1,b11,b1010010110100101,1,b10,bx,b0,1,b11110111,b10,b101010010101010,bx,b111010001100101011100110111010000110001010111110111010001111000,b111010001100101011100110111010000110001010111110111010001111000,b11111010000,b111010001100101011100110111010000110001010111110111010001111000,b100111000100000
570000,b11110111,1,bx,1,0,1,1,0,1,0,0,b1010101001010101,b1000,b1011,1,1,0,b1010101001010101,b1,b0,b1010010110100101,1,b10,bx,b0,0,b11110111,b10,b101010010101010,bx,b111010001100101011100110111010000110001010111110111010001111000,b111010001100101011100110111010000110001010111110111010001111000,b11111010000,b111010001100101011100110111010000110001010111110111010001111000,b100111000100000
580000,b11110111,1,bx,1,0,1,0,0,1,0,0,b1010101001010101,b1000,b1011,1,1,0,b1010101001010101,b1,b0,b1010010110100101,1,b10,bx,b0,0,b11110111,b10,b101010010101010,bx,b111010001100101011100110111010000110001010111110111010001111000,b111010001100101011100110111010000110001010111110111010001111000,b11111010000,b111010001100101011100110111010000110001010111110111010001111000,b100111000100000
590000,b11110111,0,bx,0,0,1,1,0,1,0,0,b1010101001010101,b1000,b1100,1,1,0,b1010101001010101,b10,b1,b1010010110100101,0,b10,bx,b0,0,b11110111,b10,b1010100101010100,bx,b111010001100101011100110111010000110001010111110111010001111000,b111010001100101011100110111010000110001010111110111010001111000,b11111010000,b111010001100101011100110111010000110001010111110111010001111000,b100111000100000
600000,b11110111,0,bx,0,0,1,0,0,1,0,0,b1010101001010101,b1000,b1100,1,1,0,b1010101001010101,b10,b1,b1010010110100101,0,b10,bx,b0,0,b11110111,b10,b1010100101010100,bx,b111010001100101011100110111010000110001010111110111010001111000,b111010001100101011100110111010000110001010111110111010001111000,b11111010000,b111010001100101011100110111010000110001010111110111010001111000,b100111000100000
610000,b11110111,0,bx,0,0,1,1,0,1,0,0,b1010101001010101,b1000,b1101,1,1,0,b1010101001010101,b10,b10,b1010010110100101,0,b10,bx,b0,0,b11110111,b10,b1010100101010100,bx,b111010001100101011100110111010000110001010111110111010001111000,b111010001100101011100110111010000110001010111110111010001111000,b11111010000,b111010001100101011100110111010000110001010111110111010001111000,b100111000100000
620000,b11110111,0,bx,0,0,1,0,0,1,0,0,b1010101001010101,b1000,b1101,1,1,0,b1010101001010101,b10,b10,b1010010110100101,0,b10,bx,b0,0,b11110111,b10,b1010100101010100,bx,b111010001100101011100110111010000110001010111110111010001111000,b111010001100101011100110111010000110001010111110111010001111000,b11111010000,b111010001100101011100110111010000110001010111110111010001111000,b100111000100000
630000,b11110111,0,bx,0,0,1,1,0,1,0,0,b1010101001010101,b1000,b1110,1,1,0,b1010101001010101,b10,b11,b1010010110100101,0,b10,bx,b0,0,b11110111,b10,b1010100101010100,bx,b111010001100101011100110111010000110001010111110111010001111000,b111010001100101011100110111010000110001010111110111010001111000,b11111010000,b111010001100101011100110111010000110001010111110111010001111000,b100111000100000
640000,b11110111,0,bx,0,0,1,0,0,1,0,0,b1010101001010101,b1000,b1110,1,1,0,b1010101001010101,b10,b11,b1010010110100101,0,b10,bx,b0,0,b11110111,b10,b1010100101010100,bx,b111010001100101011100110111010000110001010111110111010001111000,b111010001100101011100110111010000110001010111110111010001111000,b11111010000,b111010001100101011100110111010000110001010111110111010001111000,b100111000100000
650000,b11110111,0,bx,0,0,1,1,0,1,0,0,b1010101001010101,b1000,b1111,1,1,0,b1010101001010101,b10,b0,b1010010110100101,0,b10,bx,b0,1,b11110111,b10,b1010100101010100,bx,b111010001100101011100110111010000110001010111110111010001111000,b111010001100101011100110111010000110001010111110111010001111000,b11111010000,b111010001100101011100110111010000110001010111110111010001111000,b100111000100000
660000,b11110111,0,bx,0,0,1,0,0,1,0,0,b1010101001010101,b1000,b1111,1,1,0,b1010101001010101,b10,b0,b1010010110100101,0,b10,bx,b0,1,b11110111,b10,b1010100101010100,bx,b111010001100101011100110111010000110001010111110111010001111000,b111010001100101011100110111010000110001010111110111010001111000,b11111010000,b111010001100101011100110111010000110001010111110111010001111000,b100111000100000
670000,b11110111,1,bx,0,0,1,1,0,1,0,0,b1010101001010101,b1000,b10000,1,1,0,b1010101001010101,b10,b1,b1010010110100101,1,b10,bx,b0,1,b11110111,b10,b1010100101010100,bx,b111010001100101011100110111010000110001010111110111010001111000,b111010001100101011100110111010000110001010111110111010001111000,b11111010000,b111010001100101011100110111010000110001010111110111010001111000,b100111000100000
680000,b11110111,1,bx,0,0,1,0,0,1,0,0,b1010101001010101,b1000,b10000,1,1,0,b1010101001010101,b10,b1,b1010010110100101,1,b10,bx,b0,1,b11110111,b10,b1010100101010100,bx,b111010001100101011100110111010000110001010111110111010001111000,b111010001100101011100110111010000110001010111110111010001111000,b11111010000,b111010001100101011100110111010000110001010111110111010001111000,b100111000100000
690000,b11110111,1,bx,0,0,1,1,0,1,0,0,b1010101001010101,b1000,b10001,1,1,0,b1010101001010101,b10,b10,b1010010110100101,1,b10,bx,b0,1,b11110111,b10,b1010100101010100,bx,b111010001100101011100110111010000110001010111110111010001111000,b111010001100101011100110111010000110001010111110111010001111000,b11111010000,b111010001100101011100110111010000110001010111110111010001111000,b100111000100000
700000,b11110111,1,bx,0,0,1,0,0,1,0,0,b1010101001010101,b1000,b10001,1,1,0,b1010101001010101,b10,b10,b1010010110100101,1,b10,bx,b0,1,b11110111,b10,b1010100101010100,bx,b111010001100101011100110111010000110001010111110111010001111000,b111010001100101011100110111010000110001010111110111010001111000,b11111010000,b111010001100101011100110111010000110001010111110111010001111000,b100111000100000
710000,b11110111,1,bx,0,0,1,1,0,1,0,0,b1010101001010101,b1000,b10010,1,1,0,b1010101001010101,b10,b11,b1010010110100101,1,b10,bx,b0,1,b11110111,b10,b1010100101010100,bx,b111010001100101011100110111010000110001010111110111010001111000,b111010001100101011100110111010000110001010111110111010001111000,b11111010000,b111010001100101011100110111010000110001010111110111010001111000,b100111000100000
720000,b11110111,1,bx,0,0,1,0,0,1,0,0,b1010101001010101,b1000,b10010,1,1,0,b1010101001010101,b10,b11,b1010010110100101,1,b10,bx,b0,1,b11110111,b10,b1010100101010100,bx,b111010001100101011100110111010000110001010111110111010001111000,b111010001100101011100110111010000110001010111110111010001111000,b11111010000,b111010001100101011100110111010000110001010111110111010001111000,b100111000100000
730000,b11110111,1,bx,0,0,1,1,0,1,0,0,b1010101001010101,b1000,b10011,1,1,0,b1010101001010101,b10,b0,b1010010110100101,1,b10,bx,b0,0,b11110111,b10,b1010100101010100,bx,b111010001100101011100110111010000110001010111110111010001111000,b111010001100101011100110111010000110001010111110111010001111000,b11111010000,b111010001100101011100110111010000110001010111110111010001111000,b100111000100000
740000,b11110111,1,bx,0,0,1,0,0,1,0,0,b1010101001010101,b1000,b10011,1,1,0,b1010101001010101,b10,b0,b1010010110100101,1,b10,bx,b0,0,b11110111,b10,b1010100101010100,bx,b111010001100101011100110111010000110001010111110111010001111000,b111010001100101011100110111010000110001010111110111010001111000,b11111010000,b111010001100101011100110111010000110001010111110111010001111000,b100111000100000
750000,b11110111,0,bx,1,0,1,1,0,1,0,0,b1010101001010101,b1000,b10100,1,1,0,b1010101001010101,b11,b1,b1010010110100101,0,b10,bx,b0,0,b11110111,b10,b101001010101000,bx,b111010001100101011100110111010000110001010111110111010001111000,b111010001100101011100110111010000110001010111110111010001111000,b11111010000,b111010001100101011100110111010000110001010111110111010001111000,b100111000100000
760000,b11110111,0,bx,1,0,1,0,0,1,0,0,b1010101001010101,b1000,b10100,1,1,0,b1010101001010101,b11,b1,b1010010110100101,0,b10,bx,b0,0,b11110111,b10,b101001010101000,bx,b111010001100101011100110111010000110001010111110111010001111000,b111010001100101011100110111010000110001010111110111010001111000,b11111010000,b111010001100101011100110111010000110001010111110111010001111000,b100111000100000
770000,b11110111,0,bx,1,0,1,1,0,1,0,0,b1010101001010101,b1000,b10101,1,1,0,b1010101001010101,b11,b10,b1010010110100101,0,b10,bx,b0,0,b11110111,b10,b101001010101000,bx,b111010001100101011100110111010000110001010111110111010001111000,b111010001100101011100110111010000110001010111110111010001111000,b11111010000,b111010001100101011100110111010000110001010111110111010001111000,b100111000100000
780000,b11110111,0,bx,1,0,1,0,0,1,0,0,b1010101001010101,b1000,b10101,1,1,0,b1010101001010101,b11,b10,b1010010110100101,0,b10,bx,b0,0,b11110111,b10,b101001010101000,bx,b111010001100101011100110111010000110001010111110111010001111000,b111010001100101011100110111010000110001010111110111010001111000,b11111010000,b111010001100101011100110111010000110001010111110111010001111000,b100111000100000
790000,b11110111,0,bx,1,0,1,1,0,1,0,0,b1010101001010101,b1000,b10110,1,1,0,b1010101001010101,b11,b11,b1010010110100101,0,b10,bx,b0,0,b11110111,b10,b101001010101000,bx,b111010001100101011100110111010000110001010111110111010001111000,b111010001100101011100110111010000110001010111110111010001111000,b11111010000,b111010001100101011100110111010000110001010111110111010001111000,b100111000100000
800000,b11110111,0,bx,1,0,1,0,0,1,0,0,b1010101001010101,b1000,b10110,1,1,0,b1010101001010101,b11,b11,b1010010110100101,0,b10,bx,b0,0,b11110111,b10,b101001010101000,bx,b111010001100101011100110111010000110001010111110111010001111000,b111010001100101011100110111010000110001010111110111010001111000,b11111010000,b111010001100101011100110111010000110001010111110111010001111000,b100111000100000
810000,b11110111,0,bx,1,0,1,1,0,1,0,0,b1010101001010101,b1000,b10111,1,1,0,b1010101001010101,b11,b0,b1010010110100101,0,b10,bx,b0,1,b11110111,b10,b101001010101000,bx,b111010001100101011100110111010000110001010111110111010001111000,b111010001100101011100110111010000110001010111110111010001111000,b11111010000,b111010001100101011100110111010000110001010111110111010001111000,b100111000100000
820000,b11110111,0,bx,1,0,1,0,0,1,0,0,b1010101001010101,b1000,b10111,1,1,0,b1010101001010101,b11,b0,b1010010110100101,0,b10,bx,b0,1,b11110111,b10,b101001010101000,bx,b111010001100101011100110111010000110001010111110111010001111000,b111010001100101011100110111010000110001010111110111010001111000,b11111010000,b111010001100101011100110111010000110001010111110111010001111000,b100111000100000
830000,b11110111,1,bx,1,0,1,1,0,1,0,0,b1010101001010101,b1000,b11000,1,1,0,b1010101001010101,b11,b1,b1010010110100101,1,b10,bx,b0,1,b11110111,b10,b101001010101000,bx,b111010001100101011100110111010000110001010111110111010001111000,b111010001100101011100110111010000110001010111110111010001111000,b11111010000,b111010001100101011100110111010000110001010111110111010001111000,b100111000100000
840000,b11110111,1,bx,1,0,1,0,0,1,0,0,b1010101001010101,b1000,b11000,1,1,0,b1010101001010101,b11,b1,b1010010110100101,1,b10,bx,b0,1,b11110111,b10,b101001010101000,bx,b111010001100101011100110111010000110001010111110111010001111000,b111010001100101011100110111010000110001010111110111010001111000,b11111010000,b111010001100101011100110111010000110001010111110111010001111000,b100111000100000
850000,b11110111,1,bx,1,0,1,1,0,1,0,0,b1010101001010101,b1000,b11001,1,1,0,b1010101001010101,b11,b10,b1010010110100101,1,b10,bx,b0,1,b11110111,b10,b101001010101000,bx,b111010001100101011100110111010000110001010111110111010001111000,b111010001100101011100110111010000110001010111110111010001111000,b11111010000,b111010001100101011100110111010000110001010111110111010001111000,b100111000100000
860000,b11110111,1,bx,1,0,1,0,0,1,0,0,b1010101001010101,b1000,b11001,1,1,0,b1010101001010101,b11,b10,b1010010110100101,1,b10,bx,b0,1,b11110111,b10,b101001010101000,bx,b111010001100101011100110111010000110001010111110111010001111000,b111010001100101011100110111010000110001010111110111010001111000,b11111010000,b111010001100101011100110111010000110001010111110111010001111000,b100111000100000
870000,b11110111,1,bx,1,0,1,1,0,1,0,0,b1010101001010101,b1000,b11010,1,1,0,b1010101001010101,b11,b11,b1010010110100101,1,b10,bx,b0,1,b11110111,b10,b101001010101000,bx,b111010001100101011100110111010000110001010111110111010001111000,b111010001100101011100110111010000110001010111110111010001111000,b11111010000,b111010001100101011100110111010000110001010111110111010001111000,b100111000100000
880000,b11110111,1,bx,1,0,1,0,0,1,0,0,b1010101001010101,b1000,b11010,1,1,0,b1010101001010101,b11,b11,b1010010110100101,1,b10,bx,b0,1,b11110111,b10,b101001010101000,bx,b111010001100101011100110111010000110001010111110111010001111000,b111010001100101011100110111010000110001010111110111010001111000,b11111010000,b111010001100101011100110111010000110001010111110111010001111000,b100111000100000
890000,b11110111,1,bx,1,0,1,1,0,1,0,0,b1010101001010101,b1000,b11011,1,1,0,b1010101001010101,b11,b0,b1010010110100101,1,b10,bx,b0,0,b11110111,b10,b101001010101000,bx,b111010001100101011100110111010000110001010111110111010001111000,b111010001100101011100110111010000110001010111110111010001111000,b11111010000,b111010001100101011100110111010000110001010111110111010001111000,b100111000100000
900000,b11110111,1,bx,1,0,1,0,0,1,0,0,b1010101001010101,b1000,b11011,1,1,0,b1010101001010101,b11,b0,b1010010110100101,1,b10,bx,b0,0,b11110111,b10,b101001010101000,bx,b111010001100101011100110111010000110001010111110111010001111000,b111010001100101011100110111010000110001010111110111010001111000,b11111010000,b111010001100101011100110111010000110001010111110111010001111000,b100111000100000
910000,b11110111,0,bx,0,0,1,1,0,1,0,0,b1010101001010101,b1000,b11100,1,1,0,b1010101001010101,b100,b1,b1010010110100101,0,b10,bx,b0,0,b11110111,b10,b1010010101010000,bx,b111010001100101011100110111010000110001010111110111010001111000,b111010001100101011100110111010000110001010111110111010001111000,b11111010000,b111010001100101011100110111010000110001010111110111010001111000,b100111000100000
920000,b11110111,0,bx,0,0,1,0,0,1,0,0,b1010101001010101,b1000,b11100,1,1,0,b1010101001010101,b100,b1,b1010010110100101,0,b10,bx,b0,0,b11110111,b10,b1010010101010000,bx,b111010001100101011100110111010000110001010111110111010001111000,b111010001100101011100110111010000110001010111110111010001111000,b11111010000,b111010001100101011100110111010000110001010111110111010001111000,b100111000100000
930000,b11110111,0,bx,0,0,1,1,0,1,0,0,b1010101001010101,b1000,b11101,1,1,0,b1010101001010101,b100,b10,b1010010110100101,0,b10,bx,b0,0,b11110111,b10,b1010010101010000,bx,b111010001100101011100110111010000110001010111110111010001111000,b111010001100101011100110111010000110001010111110111010001111000,b11111010000,b111010001100101011100110111010000110001010111110111010001111000,b100111000100000
940000,b11110111,0,bx,0,0,1,0,0,1,0,0,b1010101001010101,b1000,b11101,1,1,0,b1010101001010101,b100,b10,b1010010110100101,0,b10,bx,b0,0,b11110111,b10,b1010010101010000,bx,b111010001100101011100110111010000110001010111110111010001111000,b111010001100101011100110111010000110001010111110111010001111000,b11111010000,b111010001100101011100110111010000110001010111110111010001111000,b100111000100000
950000,b11110111,0,bx,0,0,1,1,0,1,0,0,b1010101001010101,b1000,b11110,1,1,0,b1010101001010101,b100,b11,b1010010110100101,0,b10,bx,b0,0,b11110111,b10,b1010010101010000,bx,b111010001100101011100110111010000110001010111110111010001111000,b111010001100101011100110111010000110001010111110111010001111000,b11111010000,b111010001100101011100110111010000110001010111110111010001111000,b100111000100000
960000,b11110111,0,bx,0,0,1,0,0,1,0,0,b1010101001010101,b1000,b11110,1,1,0,b1010101001010101,b100,b11,b1010010110100101,0,b10,bx,b0,0,b11110111,b10,b1010010101010000,bx,b111010001100101011100110111010000110001010111110111010001111000,b111010001100101011100110111010000110001010111110111010001111000,b11111010000,b111010001100101011100110111010000110001010111110111010001111000,b100111000100000
970000,b11110111,0,bx,0,0,1,1,0,1,0,0,b1010101001010101,b1000,b11111,1,1,0,b1010101001010101,b100,b0,b1010010110100101,0,b10,bx,b0,1,b11110111,b10,b1010010101010000,bx,b111010001100101011100110111010000110001010111110111010001111000,b111010001100101011100110111010000110001010111110111010001111000,b11111010000,b111010001100101011100110111010000110001010111110111010001111000,b100111000100000
980000,b11110111,0,bx,0,0,1,0,0,1,0,0,b1010101001010101,b1000,b11111,1,1,0,b1010101001010101,b100,b0,b1010010110100101,0,b10,bx,b0,1,b11110111,b10,b1010010101010000,bx,b111010001100101011100110111010000110001010111110111010001111000,b111010001100101011100110111010000110001010111110111010001111000,b11111010000,b111010001100101011100110111010000110001010111110111010001111000,b100111000100000
990000,b11110111,1,bx,0,0,1,1,0,1,0,0,b1010101001010101,b1000,b100000,1,1,0,b1010101001010101,b100,b1,b1010010110100101,1,b10,bx,b0,1,b11110111,b10,b1010010101010000,bx,b111010001100101011100110111010000110001010111110111010001111000,b111010001100101011100110111010000110001010111110111010001111000,b11111010000,b111010001100101011100110111010000110001010111110111010001111000,b100111000100000
1000000,b11110111,1,bx,0,0,1,0,0,1,0,0,b1010101001010101,b1000,b100000,1,1,0,b1010101001010101,b100,b1,b1010010110100101,1,b10,bx,b0,1,b11110111,b10,b1010010101010000,bx,b111010001100101011100110111010000110001010111110111010001111000,b111010001100101011100110111010000110001010111110111010001111000,b11111010000,b111010001100101011100110111010000110001010111110111010001111000,b100111000100000
1010000,b11110111,1,bx,0,0,1,1,0,1,0,0,b1010101001010101,b1000,b100001,1,1,0,b1010101001010101,b100,b10,b1010010110100101,1,b10,bx,b0,1,b11110111,b10,b1010010101010000,bx,b111010001100101011100110111010000110001010111110111010001111000,b111010001100101011100110111010000110001010111110111010001111000,b11111010000,b111010001100101011100110111010000110001010111110111010001111000,b100111000100000
1020000,b11110111,1,bx,0,0,1,0,0,1,0,0,b1010101001010101,b1000,b100001,1,1,0,b1010101001010101,b100,b10,b1010010110100101,1,b10,bx,b0,1,b11110111,b10,b1010010101010000,bx,b111010001100101011100110111010000110001010111110111010001111000,b111010001100101011100110111010000110001010111110111010001111000,b11111010000,b111010001100101011100110111010000110001010111110111010001111000,b100111000100000
1030000,b11110111,1,bx,0,0,1,1,0,1,0,0,b1010101001010101,b1000,b100010,1,1,0,b1010101001010101,b100,b11,b1010010110100101,1,b10,bx,b0,1,b11110111,b10,b1010010101010000,bx,b111010001100101011100110111010000110001010111110111010001111000,b111010001100101011100110111010000110001010111110111010001111000,b11111010000,b111010001100101011100110111010000110001010111110111010001111000,b100111000100000
1040000,b11110111,1,bx,0,0,1,0,0,1,0,0,b1010101001010101,b1000,b100010,1,1,0,b1010101001010101,b100,b11,b1010010110100101,1,b10,bx,b0,1,b11110111,b10,b1010010101010000,bx,b111010001100101011100110111010000110001010111110111010001111000,b111010001100101011100110111010000110001010111110111010001111000,b11111010000,b111010001100101011100110111010000110001010111110111010001111000,b100111000100000
1050000,b11110111,1,bx,0,0,1,1,0,1,0,0,b1010101001010101,b1000,b100011,1,1,0,b1010101001010101,b100,b0,b1010010110100101,1,b10,bx,b0,0,b11110111,b10,b1010010101010000,bx,b111010001100101011100110111010000110001010111110111010001111000,b111010001100101011100110111010000110001010111110111010001111000,b11111010000,b111010001100101011100110111010000110001010111110111010001111000,b100111000100000
1060000,b11110111,1,bx,0,0,1,0,0,1,0,0,b1010101001010101,b1000,b100011,1,1,0,b1010101001010101,b100,b0,b1010010110100101,1,b10,bx,b0,0,b11110111,b10,b1010010101010000,bx,b111010001100101011100110111010000110001010111110111010001111000,b111010001100101011100110111010000110001010111110111010001111000,b11111010000,b111010001100101011100110111010000110001010111110111010001111000,b100111000100000
1070000,b11110111,0,bx,1,0,1,1,0,1,0,0,b1010101001010101,b1000,b100100,1,1,0,b1010101001010101,b101,b1,b1010010110100101,0,b10,bx,b0,0,b11110111,b10,b100101010100000,bx,b111010001100101011100110111010000110001010111110111010001111000,b111010001100101011100110111010000110001010111110111010001111000,b11111010000,b111010001100101011100110111010000110001010111110111010001111000,b100111000100000
1080000,b11110111,0,bx,1,0,1,0,0,1,0,0,b1010101001010101,b1000,b100100,1,1,0,b1010101001010101,b101,b1,b1010010110100101,0,b10,bx,b0,0,b11110111,b10,b100101010100000,bx,b111010001100101011100110111010000110001010111110111010001111000,b111010001100101011100110111010000110001010111110111010001111000,b11111010000,b111010001100101011100110111010000110001010111110111010001111000,b100111000100000
1090000,b11110111,0,bx,1,0,1,1,0,1,0,0,b1010101001010101,b1000,b100101,1,1,0,b1010101001010101,b101,b10,b1010010110100101,0,b10,bx,b0,0,b11110111,b10,b100101010100000,bx,b111010001100101011100110111010000110001010111110111010001111000,b111010001100101011100110111010000110001010111110111010001111000,b11111010000,b111010001100101011100110111010000110001010111110111010001111000,b100111000100000
1100000,b11110111,0,bx,1,0,1,0,0,1,0,0,b1010101001010101,b1000,b100101,1,1,0,b1010101001010101,b101,b10,b1010010110100101,0,b10,bx,b0,0,b11110111,b10,b100101010100000,bx,b111010001100101011100110111010000110001010111110111010001111000,b111010001100101011100110111010000110001010111110111010001111000,b11111010000,b111010001100101011100110111010000110001010111110111010001111000,b100111000100000
1110000,b11110111,0,bx,1,0,1,1,0,1,0,0,b1010101001010101,b1000,b100110,1,1,0,b1010101001010101,b101,b11,b1010010110100101,0,b10,bx,b0,0,b11110111,b10,b100101010100000,bx,b111010001100101011100110111010000110001010111110111010001111000,b111010001100101011100110111010000110001010111110111010001111000,b11111010000,b111010001100101011100110111010000110001010111110111010001111000,b100111000100000
1120000,b11110111,0,bx,1,0,1,0,0,1,0,0,b1010101001010101,b1000,b100110,1,1,0,b1010101001010101,b101,b11,b1010010110100101,0,b10,bx,b0,0,b11110111,b10,b100101010100000,bx,b111010001100101011100110111010000110001010111110111010001111000,b111010001100101011100110111010000110001010111110111010001111000,b11111010000,b111010001100101011100110111010000110001010111110111010001111000,b100111000100000
1130000,b11110111,0,bx,1,0,1,1,0,1,0,0,b1010101001010101,b1000,b100111,1,1,0,b1010101001010101,b101,b0,b1010010110100101,0,b10,bx,b0,1,b11110111,b10,b100101010100000,bx,b111010001100101011100110111010000110001010111110111010001111000,b111010001100101011100110111010000110001010111110111010001111000,b11111010000,b111010001100101011100110111010000110001010111110111010001111000,b100111000100000
1140000,b11110111,0,bx,1,0,1,0,0,1,0,0,b1010101001010101,b1000,b100111,1,1,0,b1010101001010101,b101,b0,b1010010110100101,0,b10,bx,b0,1,b11110111,b10,b100101010100000,bx,b111010001100101011100110111010000110001010111110111010001111000,b111010001100101011100110111010000110001010111110111010001111000,b11111010000,b111010001100101011100110111010000110001010111110111010001111000,b100111000100000
1150000,b11110111,1,bx,1,0,1,1,0,1,0,0,b1010101001010101,b1000,b101000,1,1,0,b1010101001010101,b101,b1,b1010010110100101,1,b10,bx,b0,1,b11110111,b10,b100101010100000,bx,b111010001100101011100110111010000110001010111110111010001111000,b111010001100101011100110111010000110001010111110111010001111000,b11111010000,b111010001100101011100110111010000110001010111110111010001111000,b100111000100000
1160000,b11110111,1,bx,1,0,1,0,0,1,0,0,b1010101001010101,b1000,b101000,1,1,0,b1010101001010101,b101,b1,b1010010110100101,1,b10,bx,b0,1,b11110111,b10,b100101010100000,bx,b111010001100101011100110111010000110001010111110111010001111000,b111010001100101011100110111010000110001010111110111010001111000,b11111010000,b111010001100101011100110111010000110001010111110111010001111000,b100111000100000
1170000,b11110111,1,bx,1,0,1,1,0,1,0,0,b1010101001010101,b1000,b101001,1,1,0,b1010101001010101,b101,b10,b1010010110100101,1,b10,bx,b0,1,b11110111,b10,b100101010100000,bx,b111010001100101011100110111010000110001010111110111010001111000,b111010001100101011100110111010000110001010111110111010001111000,b11111010000,b111010001100101011100110111010000110001010111110111010001111000,b100111000100000
1180000,b11110111,1,bx,1,0,1,0,0,1,0,0,b1010101001010101,b1000,b101001,1,1,0,b1010101001010101,b101,b10,b1010010110100101,1,b10,bx,b0,1,b11110111,b10,b100101010100000,bx,b111010001100101011100110111010000110001010111110111010001111000,b111010001100101011100110111010000110001010111110111010001111000,b11111010000,b111010001100101011100110111010000110001010111110111010001111000,b100111000100000
1190000,b11110111,1,bx,1,0,1,1,0,1,0,0,b1010101001010101,b1000,b101010,1,1,0,b1010101001010101,b101,b11,b1010010110100101,1,b10,bx,b0,1,b11110111,b10,b100101010100000,bx,b111010001100101011100110111010000110001010111110111010001111000,b111010001100101011100110111010000110001010111110111010001111000,b11111010000,b111010001100101011100110111010000110001010111110111010001111000,b100111000100000
1200000,b11110111,1,bx,1,0,1,0,0,1,0,0,b1010101001010101,b1000,b101010,1,1,0,b1010101001010101,b101,b11,b1010010110100101,1,b10,bx,b0,1,b11110111,b10,b100101010100000,bx,b111010001100101011100110111010000110001010111110111010001111000,b111010001100101011100110111010000110001010111110111010001111000,b11111010000,b111010001100101011100110111010000110001010111110111010001111000,b100111000100000
1210000,b11110111,1,bx,1,0,1,1,0,1,0,0,b1010101001010101,b1000,b101011,1,1,0,b1010101001010101,b101,b0,b1010010110100101,1,b10,bx,b0,0,b11110111,b10,b100101010100000,bx,b111010001100101011100110111010000110001010111110111010001111000,b111010001100101011100110111010000110001010111110111010001111000,b11111010000,b111010001100101011100110111010000110001010111110111010001111000,b100111000100000
1220000,b11110111,1,bx,1,0,1,0,0,1,0,0,b1010101001010101,b1000,b101011,1,1,0,b1010101001010101,b101,b0,b1010010110100101,1,b10,bx,b0,0,b11110111,b10,b100101010100000,bx,b111010001100101011100110111010000110001010111110111010001111000,b111010001100101011100110111010000110001010111110111010001111000,b11111010000,b111010001100101011100110111010000110001010111110111010001111000,b100111000100000
1230000,b11110111,0,bx,0,0,1,1,0,1,0,0,b1010101001010101,b1000,b101100,1,1,0,b1010101001010101,b110,b1,b1010010110100101,0,b10,bx,b0,0,b11110111,b10,b1001010101000000,bx,b111010001100101011100110111010000110001010111110111010001111000,b111010001100101011100110111010000110001010111110111010001111000,b11111010000,b111010001100101011100110111010000110001010111110111010001111000,b100111000100000
1240000,b11110111,0,bx,0,0,1,0,0,1,0,0,b1010101001010101,b1000,b101100,1,1,0,b1010101001010101,b110,b1,b1010010110100101,0,b10,bx,b0,0,b11110111,b10,b1001010101000000,bx,b111010001100101011100110111010000110001010111110111010001111000,b111010001100101011100110111010000110001010111110111010001111000,b11111010000,b111010001100101011100110111010000110001010111110111010001111000,b100111000100000
1250000,b11110111,0,bx,0,0,1,1,0,1,0,0,b1010101001010101,b1000,b101101,1,1,0,b1010101001010101,b110,b10,b1010010110100101,0,b10,bx,b0,0,b11110111,b10,b1001010101000000,bx,b111010001100101011100110111010000110001010111110111010001111000,b111010001100101011100110111010000110001010111110111010001111000,b11111010000,b111010001100101011100110111010000110001010111110111010001111000,b100111000100000
1260000,b11110111,0,bx,0,0,1,0,0,1,0,0,b1010101001010101,b1000,b101101,1,1,0,b1010101001010101,b110,b10,b1010010110100101,0,b10,bx,b0,0,b11110111,b10,b1001010101000000,bx,b111010001100101011100110111010000110001010111110111010001111000,b111010001100101011100110111010000110001010111110111010001111000,b11111010000,b111010001100101011100110111010000110001010111110111010001111000,b100111000100000
1270000,b11110111,0,bx,0,0,1,1,0,1,0,0,b1010101001010101,b1000,b101110,1,1,0,b1010101001010101,b110,b11,b1010010110100101,0,b10,bx,b0,0,b11110111,b10,b1001010101000000,bx,b111010001100101011100110111010000110001010111110111010001111000,b111010001100101011100110111010000110001010111110111010001111000,b11111010000,b111010001100101011100110111010000110001010111110111010001111000,b100111000100000
1280000,b11110111,0,bx,0,0,1,0,0,1,0,0,b1010101001010101,b1000,b101110,1,1,0,b1010101001010101,b110,b11,b1010010110100101,0,b10,bx,b0,0,b11110111,b10,b1001010101000000,bx,b111010001100101011100110111010000110001010111110111010001111000,b111010001100101011100110111010000110001010111110111010001111000,b11111010000,b111010001100101011100110111010000110001010111110111010001111000,b100111000100000
1290000,b11110111,0,bx,0,0,1,1,0,1,0,0,b1010101001010101,b1000,b101111,1,1,0,b1010101001010101,b110,b0,b1010010110100101,0,b10,bx,b0,1,b11110111,b10,b1001010101000000,bx,b111010001100101011100110111010000110001010111110111010001111000,b111010001100101011100110111010000110001010111110111010001111000,b11111010000,b111010001100101011100110111010000110001010111110111010001111000,b100111000100000
1300000,b11110111,0,bx,0,0,1,0,0,1,0,0,b1010101001010101,b1000,b101111,1,1,0,b1010101001010101,b110,b0,b1010010110100101,0,b10,bx,b0,1,b11110111,b10,b1001010101000000,bx,b111010001100101011100110111010000110001010111110111010001111000,b111010001100101011100110111010000110001010111110111010001111000,b11111010000,b111010001100101011100110111010000110001010111110111010001111000,b100111000100000
1310000,b11110111,1,bx,0,0,1,1,0,1,0,0,b1010101001010101,b1000,b110000,1,1,0,b1010101001010101,b110,b1,b1010010110100101,1,b10,bx,b0,1,b11110111,b10,b1001010101000000,bx,b111010001100101011100110111010000110001010111110111010001111000,b111010001100101011100110111010000110001010111110111010001111000,b11111010000,b111010001100101011100110111010000110001010111110111010001111000,b100111000100000
1320000,b11110111,1,bx,0,0,1,0,0,1,0,0,b1010101001010101,b1000,b110000,1,1,0,b1010101001010101,b110,b1,b1010010110100101,1,b10,bx,b0,1,b11110111,b10,b1001010101000000,bx,b111010001100101011100110111010000110001010111110111010001111000,b111010001100101011100110111010000110001010111110111010001111000,b11111010000,b111010001100101011100110111010000110001010111110111010001111000,b100111000100000
1330000,b11110111,1,bx,0,0,1,1,0,1,0,0,b1010101001010101,b1000,b110001,1,1,0,b1010101001010101,b110,b10,b1010010110100101,1,b10,bx,b0,1,b11110111,b10,b1001010101000000,bx,b111010001100101011100110111010000110001010111110111010001111000,b111010001100101011100110111010000110001010111110111010001111000,b11111010000,b111010001100101011100110111010000110001010111110111010001111000,b100111000100000
1340000,b11110111,1,bx,0,0,1,0,0,1,0,0,b1010101001010101,b1000,b110001,1,1,0,b1010101001010101,b110,b10,b1010010110100101,1,b10,bx,b0,1,b11110111,b10,b1001010101000000,bx,b111010001100101011100110111010000110001010111110111010001111000,b111010001100101011100110111010000110001010111110111010001111000,b11111010000,b111010001100101011100110111010000110001010111110111010001111000,b100111000100000
1350000,b11110111,1,bx,0,0,1,1,0,1,0,0,b1010101001010101,b1000,b110010,1,1,0,b1010101001010101,b110,b11,b1010010110100101,1,b10,bx,b0,1,b11110111,b10,b1001010101000000,bx,b111010001100101011100110111010000110001010111110111010001111000,b111010001100101011100110111010000110001010111110111010001111000,b11111010000,b111010001100101011100110111010000110001010111110111010001111000,b100111000100000
1360000,b11110111,1,bx,0,0,1,0,0,1,0,0,b1010101001010101,b1000,b110010,1,1,0,b1010101001010101,b110,b11,b1010010110100101,1,b10,bx,b0,1,b11110111,b10,b1001010101000000,bx,b111010001100101011100110111010000110001010111110111010001111000,b111010001100101011100110111010000110001010111110111010001111000,b11111010000,b111010001100101011100110111010000110001010111110111010001111000,b100111000100000
1370000,b11110111,1,bx,0,0,1,1,0,1,0,0,b1010101001010101,b1000,b110011,1,1,0,b1010101001010101,b110,b0,b1010010110100101,1,b10,bx,b0,0,b11110111,b10,b1001010101000000,bx,b111010001100101011100110111010000110001010111110111010001111000,b111010001100101011100110111010000110001010111110111010001111000,b11111010000,b111010001100101011100110111010000110001010111110111010001111000,b100111000100000
1380000,b11110111,1,bx,0,0,1,0,0,1,0,0,b1010101001010101,b1000,b110011,1,1,0,b1010101001010101,b110,b0,b1010010110100101,1,b10,bx,b0,0,b11110111,b10,b1001010101000000,bx,b111010001100101011100110111010000110001010111110111010001111000,b111010001100101011100110111010000110001010111110111010001111000,b11111010000,b111010001100101011100110111010000110001010111110111010001111000,b100111000100000
1390000,b11110111,0,bx,1,0,1,1,0,1,0,0,b1010101001010101,b1000,b110100,1,1,0,b1010101001010101,b111,b1,b1010010110100101,0,b10,bx,b0,0,b11110111,b10,b10101010000000,bx,b111010001100101011100110111010000110001010111110111010001111000,b111010001100101011100110111010000110001010111110111010001111000,b11111010000,b111010001100101011100110111010000110001010111110111010001111000,b100111000100000
1400000,b11110111,0,bx,1,0,1,0,0,1,0,0,b1010101001010101,b1000,b110100,1,1,0,b1010101001010101,b111,b1,b1010010110100101,0,b10,bx,b0,0,b11110111,b10,b10101010000000,bx,b111010001100101011100110111010000110001010111110111010001111000,b111010001100101011100110111010000110001010111110111010001111000,b11111010000,b111010001100101011100110111010000110001010111110111010001111000,b100111000100000
1410000,b11110111,0,bx,1,0,1,1,0,1,0,0,b1010101001010101,b1000,b110101,1,1,0,b1010101001010101,b111,b10,b1010010110100101,0,b10,bx,b0,0,b11110111,b10,b10101010000000,bx,b111010001100101011100110111010000110001010111110111010001111000,b111010001100101011100110111010000110001010111110111010001111000,b11111010000,b111010001100101011100110111010000110001010111110111010001111000,b100111000100000
1420000,b11110111,0,bx,1,0,1,0,0,1,0,0,b1010101001010101,b1000,b110101,1,1,0,b1010101001010101,b111,b10,b1010010110100101,0,b10,bx,b0,0,b11110111,b10,b10101010000000,bx,b111010001100101011100110111010000110001010111110111010001111000,b111010001100101011100110111010000110001010111110111010001111000,b11111010000,b111010001100101011100110111010000110001010111110111010001111000,b100111000100000
1430000,b11110111,0,bx,1,0,1,1,0,1,0,0,b1010101001010101,b1000,b110110,1,1,0,b1010101001010101,b111,b11,b1010010110100101,0,b10,bx,b0,0,b11110111,b10,b10101010000000,bx,b111010001100101011100110111010000110001010111110111010001111000,b111010001100101011100110111010000110001010111110111010001111000,b11111010000,b111010001100101011100110111010000110001010111110111010001111000,b100111000100000
1440000,b11110111,0,bx,1,0,1,0,0,1,0,0,b1010101001010101,b1000,b110110,1,1,0,b1010101001010101,b111,b11,b1010010110100101,0,b10,bx,b0,0,b11110111,b10,b10101010000000,bx,b111010001100101011100110111010000110001010111110111010001111000,b111010001100101011100110111010000110001010111110111010001111000,b11111010000,b111010001100101011100110111010000110001010111110111010001111000,b100111000100000
1450000,b11110111,0,bx,1,0,1,1,0,1,0,0,b1010101001010101,b1000,b110111,1,1,0,b1010101001010101,b111,b0,b1010010110100101,0,b10,bx,b0,1,b11110111,b10,b10101010000000,bx,b111010001100101011100110111010000110001010111110111010001111000,b111010001100101011100110111010000110001010111110111010001111000,b11111010000,b111010001100101011100110111010000110001010111110111010001111000,b100111000100000
1460000,b11110111,0,bx,1,0,1,0,0,1,0,0,b1010101001010101,b1000,b110111,1,1,0,b1010101001010101,b111,b0,b1010010110100101,0,b10,bx,b0,1,b11110111,b10,b10101010000000,bx,b111010001100101011100110111010000110001010111110111010001111000,b111010001100101011100110111010000110001010111110111010001111000,b11111010000,b111010001100101011100110111010000110001010111110111010001111000,b100111000100000
1470000,b11110111,1,bx,1,0,1,1,0,1,0,0,b1010101001010101,b1000,b111000,1,1,0,b1010101001010101,b111,b1,b1010010110100101,1,b10,bx,b0,1,b11110111,b10,b10101010000000,bx,b111010001100101011100110111010000110001010111110111010001111000,b111010001100101011100110111010000110001010111110111010001111000,b11111010000,b111010001100101011100110111010000110001010111110111010001111000,b100111000100000
1480000,b11110111,1,bx,1,0,1,0,0,1,0,0,b1010101001010101,b1000,b111000,1,1,0,b1010101001010101,b111,b1,b1010010110100101,1,b10,bx,b0,1,b11110111,b10,b10101010000000,bx,b111010001100101011100110111010000110001010111110111010001111000,b111010001100101011100110111010000110001010111110111010001111000,b11111010000,b111010001100101011100110111010000110001010111110111010001111000,b100111000100000
1490000,b11110111,1,bx,1,0,1,1,0,1,0,0,b1010101001010101,b1000,b111001,1,1,0,b1010101001010101,b111,b10,b1010010110100101,1,b10,bx,b0,1,b11110111,b10,b10101010000000,bx,b111010001100101011100110111010000110001010111110111010001111000,b111010001100101011100110111010000110001010111110111010001111000,b11111010000,b111010001100101011100110111010000110001010111110111010001111000,b100111000100000
1500000,b11110111,1,bx,1,0,1,0,0,1,0,0,b1010101001010101,b1000,b111001,1,1,0,b1010101001010101,b111,b10,b1010010110100101,1,b10,bx,b0,1,b11110111,b10,b10101010000000,bx,b111010001100101011100110111010000110001010111110111010001111000,b111010001100101011100110111010000110001010111110111010001111000,b11111010000,b111010001100101011100110111010000110001010111110111010001111000,b100111000100000
1510000,b11110111,1,bx,1,0,1,1,0,1,0,0,b1010101001010101,b1000,b111010,1,1,0,b1010101001010101,b111,b11,b1010010110100101,1,b10,bx,b0,1,b11110111,b10,b10101010000000,bx,b111010001100101011100110111010000110001010111110111010001111000,b111010001100101011100110111010000110001010111110111010001111000,b11111010000,b111010001100101011100110111010000110001010111110111010001111000,b100111000100000
1520000,b11110111,1,bx,1,0,1,0,0,1,0,0,b1010101001010101,b1000,b111010,1,1,0,b1010101001010101,b111,b11,b1010010110100101,1,b10,bx,b0,1,b11110111,b10,b10101010000000,bx,b111010001100101011100110111010000110001010111110111010001111000,b111010001100101011100110111010000110001010111110111010001111000,b11111010000,b111010001100101011100110111010000110001010111110111010001111000,b100111000100000
1530000,b11110111,1,bx,1,0,1,1,0,1,0,0,b1010101001010101,b1000,b111011,1,1,0,b1010101001010101,b111,b0,b1010010110100101,1,b10,bx,b0,0,b11110111,b10,b10101010000000,bx,b111010001100101011100110111010000110001010111110111010001111000,b111010001100101011100110111010000110001010111110111010001111000,b11111010000,b111010001100101011100110111010000110001010111110111010001111000,b100111000100000
1540000,b11110111,1,bx,1,0,1,0,0,1,0,0,b1010101001010101,b1000,b111011,1,1,0,b1010101001010101,b111,b0,b1010010110100101,1,b10,bx,b0,0,b11110111,b10,b10101010000000,bx,b111010001100101011100110111010000110001010111110111010001111000,b111010001100101011100110111010000110001010111110111010001111000,b11111010000,b111010001100101011100110111010000110001010111110111010001111000,b100111000100000
1550000,b11110111,0,bx,0,0,1,1,0,1,0,0,b1010101001010101,b1000,b111100,1,1,0,b1010101001010101,b1000,b1,b1010010110100101,0,b10,bx,b0,0,b11110111,b10,b101010100000000,bx,b111010001100101011100110111010000110001010111110111010001111000,b111010001100101011100110111010000110001010111110111010001111000,b11111010000,b111010001100101011100110111010000110001010111110111010001111000,b100111000100000
1560000,b11110111,0,bx,0,0,1,0,0,1,0,0,b1010101001010101,b1000,b111100,1,1,0,b1010101001010101,b1000,b1,b1010010110100101,0,b10,bx,b0,0,b11110111,b10,b101010100000000,bx,b111010001100101011100110111010000110001010111110111010001111000,b111010001100101011100110111010000110001010111110111010001111000,b11111010000,b111010001100101011100110111010000110001010111110111010001111000,b100111000100000
1570000,b11110111,0,bx,0,0,1,1,0,1,0,0,b1010101001010101,b1000,b111101,1,1,0,b1010101001010101,b1000,b10,b1010010110100101,0,b10,bx,b0,0,b11110111,b10,b101010100000000,bx,b111010001100101011100110111010000110001010111110111010001111000,b111010001100101011100110111010000110001010111110111010001111000,b11111010000,b111010001100101011100110111010000110001010111110111010001111000,b100111000100000
1580000,b11110111,0,bx,0,0,1,0,0,1,0,0,b1010101001010101,b1000,b111101,1,1,0,b1010101001010101,b1000,b10,b1010010110100101,0,b10,bx,b0,0,b11110111,b10,b101010100000000,bx,b111010001100101011100110111010000110001010111110111010001111000,b111010001100101011100110111010000110001010111110111010001111000,b11111010000,b111010001100101011100110111010000110001010111110111010001111000,b100111000100000
1590000,b11110111,0,bx,0,0,1,1,0,1,0,0,b1010101001010101,b1000,b111110,1,1,0,b1010101001010101,b1000,b11,b1010010110100101,0,b10,bx,b0,0,b11110111,b10,b101010100000000,bx,b111010001100101011100110111010000110001010111110111010001111000,b111010001100101011100110111010000110001010111110111010001111000,b11111010000,b111010001100101011100110111010000110001010111110111010001111000,b100111000100000
1600000,b11110111,0,bx,0,0,1,0,0,1,0,0,b1010101001010101,b1000,b111110,1,1,0,b1010101001010101,b1000,b11,b1010010110100101,0,b10,bx,b0,0,b11110111,b10,b101010100000000,bx,b111010001100101011100110111010000110001010111110111010001111000,b111010001100101011100110111010000110001010111110111010001111000,b11111010000,b111010001100101011100110111010000110001010111110111010001111000,b100111000100000
1610000,b11110111,0,bx,0,0,1,1,0,1,0,0,b1010101001010101,b1000,b111111,1,1,0,b1010101001010101,b1000,b0,b1010010110100101,0,b10,bx,b0,1,b11110111,b10,b101010100000000,bx,b111010001100101011100110111010000110001010111110111010001111000,b111010001100101011100110111010000110001010111110111010001111000,b11111010000,b111010001100101011100110111010000110001010111110111010001111000,b100111000100000
1620000,b11110111,0,bx,0,0,1,0,0,1,0,0,b1010101001010101,b1000,b111111,1,1,0,b1010101001010101,b1000,b0,b1010010110100101,0,b10,bx,b0,1,b11110111,b10,b101010100000000,bx,b111010001100101011100110111010000110001010111110111010001111000,b111010001100101011100110111010000110001010111110111010001111000,b11111010000,b111010001100101011100110111010000110001010111110111010001111000,b100111000100000
1630000,b11110111,1,bx,0,0,1,1,0,1,0,0,b1010101001010101,b1000,b1000000,1,1,0,b1010101001010101,b1000,b1,b1010010110100101,1,b10,bx,b0,1,b11110111,b10,b101010100000000,bx,b111010001100101011100110111010000110001010111110111010001111000,b111010001100101011100110111010000110001010111110111010001111000,b11111010000,b111010001100101011100110111010000110001010111110111010001111000,b100111000100000
1640000,b11110111,1,bx,0,0,1,0,0,1,0,0,b1010101001010101,b1000,b1000000,1,1,0,b1010101001010101,b1000,b1,b1010010110100101,1,b10,bx,b0,1,b11110111,b10,b101010100000000,bx,b111010001100101011100110111010000110001010111110111010001111000,b111010001100101011100110111010000110001010111110111010001111000,b11111010000,b111010001100101011100110111010000110001010111110111010001111000,b100111000100000
1650000,b11110111,1,bx,0,0,1,1,0,1,0,0,b1010101001010101,b1000,b1000001,1,1,0,b1010101001010101,b1000,b10,b1010010110100101,1,b10,bx,b0,1,b11110111,b10,b101010100000000,bx,b111010001100101011100110111010000110001010111110111010001111000,b111010001100101011100110111010000110001010111110111010001111000,b11111010000,b111010001100101011100110111010000110001010111110111010001111000,b100111000100000
1660000,b11110111,1,bx,0,0,1,0,0,1,0,0,b1010101001010101,b1000,b1000001,1,1,0,b1010101001010101,b1000,b10,b1010010110100101,1,b10,bx,b0,1,b11110111,b10,b101010100000000,bx,b111010001100101011100110111010000110001010111110111010001111000,b111010001100101011100110111010000110001010111110111010001111000,b11111010000,b111010001100101011100110111010000110001010111110111010001111000,b100111000100000
1670000,b11110111,1,bx,0,0,1,1,0,1,0,0,b1010101001010101,b1000,b1000010,1,1,0,b1010101001010101,b1000,b11,b1010010110100101,1,b10,bx,b0,1,b11110111,b10,b101010100000000,bx,b111010001100101011100110111010000110001010111110111010001111000,b111010001100101011100110111010000110001010111110111010001111000,b11111010000,b111010001100101011100110111010000110001010111110111010001111000,b100111000100000
1680000,b11110111,1,bx,0,0,1,0,0,1,0,0,b1010101001010101,b1000,b1000010,1,1,0,b1010101001010101,b1000,b11,b1010010110100101,1,b10,bx,b0,1,b11110111,b10,b101010100000000,bx,b111010001100101011100110111010000110001010111110111010001111000,b111010001100101011100110111010000110001010111110111010001111000,b11111010000,b111010001100101011100110111010000110001010111110111010001111000,b100111000100000
1690000,b11110111,1,bx,0,0,1,1,0,1,0,0,b1010101001010101,b1000,b1000011,1,1,0,b1010101001010101,b1000,b0,b1010010110100101,1,b10,bx,b0,0,b11110111,b10,b101010100000000,bx,b111010001100101011100110111010000110001010111110111010001111000,b111010001100101011100110111010000110001010111110111010001111000,b11111010000,b111010001100101011100110111010000110001010111110111010001111000,b100111000100000
1700000,b11110111,1,bx,0,0,1,0,0,1,0,0,b1010101001010101,b1000,b1000011,1,1,0,b1010101001010101,b1000,b0,b1010010110100101,1,b10,bx,b0,0,b11110111,b10,b101010100000000,bx,b111010001100101011100110111010000110001010111110111010001111000,b111010001100101011100110111010000110001010111110111010001111000,b11111010000,b111010001100101011100110111010000110001010111110111010001111000,b100111000100000
1710000,b11110111,0,bx,0,0,1,1,0,1,0,0,b1010101001010101,b1000,b1000100,1,1,0,b1010101001010101,b1001,b1,b1010010110100101,0,b10,bx,b0,0,b11110111,b10,b1010101000000000,bx,b111010001100101011100110111010000110001010111110111010001111000,b111010001100101011100110111010000110001010111110111010001111000,b11111010000,b111010001100101011100110111010000110001010111110111010001111000,b100111000100000
1720000,b11110111,0,bx,0,0,1,0,0,1,0,0,b1010101001010101,b1000,b1000100,1,1,0,b1010101001010101,b1001,b1,b1010010110100101,0,b10,bx,b0,0,b11110111,b10,b1010101000000000,bx,b111010001100101011100110111010000110001010111110111010001111000,b111010001100101011100110111010000110001010111110111010001111000,b11111010000,b111010001100101011100110111010000110001010111110111010001111000,b100111000100000
1730000,b11110111,0,bx,0,0,1,1,0,1,0,0,b1010101001010101,b1000,b1000101,1,1,0,b1010101001010101,b1001,b10,b1010010110100101,0,b10,bx,b0,0,b11110111,b10,b1010101000000000,bx,b111010001100101011100110111010000110001010111110111010001111000,b111010001100101011100110111010000110001010111110111010001111000,b11111010000,b111010001100101011100110111010000110001010111110111010001111000,b100111000100000
1740000,b11110111,0,bx,0,0,1,0,0,1,0,0,b1010101001010101,b1000,b1000101,1,1,0,b1010101001010101,b1001,b10,b1010010110100101,0,b10,bx,b0,0,b11110111,b10,b1010101000000000,bx,b111010001100101011100110111010000110001010111110111010001111000,b111010001100101011100110111010000110001010111110111010001111000,b11111010000,b111010001100101011100110111010000110001010111110111010001111000,b100111000100000
1750000,b11110111,0,bx,0,0,1,1,0,1,0,0,b1010101001010101,b1000,b1000110,1,1,0,b1010101001010101,b1001,b11,b1010010110100101,0,b10,bx,b0,0,b11110111,b10,b1010101000000000,bx,b111010001100101011100110111010000110001010111110111010001111000,b111010001100101011100110111010000110001010111110111010001111000,b11111010000,b111010001100101011100110111010000110001010111110111010001111000,b100111000100000
1760000,b11110111,0,bx,0,0,1,0,0,1,0,0,b1010101001010101,b1000,b1000110,1,1,0,b1010101001010101,b1001,b11,b1010010110100101,0,b10,bx,b0,0,b11110111,b10,b1010101000000000,bx,b111010001100101011100110111010000110001010111110111010001111000,b111010001100101011100110111010000110001010111110111010001111000,b11111010000,b111010001100101011100110111010000110001010111110111010001111000,b100111000100000
1770000,b11110111,0,bx,0,0,1,1,0,1,0,0,b1010101001010101,b1000,b1000111,1,1,0,b1010101001010101,b1001,b0,b1010010110100101,0,b10,bx,b0,1,b11110111,b10,b1010101000000000,bx,b111010001100101011100110111010000110001010111110111010001111000,b111010001100101011100110111010000110001010111110111010001111000,b11111010000,b111010001100101011100110111010000110001010111110111010001111000,b100111000100000
1780000,b11110111,0,bx,0,0,1,0,0,1,0,0,b1010101001010101,b1000,b1000111,1,1,0,b1010101001010101,b1001,b0,b1010010110100101,0,b10,bx,b0,1,b11110111,b10,b1010101000000000,bx,b111010001100101011100110111010000110001010111110111010001111000,b111010001100101011100110111010000110001010111110111010001111000,b11111010000,b111010001100101011100110111010000110001010111110111010001111000,b100111000100000
1790000,b11110111,1,bx,0,0,1,1,0,1,0,0,b1010101001010101,b1000,b1001000,1,1,0,b1010101001010101,b1001,b1,b1010010110100101,1,b10,bx,b0,1,b11110111,b10,b1010101000000000,bx,b111010001100101011100110111010000110001010111110111010001111000,b111010001100101011100110111010000110001010111110111010001111000,b11111010000,b111010001100101011100110111010000110001010111110111010001111000,b100111000100000
1800000,b11110111,1,bx,0,0,1,0,0,1,0,0,b1010101001010101,b1000,b1001000,1,1,0,b1010101001010101,b1001,b1,b1010010110100101,1,b10,bx,b0,1,b11110111,b10,b1010101000000000,bx,b111010001100101011100110111010000110001010111110111010001111000,b111010001100101011100110111010000110001010111110111010001111000,b11111010000,b111010001100101011100110111010000110001010111110111010001111000,b100111000100000
1810000,b11110111,1,bx,0,0,1,1,0,1,0,0,b1010101001010101,b1000,b1001001,1,1,0,b1010101001010101,b1001,b10,b1010010110100101,1,b10,bx,b0,1,b11110111,b10,b1010101000000000,bx,b111010001100101011100110111010000110001010111110111010001111000,b111010001100101011100110111010000110001010111110111010001111000,b11111010000,b111010001100101011100110111010000110001010111110111010001111000,b100111000100000
1820000,b11110111,1,bx,0,0,1,0,0,1,0,0,b1010101001010101,b1000,b1001001,1,1,0,b1010101001010101,b1001,b10,b1010010110100101,1,b10,bx,b0,1,b11110111,b10,b1010101000000000,bx,b111010001100101011100110111010000110001010111110111010001111000,b111010001100101011100110111010000110001010111110111010001111000,b11111010000,b111010001100101011100110111010000110001010111110111010001111000,b100111000100000
1830000,b11110111,1,bx,0,0,1,1,0,1,0,0,b1010101001010101,b1000,b1001010,1,1,0,b1010101001010101,b1001,b11,b1010010110100101,1,b10,bx,b0,1,b11110111,b10,b1010101000000000,bx,b111010001100101011100110111010000110001010111110111010001111000,b111010001100101011100110111010000110001010111110111010001111000,b11111010000,b111010001100101011100110111010000110001010111110111010001111000,b100111000100000
1840000,b11110111,1,bx,0,0,1,0,0,1,0,0,b1010101001010101,b1000,b1001010,1,1,0,b1010101001010101,b1001,b11,b1010010110100101,1,b10,bx,b0,1,b11110111,b10,b1010101000000000,bx,b111010001100101011100110111010000110001010111110111010001111000,b111010001100101011100110111010000110001010111110111010001111000,b11111010000,b111010001100101011100110111010000110001010111110111010001111000,b100111000100000
1850000,b11110111,1,bx,0,0,1,1,0,1,0,0,b1010101001010101,b1000,b1001011,1,1,0,b1010101001010101,b1001,b0,b1010010110100101,1,b10,bx,b0,0,b11110111,b10,b1010101000000000,bx,b111010001100101011100110111010000110001010111110111010001111000,b111010001100101011100110111010000110001010111110111010001111000,b11111010000,b111010001100101011100110111010000110001010111110111010001111000,b100111000100000
1860000,b11110111,1,bx,0,0,1,0,0,1,0,0,b1010101001010101,b1000,b1001011,1,1,0,b1010101001010101,b1001,b0,b1010010110100101,1,b10,bx,b0,0,b11110111,b10,b1010101000000000,bx,b111010001100101011100110111010000110001010111110111010001111000,b111010001100101011100110111010000110001010111110111010001111000,b11111010000,b111010001100101011100110111010000110001010111110111010001111000,b100111000100000
1870000,b11110111,0,bx,1,0,1,1,0,1,0,0,b1010101001010101,b1000,b1001100,1,1,0,b1010101001010101,b1010,b1,b1010010110100101,0,b10,bx,b0,0,b11110111,b10,b101010000000000,bx,b111010001100101011100110111010000110001010111110111010001111000,b111010001100101011100110111010000110001010111110111010001111000,b11111010000,b111010001100101011100110111010000110001010111110111010001111000,b100111000100000
1880000,b11110111,0,bx,1,0,1,0,0,1,0,0,b1010101001010101,b1000,b1001100,1,1,0,b1010101001010101,b1010,b1,b1010010110100101,0,b10,bx,b0,0,b11110111,b10,b101010000000000,bx,b111010001100101011100110111010000110001010111110111010001111000,b111010001100101011100110111010000110001010111110111010001111000,b11111010000,b111010001100101011100110111010000110001010111110111010001111000,b100111000100000
1890000,b11110111,0,bx,1,0,1,1,0,1,0,0,b1010101001010101,b1000,b1001101,1,1,0,b1010101001010101,b1010,b10,b1010010110100101,0,b10,bx,b0,0,b11110111,b10,b101010000000000,bx,b111010001100101011100110111010000110001010111110111010001111000,b111010001100101011100110111010000110001010111110111010001111000,b11111010000,b111010001100101011100110111010000110001010111110111010001111000,b100111000100000
1900000,b11110111,0,bx,1,0,1,0,0,1,0,0,b1010101001010101,b1000,b1001101,1,1,0,b1010101001010101,b1010,b10,b1010010110100101,0,b10,bx,b0,0,b11110111,b10,b101010000000000,bx,b111010001100101011100110111010000110001010111110111010001111000,b111010001100101011100110111010000110001010111110111010001111000,b11111010000,b111010001100101011100110111010000110001010111110111010001111000,b100111000100000
1910000,b11110111,0,bx,1,0,1,1,0,1,0,0,b1010101001010101,b1000,b1001110,1,1,0,b1010101001010101,b1010,b11,b1010010110100101,0,b10,bx,b0,0,b11110111,b10,b101010000000000,bx,b111010001100101011100110111010000110001010111110111010001111000,b111010001100101011100110111010000110001010111110111010001111000,b11111010000,b111010001100101011100110111010000110001010111110111010001111000,b100111000100000
1920000,b11110111,0,bx,1,0,1,0,0,1,0,0,b1010101001010101,b1000,b1001110,1,1,0,b1010101001010101,b1010,b11,b1010010110100101,0,b10,bx,b0,0,b11110111,b10,b101010000000000,bx,b111010001100101011100110111010000110001010111110111010001111000,b111010001100101011100110111010000110001010111110111010001111000,b11111010000,b111010001100101011100110111010000110001010111110111010001111000,b100111000100000
1930000,b11110111,0,bx,1,0,1,1,0,1,0,0,b1010101001010101,b1000,b1001111,1,1,0,b1010101001010101,b1010,b0,b1010010110100101,0,b10,bx,b0,1,b11110111,b10,b101010000000000,bx,b111010001100101011100110111010000110001010111110111010001111000,b111010001100101011100110111010000110001010111110111010001111000,b11111010000,b111010001100101011100110111010000110001010111110111010001111000,b100111000100000
1940000,b11110111,0,bx,1,0,1,0,0,1,0,0,b1010101001010101,b1000,b1001111,1,1,0,b1010101001010101,b1010,b0,b1010010110100101,0,b10,bx,b0,1,b11110111,b10,b101010000000000,bx,b111010001100101011100110111010000110001010111110111010001111000,b111010001100101011100110111010000110001010111110111010001111000,b11111010000,b111010001100101011100110111010000110001010111110111010001111000,b100111000100000
1950000,b11110111,1,bx,1,0,1,1,0,1,0,0,b1010101001010101,b1000,b1010000,1,1,0,b1010101001010101,b1010,b1,b1010010110100101,1,b10,bx,b0,1,b11110111,b10,b101010000000000,bx,b111010001100101011100110111010000110001010111110111010001111000,b111010001100101011100110111010000110001010111110111010001111000,b11111010000,b111010001100101011100110111010000110001010111110111010001111000,b100111000100000
1960000,b11110111,1,bx,1,0,1,0,0,1,0,0,b1010101001010101,b1000,b1010000,1,1,0,b1010101001010101,b1010,b1,b1010010110100101,1,b10,bx,b0,1,b11110111,b10,b101010000000000,bx,b111010001100101011100110111010000110001010111110111010001111000,b111010001100101011100110111010000110001010111110111010001111000,b11111010000,b111010001100101011100110111010000110001010111110111010001111000,b100111000100000
1970000,b11110111,1,bx,1,0,1,1,0,1,0,0,b1010101001010101,b1000,b1010001,1,1,0,b1010101001010101,b1010,b10,b1010010110100101,1,b10,bx,b0,1,b11110111,b10,b101010000000000,bx,b111010001100101011100110111010000110001010111110111010001111000,b111010001100101011100110111010000110001010111110111010001111000,b11111010000,b111010001100101011100110111010000110001010111110111010001111000,b100111000100000
1980000,b11110111,1,bx,1,0,1,0,0,1,0,0,b1010101001010101,b1000,b1010001,1,1,0,b1010101001010101,b1010,b10,b1010010110100101,1,b10,bx,b0,1,b11110111,b10,b101010000000000,bx,b111010001100101011100110111010000110001010111110111010001111000,b111010001100101011100110111010000110001010111110111010001111000,b11111010000,b111010001100101011100110111010000110001010111110111010001111000,b100111000100000
1990000,b11110111,1,bx,1,0,1,1,0,1,0,0,b1010101001010101,b1000,b1010010,1,1,0,b1010101001010101,b1010,b11,b1010010110100101,1,b10,bx,b0,1,b11110111,b10,b101010000000000,bx,b111010001100101011100110111010000110001010111110111010001111000,b111010001100101011100110111010000110001010111110111010001111000,b11111010000,b111010001100101011100110111010000110001010111110111010001111000,b100111000100000
2000000,b11110111,1,bx,1,0,1,0,0,1,0,0,b1010101001010101,b1000,b1010010,1,1,0,b1010101001010101,b1010,b11,b1010010110100101,1,b10,bx,b0,1,b11110111,b10,b101010000000000,bx,b111010001100101011100110111010000110001010111110111010001111000,b111010001100101011100110111010000110001010111110111010001111000,b11111010000,b111010001100101011100110111010000110001010111110111010001111000,b100111000100000
2010000,b11110111,1,bx,1,0,1,1,0,1,0,0,b1010101001010101,b1000,b1010011,1,1,0,b1010101001010101,b1010,b0,b1010010110100101,1,b10,bx,b0,0,b11110111,b10,b101010000000000,bx,b111010001100101011100110111010000110001010111110111010001111000,b111010001100101011100110111010000110001010111110111010001111000,b11111010000,b111010001100101011100110111010000110001010111110111010001111000,b100111000100000
2020000,b11110111,1,bx,1,0,1,0,0,1,0,0,b1010101001010101,b1000,b1010011,1,1,0,b1010101001010101,b1010,b0,b1010010110100101,1,b10,bx,b0,0,b11110111,b10,b101010000000000,bx,b111010001100101011100110111010000110001010111110111010001111000,b111010001100101011100110111010000110001010111110111010001111000,b11111010000,b111010001100101011100110111010000110001010111110111010001111000,b100111000100000
2030000,b11110111,0,bx,0,0,1,1,0,1,0,0,b1010101001010101,b1000,b1010100,1,1,0,b1010101001010101,b1011,b1,b1010010110100101,0,b10,bx,b0,0,b11110111,b10,b1010100000000000,bx,b111010001100101011100110111010000110001010111110111010001111000,b111010001100101011100110111010000110001010111110111010001111000,b11111010000,b111010001100101011100110111010000110001010111110111010001111000,b100111000100000
2040000,b11110111,0,bx,0,0,1,0,0,1,0,0,b1010101001010101,b1000,b1010100,1,1,0,b1010101001010101,b1011,b1,b1010010110100101,0,b10,bx,b0,0,b11110111,b10,b1010100000000000,bx,b111010001100101011100110111010000110001010111110111010001111000,b111010001100101011100110111010000110001010111110111010001111000,b11111010000,b111010001100101011100110111010000110001010111110111010001111000,b100111000100000
2050000,b11110111,0,bx,0,0,1,1,0,1,0,0,b1010101001010101,b1000,b1010101,1,1,0,b1010101001010101,b1011,b10,b1010010110100101,0,b10,bx,b0,0,b11110111,b10,b1010100000000000,bx,b111010001100101011100110111010000110001010111110111010001111000,b111010001100101011100110111010000110001010111110111010001111000,b11111010000,b111010001100101011100110111010000110001010111110111010001111000,b100111000100000
2060000,b11110111,0,bx,0,0,1,0,0,1,0,0,b1010101001010101,b1000,b1010101,1,1,0,b1010101001010101,b1011,b10,b1010010110100101,0,b10,bx,b0,0,b11110111,b10,b1010100000000000,bx,b111010001100101011100110111010000110001010111110111010001111000,b111010001100101011100110111010000110001010111110111010001111000,b11111010000,b111010001100101011100110111010000110001010111110111010001111000,b100111000100000
2070000,b11110111,0,bx,0,0,1,1,0,1,0,0,b1010101001010101,b1000,b1010110,1,1,0,b1010101001010101,b1011,b11,b1010010110100101,0,b10,bx,b0,0,b11110111,b10,b1010100000000000,bx,b111010001100101011100110111010000110001010111110111010001111000,b111010001100101011100110111010000110001010111110111010001111000,b11111010000,b111010001100101011100110111010000110001010111110111010001111000,b100111000100000
2080000,b11110111,0,bx,0,0,1,0,0,1,0,0,b1010101001010101,b1000,b1010110,1,1,0,b1010101001010101,b1011,b11,b1010010110100101,0,b10,bx,b0,0,b11110111,b10,b1010100000000000,bx,b111010001100101011100110111010000110001010111110111010001111000,b111010001100101011100110111010000110001010111110111010001111000,b11111010000,b111010001100101011100110111010000110001010111110111010001111000,b100111000100000
2090000,b11110111,0,bx,0,0,1,1,0,1,0,0,b1010101001010101,b1000,b1010111,1,1,0,b1010101001010101,b1011,b0,b1010010110100101,0,b10,bx,b0,1,b11110111,b10,b1010100000000000,bx,b111010001100101011100110111010000110001010111110111010001111000,b111010001100101011100110111010000110001010111110111010001111000,b11111010000,b111010001100101011100110111010000110001010111110111010001111000,b100111000100000
2100000,b11110111,0,bx,0,0,1,0,0,1,0,0,b1010101001010101,b1000,b1010111,1,1,0,b1010101001010101,b1011,b0,b1010010110100101,0,b10,bx,b0,1,b11110111,b10,b1010100000000000,bx,b111010001100101011100110111010000110001010111110111010001111000,b111010001100101011100110111010000110001010111110111010001111000,b11111010000,b111010001100101011100110111010000110001010111110111010001111000,b100111000100000
2110000,b11110111,1,bx,0,0,1,1,0,1,0,0,b1010101001010101,b1000,b1011000,1,1,0,b1010101001010101,b1011,b1,b1010010110100101,1,b10,bx,b0,1,b11110111,b10,b1010100000000000,bx,b111010001100101011100110111010000110001010111110111010001111000,b111010001100101011100110111010000110001010111110111010001111000,b11111010000,b111010001100101011100110111010000110001010111110111010001111000,b100111000100000
2120000,b11110111,1,bx,0,0,1,0,0,1,0,0,b1010101001010101,b1000,b1011000,1,1,0,b1010101001010101,b1011,b1,b1010010110100101,1,b10,bx,b0,1,b11110111,b10,b1010100000000000,bx,b111010001100101011100110111010000110001010111110111010001111000,b111010001100101011100110111010000110001010111110111010001111000,b11111010000,b111010001100101011100110111010000110001010111110111010001111000,b100111000100000
2130000,b11110111,1,bx,0,0,1,1,0,1,0,0,b1010101001010101,b1000,b1011001,1,1,0,b1010101001010101,b1011,b10,b1010010110100101,1,b10,bx,b0,1,b11110111,b10,b1010100000000000,bx,b111010001100101011100110111010000110001010111110111010001111000,b111010001100101011100110111010000110001010111110111010001111000,b11111010000,b111010001100101011100110111010000110001010111110111010001111000,b100111000100000
2140000,b11110111,1,bx,0,0,1,0,0,1,0,0,b1010101001010101,b1000,b1011001,1,1,0,b1010101001010101,b1011,b10,b1010010110100101,1,b10,bx,b0,1,b11110111,b10,b1010100000000000,bx,b111010001100101011100110111010000110001010111110111010001111000,b111010001100101011100110111010000110001010111110111010001111000,b11111010000,b111010001100101011100110111010000110001010111110111010001111000,b100111000100000
2150000,b11110111,1,bx,0,0,1,1,0,1,0,0,b1010101001010101,b1000,b1011010,1,1,0,b1010101001010101,b1011,b11,b1010010110100101,1,b10,bx,b0,1,b11110111,b10,b1010100000000000,bx,b111010001100101011100110111010000110001010111110111010001111000,b111010001100101011100110111010000110001010111110111010001111000,b11111010000,b111010001100101011100110111010000110001010111110111010001111000,b100111000100000
2160000,b11110111,1,bx,0,0,1,0,0,1,0,0,b1010101001010101,b1000,b1011010,1,1,0,b1010101001010101,b1011,b11,b1010010110100101,1,b10,bx,b0,1,b11110111,b10,b1010100000000000,bx,b111010001100101011100110111010000110001010111110111010001111000,b111010001100101011100110111010000110001010111110111010001111000,b11111010000,b111010001100101011100110111010000110001010111110111010001111000,b100111000100000
2170000,b11110111,1,bx,0,0,1,1,0,1,0,0,b1010101001010101,b1000,b1011011,1,1,0,b1010101001010101,b1011,b0,b1010010110100101,1,b10,bx,b0,0,b11110111,b10,b1010100000000000,bx,b111010001100101011100110111010000110001010111110111010001111000,b111010001100101011100110111010000110001010111110111010001111000,b11111010000,b111010001100101011100110111010000110001010111110111010001111000,b100111000100000
2180000,b11110111,1,bx,0,0,1,0,0,1,0,0,b1010101001010101,b1000,b1011011,1,1,0,b1010101001010101,b1011,b0,b1010010110100101,1,b10,bx,b0,0,b11110111,b10,b1010100000000000,bx,b111010001100101011100110111010000110001010111110111010001111000,b111010001100101011100110111010000110001010111110111010001111000,b11111010000,b111010001100101011100110111010000110001010111110111010001111000,b100111000100000
2190000,b11110111,0,bx,1,0,1,1,0,1,0,0,b1010101001010101,b1000,b1011100,1,1,0,b1010101001010101,b1100,b1,b1010010110100101,0,b10,bx,b0,0,b11110111,b10,b101000000000000,bx,b111010001100101011100110111010000110001010111110111010001111000,b111010001100101011100110111010000110001010111110111010001111000,b11111010000,b111010001100101011100110111010000110001010111110111010001111000,b100111000100000
2200000,b11110111,0,bx,1,0,1,0,0,1,0,0,b1010101001010101,b1000,b1011100,1,1,0,b1010101001010101,b1100,b1,b1010010110100101,0,b10,bx,b0,0,b11110111,b10,b101000000000000,bx,b111010001100101011100110111010000110001010111110111010001111000,b111010001100101011100110111010000110001010111110111010001111000,b11111010000,b111010001100101011100110111010000110001010111110111010001111000,b100111000100000
2210000,b11110111,0,bx,1,0,1,1,0,1,0,0,b1010101001010101,b1000,b1011101,1,1,0,b1010101001010101,b1100,b10,b1010010110100101,0,b10,bx,b0,0,b11110111,b10,b101000000000000,bx,b111010001100101011100110111010000110001010111110111010001111000,b111010001100101011100110111010000110001010111110111010001111000,b11111010000,b111010001100101011100110111010000110001010111110111010001111000,b100111000100000
2220000,b11110111,0,bx,1,0,1,0,0,1,0,0,b1010101001010101,b1000,b1011101,1,1,0,b1010101001010101,b1100,b10,b1010010110100101,0,b10,bx,b0,0,b11110111,b10,b101000000000000,bx,b111010001100101011100110111010000110001010111110111010001111000,b111010001100101011100110111010000110001010111110111010001111000,b11111010000,b111010001100101011100110111010000110001010111110111010001111000,b100111000100000
2230000,b11110111,0,bx,1,0,1,1,0,1,0,0,b1010101001010101,b1000,b1011110,1,1,0,b1010101001010101,b1100,b11,b1010010110100101,0,b10,bx,b0,0,b11110111,b10,b101000000000000,bx,b111010001100101011100110111010000110001010111110111010001111000,b111010001100101011100110111010000110001010111110111010001111000,b11111010000,b111010001100101011100110111010000110001010111110111010001111000,b100111000100000
2240000,b11110111,0,bx,1,0,1,0,0,1,0,0,b1010101001010101,b1000,b1011110,1,1,0,b1010101001010101,b1100,b11,b1010010110100101,0,b10,bx,b0,0,b11110111,b10,b101000000000000,bx,b111010001100101011100110111010000110001010111110111010001111000,b111010001100101011100110111010000110001010111110111010001111000,b11111010000,b111010001100101011100110111010000110001010111110111010001111000,b100111000100000
2250000,b11110111,0,bx,1,0,1,1,0,1,0,0,b1010101001010101,b1000,b1011111,1,1,0,b1010101001010101,b1100,b0,b1010010110100101,0,b10,bx,b0,1,b11110111,b10,b101000000000000,bx,b111010001100101011100110111010000110001010111110111010001111000,b111010001100101011100110111010000110001010111110111010001111000,b11111010000,b111010001100101011100110111010000110001010111110111010001111000,b100111000100000
2260000,b11110111,0,bx,1,0,1,0,0,1,0,0,b1010101001010101,b1000,b1011111,1,1,0,b1010101001010101,b1100,b0,b1010010110100101,0,b10,bx,b0,1,b11110111,b10,b101000000000000,bx,b111010001100101011100110111010000110001010111110111010001111000,b111010001100101011100110111010000110001010111110111010001111000,b11111010000,b111010001100101011100110111010000110001010111110111010001111000,b100111000100000
2270000,b11110111,1,bx,1,0,1,1,0,1,0,0,b1010101001010101,b1000,b1100000,1,1,0,b1010101001010101,b1100,b1,b1010010110100101,1,b10,bx,b0,1,b11110111,b10,b101000000000000,bx,b111010001100101011100110111010000110001010111110111010001111000,b111010001100101011100110111010000110001010111110111010001111000,b11111010000,b111010001100101011100110111010000110001010111110111010001111000,b100111000100000
2280000,b11110111,1,bx,1,0,1,0,0,1,0,0,b1010101001010101,b1000,b1100000,1,1,0,b1010101001010101,b1100,b1,b1010010110100101,1,b10,bx,b0,1,b11110111,b10,b101000000000000,bx,b111010001100101011100110111010000110001010111110111010001111000,b111010001100101011100110111010000110001010111110111010001111000,b11111010000,b111010001100101011100110111010000110001010111110111010001111000,b100111000100000
2290000,b11110111,1,bx,1,0,1,1,0,1,0,0,b1010101001010101,b1000,b1100001,1,1,0,b1010101001010101,b1100,b10,b1010010110100101,1,b10,bx,b0,1,b11110111,b10,b101000000000000,bx,b111010001100101011100110111010000110001010111110111010001111000,b111010001100101011100110111010000110001010111110111010001111000,b11111010000,b111010001100101011100110111010000110001010111110111010001111000,b100111000100000
2300000,b11110111,1,bx,1,0,1,0,0,1,0,0,b1010101001010101,b1000,b1100001,1,1,0,b1010101001010101,b1100,b10,b1010010110100101,1,b10,bx,b0,1,b11110111,b10,b101000000000000,bx,b111010001100101011100110111010000110001010111110111010001111000,b111010001100101011100110111010000110001010111110111010001111000,b11111010000,b111010001100101011100110111010000110001010111110111010001111000,b100111000100000
2310000,b11110111,1,bx,1,0,1,1,0,1,0,0,b1010101001010101,b1000,b1100010,1,1,0,b1010101001010101,b1100,b11,b1010010110100101,1,b10,bx,b0,1,b11110111,b10,b101000000000000,bx,b111010001100101011100110111010000110001010111110111010001111000,b111010001100101011100110111010000110001010111110111010001111000,b11111010000,b111010001100101011100110111010000110001010111110111010001111000,b100111000100000
2320000,b11110111,1,bx,1,0,1,0,0,1,0,0,b1010101001010101,b1000,b1100010,1,1,0,b1010101001010101,b1100,b11,b1010010110100101,1,b10,bx,b0,1,b11110111,b10,b101000000000000,bx,b111010001100101011100110111010000110001010111110111010001111000,b111010001100101011100110111010000110001010111110111010001111000,b11111010000,b111010001100101011100110111010000110001010111110111010001111000,b100111000100000
2330000,b11110111,1,bx,1,0,1,1,0,1,0,0,b1010101001010101,b1000,b1100011,1,1,0,b1010101001010101,b1100,b0,b1010010110100101,1,b10,bx,b0,0,b11110111,b10,b101000000000000,bx,b111010001100101011100110111010000110001010111110111010001111000,b111010001100101011100110111010000110001010111110111010001111000,b11111010000,b111010001100101011100110111010000110001010111110111010001111000,b100111000100000
2340000,b11110111,1,bx,1,0,1,0,0,1,0,0,b1010101001010101,b1000,b1100011,1,1,0,b1010101001010101,b1100,b0,b1010010110100101,1,b10,bx,b0,0,b11110111,b10,b101000000000000,bx,b111010001100101011100110111010000110001010111110111010001111000,b111010001100101011100110111010000110001010111110111010001111000,b11111010000,b111010001100101011100110111010000110001010111110111010001111000,b100111000100000
2350000,b11110111,0,bx,0,0,1,1,0,1,0,0,b1010101001010101,b1000,b1100100,1,1,0,b1010101001010101,b1101,b1,b1010010110100101,0,b10,bx,b0,0,b11110111,b10,b1010000000000000,bx,b111010001100101011100110111010000110001010111110111010001111000,b111010001100101011100110111010000110001010111110111010001111000,b11111010000,b111010001100101011100110111010000110001010111110111010001111000,b100111000100000
2360000,b11110111,0,bx,0,0,1,0,0,1,0,0,b1010101001010101,b1000,b1100100,1,1,0,b1010101001010101,b1101,b1,b1010010110100101,0,b10,bx,b0,0,b11110111,b10,b1010000000000000,bx,b111010001100101011100110111010000110001010111110111010001111000,b111010001100101011100110111010000110001010111110111010001111000,b11111010000,b111010001100101011100110111010000110001010111110111010001111000,b100111000100000
2370000,b11110111,0,bx,0,0,1,1,0,1,0,0,b1010101001010101,b1000,b1100101,1,1,0,b1010101001010101,b1101,b10,b1010010110100101,0,b10,bx,b0,0,b11110111,b10,b1010000000000000,bx,b111010001100101011100110111010000110001010111110111010001111000,b111010001100101011100110111010000110001010111110111010001111000,b11111010000,b111010001100101011100110111010000110001010111110111010001111000,b100111000100000
2380000,b11110111,0,bx,0,0,1,0,0,1,0,0,b1010101001010101,b1000,b1100101,1,1,0,b1010101001010101,b1101,b10,b1010010110100101,0,b10,bx,b0,0,b11110111,b10,b1010000000000000,bx,b111010001100101011100110111010000110001010111110111010001111000,b111010001100101011100110111010000110001010111110111010001111000,b11111010000,b111010001100101011100110111010000110001010111110111010001111000,b100111000100000
2390000,b11110111,0,bx,0,0,1,1,0,1,0,0,b1010101001010101,b1000,b1100110,1,1,0,b1010101001010101,b1101,b11,b1010010110100101,0,b10,bx,b0,0,b11110111,b10,b1010000000000000,bx,b111010001100101011100110111010000110001010111110111010001111000,b111010001100101011100110111010000110001010111110111010001111000,b11111010000,b111010001100101011100110111010000110001010111110111010001111000,b100111000100000
2400000,b11110111,0,bx,0,0,1,0,0,1,0,0,b1010101001010101,b1000,b1100110,1,1,0,b1010101001010101,b1101,b11,b1010010110100101,0,b10,bx,b0,0,b11110111,b10,b1010000000000000,bx,b111010001100101011100110111010000110001010111110111010001111000,b111010001100101011100110111010000110001010111110111010001111000,b11111010000,b111010001100101011100110111010000110001010111110111010001111000,b100111000100000
2410000,b11110111,0,bx,0,0,1,1,0,1,0,0,b1010101001010101,b1000,b1100111,1,1,0,b1010101001010101,b1101,b0,b1010010110100101,0,b10,bx,b0,1,b11110111,b10,b1010000000000000,bx,b111010001100101011100110111010000110001010111110111010001111000,b111010001100101011100110111010000110001010111110111010001111000,b11111010000,b111010001100101011100110111010000110001010111110111010001111000,b100111000100000
2420000,b11110111,0,bx,0,0,1,0,0,1,0,0,b1010101001010101,b1000,b1100111,1,1,0,b1010101001010101,b1101,b0,b1010010110100101,0,b10,bx,b0,1,b11110111,b10,b1010000000000000,bx,b111010001100101011100110111010000110001010111110111010001111000,b111010001100101011100110111010000110001010111110111010001111000,b11111010000,b111010001100101011100110111010000110001010111110111010001111000,b100111000100000
2430000,b11110111,1,bx,0,0,1,1,0,1,0,0,b1010101001010101,b1000,b1101000,1,1,0,b1010101001010101,b1101,b1,b1010010110100101,1,b10,bx,b0,1,b11110111,b10,b1010000000000000,bx,b111010001100101011100110111010000110001010111110111010001111000,b111010001100101011100110111010000110001010111110111010001111000,b11111010000,b111010001100101011100110111010000110001010111110111010001111000,b100111000100000
2440000,b11110111,1,bx,0,0,1,0,0,1,0,0,b1010101001010101,b1000,b1101000,1,1,0,b1010101001010101,b1101,b1,b1010010110100101,1,b10,bx,b0,1,b11110111,b10,b1010000000000000,bx,b111010001100101011100110111010000110001010111110111010001111000,b111010001100101011100110111010000110001010111110111010001111000,b11111010000,b111010001100101011100110111010000110001010111110111010001111000,b100111000100000
2450000,b11110111,1,bx,0,0,1,1,0,1,0,0,b1010101001010101,b1000,b1101001,1,1,0,b1010101001010101,b1101,b10,b1010010110100101,1,b10,bx,b0,1,b11110111,b10,b1010000000000000,bx,b111010001100101011100110111010000110001010111110111010001111000,b111010001100101011100110111010000110001010111110111010001111000,b11111010000,b111010001100101011100110111010000110001010111110111010001111000,b100111000100000
2460000,b11110111,1,bx,0,0,1,0,0,1,0,0,b1010101001010101,b1000,b1101001,1,1,0,b1010101001010101,b1101,b10,b1010010110100101,1,b10,bx,b0,1,b11110111,b10,b1010000000000000,bx,b111010001100101011100110111010000110001010111110111010001111000,b111010001100101011100110111010000110001010111110111010001111000,b11111010000,b111010001100101011100110111010000110001010111110111010001111000,b100111000100000
2470000,b11110111,1,bx,0,0,1,1,0,1,0,0,b1010101001010101,b1000,b1101010,1,1,0,b1010101001010101,b1101,b11,b1010010110100101,1,b10,bx,b0,1,b11110111,b10,b1010000000000000,bx,b111010001100101011100110111010000110001010111110111010001111000,b111010001100101011100110111010000110001010111110111010001111000,b11111010000,b111010001100101011100110111010000110001010111110111010001111000,b100111000100000
2480000,b11110111,1,bx,0,0,1,0,0,1,0,0,b1010101001010101,b1000,b1101010,1,1,0,b1010101001010101,b1101,b11,b1010010110100101,1,b10,bx,b0,1,b11110111,b10,b1010000000000000,bx,b111010001100101011100110111010000110001010111110111010001111000,b111010001100101011100110111010000110001010111110111010001111000,b11111010000,b111010001100101011100110111010000110001010111110111010001111000,b100111000100000
2490000,b11110111,1,bx,0,0,1,1,0,1,0,0,b1010101001010101,b1000,b1101011,1,1,0,b1010101001010101,b1101,b0,b1010010110100101,1,b10,bx,b0,0,b11110111,b10,b1010000000000000,bx,b111010001100101011100110111010000110001010111110111010001111000,b111010001100101011100110111010000110001010111110111010001111000,b11111010000,b111010001100101011100110111010000110001010111110111010001111000,b100111000100000
2500000,b11110111,1,bx,0,0,1,0,0,1,0,0,b1010101001010101,b1000,b1101011,1,1,0,b1010101001010101,b1101,b0,b1010010110100101,1,b10,bx,b0,0,b11110111,b10,b1010000000000000,bx,b111010001100101011100110111010000110001010111110111010001111000,b111010001100101011100110111010000110001010111110111010001111000,b11111010000,b111010001100101011100110111010000110001010111110111010001111000,b100111000100000
2510000,b11110111,0,bx,1,0,1,1,0,1,0,0,b1010101001010101,b1000,b1101100,1,1,0,b1010101001010101,b1110,b1,b1010010110100101,0,b10,bx,b0,0,b11110111,b10,b100000000000000,bx,b111010001100101011100110111010000110001010111110111010001111000,b111010001100101011100110111010000110001010111110111010001111000,b11111010000,b111010001100101011100110111010000110001010111110111010001111000,b100111000100000
2520000,b11110111,0,bx,1,0,1,0,0,1,0,0,b1010101001010101,b1000,b1101100,1,1,0,b1010101001010101,b1110,b1,b1010010110100101,0,b10,bx,b0,0,b11110111,b10,b100000000000000,bx,b111010001100101011100110111010000110001010111110111010001111000,b111010001100101011100110111010000110001010111110111010001111000,b11111010000,b111010001100101011100110111010000110001010111110111010001111000,b100111000100000
2530000,b11110111,0,bx,1,0,1,1,0,1,0,0,b1010101001010101,b1000,b1101101,1,1,0,b1010101001010101,b1110,b10,b1010010110100101,0,b10,bx,b0,0,b11110111,b10,b100000000000000,bx,b111010001100101011100110111010000110001010111110111010001111000,b111010001100101011100110111010000110001010111110111010001111000,b11111010000,b111010001100101011100110111010000110001010111110111010001111000,b100111000100000
2540000,b11110111,0,bx,1,0,1,0,0,1,0,0,b1010101001010101,b1000,b1101101,1,1,0,b1010101001010101,b1110,b10,b1010010110100101,0,b10,bx,b0,0,b11110111,b10,b100000000000000,bx,b111010001100101011100110111010000110001010111110111010001111000,b111010001100101011100110111010000110001010111110111010001111000,b11111010000,b111010001100101011100110111010000110001010111110111010001111000,b100111000100000
2550000,b11110111,0,bx,1,0,1,1,0,1,0,0,b1010101001010101,b1000,b1101110,1,1,0,b1010101001010101,b1110,b11,b1010010110100101,0,b10,bx,b0,0,b11110111,b10,b100000000000000,bx,b111010001100101011100110111010000110001010111110111010001111000,b111010001100101011100110111010000110001010111110111010001111000,b11111010000,b111010001100101011100110111010000110001010111110111010001111000,b100111000100000
2560000,b11110111,0,bx,1,0,1,0,0,1,0,0,b1010101001010101,b1000,b1101110,1,1,0,b1010101001010101,b1110,b11,b1010010110100101,0,b10,bx,b0,0,b11110111,b10,b100000000000000,bx,b111010001100101011100110111010000110001010111110111010001111000,b111010001100101011100110111010000110001010111110111010001111000,b11111010000,b111010001100101011100110111010000110001010111110111010001111000,b100111000100000
2570000,b11110111,0,bx,1,0,1,1,0,1,0,0,b1010101001010101,b1000,b1101111,1,1,0,b1010101001010101,b1110,b0,b1010010110100101,0,b10,bx,b0,1,b11110111,b10,b100000000000000,bx,b111010001100101011100110111010000110001010111110111010001111000,b111010001100101011100110111010000110001010111110111010001111000,b11111010000,b111010001100101011100110111010000110001010111110111010001111000,b100111000100000
2580000,b11110111,0,bx,1,0,1,0,0,1,0,0,b1010101001010101,b1000,b1101111,1,1,0,b1010101001010101,b1110,b0,b1010010110100101,0,b10,bx,b0,1,b11110111,b10,b100000000000000,bx,b111010001100101011100110111010000110001010111110111010001111000,b111010001100101011100110111010000110001010111110111010001111000,b11111010000,b111010001100101011100110111010000110001010111110111010001111000,b100111000100000
2590000,b11110111,1,bx,1,0,1,1,0,1,0,0,b1010101001010101,b1000,b1110000,1,1,0,b1010101001010101,b1110,b1,b1010010110100101,1,b10,bx,b0,1,b11110111,b10,b100000000000000,bx,b111010001100101011100110111010000110001010111110111010001111000,b111010001100101011100110111010000110001010111110111010001111000,b11111010000,b111010001100101011100110111010000110001010111110111010001111000,b100111000100000
2600000,b11110111,1,bx,1,0,1,0,0,1,0,0,b1010101001010101,b1000,b1110000,1,1,0,b1010101001010101,b1110,b1,b1010010110100101,1,b10,bx,b0,1,b11110111,b10,b100000000000000,bx,b111010001100101011100110111010000110001010111110111010001111000,b111010001100101011100110111010000110001010111110111010001111000,b11111010000,b111010001100101011100110111010000110001010111110111010001111000,b100111000100000
2610000,b11110111,1,bx,1,0,1,1,0,1,0,0,b1010101001010101,b1000,b1110001,1,1,0,b1010101001010101,b1110,b10,b1010010110100101,1,b10,bx,b0,1,b11110111,b10,b100000000000000,bx,b111010001100101011100110111010000110001010111110111010001111000,b111010001100101011100110111010000110001010111110111010001111000,b11111010000,b111010001100101011100110111010000110001010111110111010001111000,b100111000100000
2620000,b11110111,1,bx,1,0,1,0,0,1,0,0,b1010101001010101,b1000,b1110001,1,1,0,b1010101001010101,b1110,b10,b1010010110100101,1,b10,bx,b0,1,b11110111,b10,b100000000000000,bx,b111010001100101011100110111010000110001010111110111010001111000,b111010001100101011100110111010000110001010111110111010001111000,b11111010000,b111010001100101011100110111010000110001010111110111010001111000,b100111000100000
2630000,b11110111,1,bx,1,0,1,1,0,1,0,0,b1010101001010101,b1000,b1110010,1,1,0,b1010101001010101,b1110,b11,b1010010110100101,1,b10,bx,b0,1,b11110111,b10,b100000000000000,bx,b111010001100101011100110111010000110001010111110111010001111000,b111010001100101011100110111010000110001010111110111010001111000,b11111010000,b111010001100101011100110111010000110001010111110111010001111000,b100111000100000
2640000,b11110111,1,bx,1,0,1,0,0,1,0,0,b1010101001010101,b1000,b1110010,1,1,0,b1010101001010101,b1110,b11,b1010010110100101,1,b10,bx,b0,1,b11110111,b10,b100000000000000,bx,b111010001100101011100110111010000110001010111110111010001111000,b111010001100101011100110111010000110001010111110111010001111000,b11111010000,b111010001100101011100110111010000110001010111110111010001111000,b100111000100000
2650000,b11110111,1,bx,1,0,1,1,0,1,0,0,b1010101001010101,b1000,b1110011,1,1,0,b1010101001010101,b1110,b0,b1010010110100101,1,b10,bx,b0,0,b11110111,b10,b100000000000000,bx,b111010001100101011100110111010000110001010111110111010001111000,b111010001100101011100110111010000110001010111110111010001111000,b11111010000,b111010001100101011100110111010000110001010111110111010001111000,b100111000100000
2660000,b11110111,1,bx,1,0,1,0,0,1,0,0,b1010101001010101,b1000,b1110011,1,1,0,b1010101001010101,b1110,b0,b1010010110100101,1,b10,bx,b0,0,b11110111,b10,b100000000000000,bx,b111010001100101011100110111010000110001010111110111010001111000,b111010001100101011100110111010000110001010111110111010001111000,b11111010000,b111010001100101011100110111010000110001010111110111010001111000,b100111000100000
2670000,b11110111,0,bx,0,0,1,1,0,1,0,0,b1010101001010101,b1000,b1110100,1,1,0,b1010101001010101,b1111,b1,b1010010110100101,0,b10,bx,b0,0,b11110111,b10,b1000000000000000,bx,b111010001100101011100110111010000110001010111110111010001111000,b111010001100101011100110111010000110001010111110111010001111000,b11111010000,b111010001100101011100110111010000110001010111110111010001111000,b100111000100000
2680000,b11110111,0,bx,0,0,1,0,0,1,0,0,b1010101001010101,b1000,b1110100,1,1,0,b1010101001010101,b1111,b1,b1010010110100101,0,b10,bx,b0,0,b11110111,b10,b1000000000000000,bx,b111010001100101011100110111010000110001010111110111010001111000,b111010001100101011100110111010000110001010111110111010001111000,b11111010000,b111010001100101011100110111010000110001010111110111010001111000,b100111000100000
2690000,b11110111,0,bx,0,0,1,1,0,1,0,0,b1010101001010101,b1000,b1110101,1,1,0,b1010101001010101,b1111,b10,b1010010110100101,0,b10,bx,b0,0,b11110111,b10,b1000000000000000,bx,b111010001100101011100110111010000110001010111110111010001111000,b111010001100101011100110111010000110001010111110111010001111000,b11111010000,b111010001100101011100110111010000110001010111110111010001111000,b100111000100000
2700000,b11110111,0,bx,0,0,1,0,0,1,0,0,b1010101001010101,b1000,b1110101,1,1,0,b1010101001010101,b1111,b10,b1010010110100101,0,b10,bx,b0,0,b11110111,b10,b1000000000000000,bx,b111010001100101011100110111010000110001010111110111010001111000,b111010001100101011100110111010000110001010111110111010001111000,b11111010000,b111010001100101011100110111010000110001010111110111010001111000,b100111000100000
2710000,b11110111,0,bx,0,0,1,1,0,1,0,0,b1010101001010101,b1000,b1110110,1,1,0,b1010101001010101,b1111,b11,b1010010110100101,0,b10,bx,b0,0,b11110111,b10,b1000000000000000,bx,b111010001100101011100110111010000110001010111110111010001111000,b111010001100101011100110111010000110001010111110111010001111000,b11111010000,b111010001100101011100110111010000110001010111110111010001111000,b100111000100000
2720000,b11110111,0,bx,0,0,1,0,0,1,0,0,b1010101001010101,b1000,b1110110,1,1,0,b1010101001010101,b1111,b11,b1010010110100101,0,b10,bx,b0,0,b11110111,b10,b1000000000000000,bx,b111010001100101011100110111010000110001010111110111010001111000,b111010001100101011100110111010000110001010111110111010001111000,b11111010000,b111010001100101011100110111010000110001010111110111010001111000,b100111000100000
2730000,b11110111,0,bx,0,0,1,1,0,1,0,0,b1010101001010101,b1000,b1110111,1,1,0,b1010101001010101,b1111,b0,b1010010110100101,0,b10,bx,b0,1,b11110111,b10,b1000000000000000,bx,b111010001100101011100110111010000110001010111110111010001111000,b111010001100101011100110111010000110001010111110111010001111000,b11111010000,b111010001100101011100110111010000110001010111110111010001111000,b100111000100000
2740000,b11110111,0,bx,0,0,1,0,0,1,0,0,b1010101001010101,b1000,b1110111,1,1,0,b1010101001010101,b1111,b0,b1010010110100101,0,b10,bx,b0,1,b11110111,b10,b1000000000000000,bx,b111010001100101011100110111010000110001010111110111010001111000,b111010001100101011100110111010000110001010111110111010001111000,b11111010000,b111010001100101011100110111010000110001010111110111010001111000,b100111000100000
2750000,b11110111,1,bx,0,0,1,1,0,1,0,0,b1010101001010101,b1000,b1111000,1,1,0,b1010101001010101,b1111,b1,b1010010110100101,1,b10,bx,b0,1,b11110111,b10,b1000000000000000,bx,b111010001100101011100110111010000110001010111110111010001111000,b111010001100101011100110111010000110001010111110111010001111000,b11111010000,b111010001100101011100110111010000110001010111110111010001111000,b100111000100000
2760000,b11110111,1,bx,0,0,1,0,0,1,0,0,b1010101001010101,b1000,b1111000,1,1,0,b1010101001010101,b1111,b1,b1010010110100101,1,b10,bx,b0,1,b11110111,b10,b1000000000000000,bx,b111010001100101011100110111010000110001010111110111010001111000,b111010001100101011100110111010000110001010111110111010001111000,b11111010000,b111010001100101011100110111010000110001010111110111010001111000,b100111000100000
2770000,b11110111,1,bx,0,0,1,1,0,1,0,0,b1010101001010101,b1000,b1111001,1,1,0,b1010101001010101,b1111,b10,b1010010110100101,1,b10,bx,b0,1,b11110111,b10,b1000000000000000,bx,b111010001100101011100110111010000110001010111110111010001111000,b111010001100101011100110111010000110001010111110111010001111000,b11111010000,b111010001100101011100110111010000110001010111110111010001111000,b100111000100000
2780000,b11110111,1,bx,0,0,1,0,0,1,0,0,b1010101001010101,b1000,b1111001,1,1,0,b1010101001010101,b1111,b10,b1010010110100101,1,b10,bx,b0,1,b11110111,b10,b1000000000000000,bx,b111010001100101011100110111010000110001010111110111010001111000,b111010001100101011100110111010000110001010111110111010001111000,b11111010000,b111010001100101011100110111010000110001010111110111010001111000,b100111000100000
2790000,b11110111,1,bx,0,0,1,1,0,1,0,0,b1010101001010101,b1000,b1111010,1,1,0,b1010101001010101,b1111,b11,b1010010110100101,1,b10,bx,b0,1,b11110111,b10,b1000000000000000,bx,b111010001100101011100110111010000110001010111110111010001111000,b111010001100101011100110111010000110001010111110111010001111000,b11111010000,b111010001100101011100110111010000110001010111110111010001111000,b100111000100000
2800000,b11110111,1,bx,0,0,1,0,0,1,0,0,b1010101001010101,b1000,b1111010,1,1,0,b1010101001010101,b1111,b11,b1010010110100101,1,b10,bx,b0,1,b11110111,b10,b1000000000000000,bx,b111010001100101011100110111010000110001010111110111010001111000,b111010001100101011100110111010000110001010111110111010001111000,b11111010000,b111010001100101011100110111010000110001010111110111010001111000,b100111000100000
2810000,b11110111,1,bx,0,0,1,1,0,1,0,0,b1010101001010101,b1000,b1111011,1,1,0,b1010101001010101,b1111,b0,b1010010110100101,1,b10,bx,b0,0,b11110111,b10,b1000000000000000,bx,b111010001100101011100110111010000110001010111110111010001111000,b111010001100101011100110111010000110001010111110111010001111000,b11111010000,b111010001100101011100110111010000110001010111110111010001111000,b100111000100000
2820000,b11110111,1,bx,0,0,1,0,0,1,0,0,b1010101001010101,b1000,b1111011,1,1,0,b1010101001010101,b1111,b0,b1010010110100101,1,b10,bx,b0,0,b11110111,b10,b1000000000000000,bx,b111010001100101011100110111010000110001010111110111010001111000,b111010001100101011100110111010000110001010111110111010001111000,b11111010000,b111010001100101011100110111010000110001010111110111010001111000,b100111000100000
2830000,b11110111,0,bx,1,0,1,1,0,1,0,0,b1010101001010101,b1000,b1111100,1,1,0,b1010101001010101,b10000,b1,b1010010110100101,0,b10,bx,b0,0,b11110111,b10,b0,bx,b111010001100101011100110111010000110001010111110111010001111000,b111010001100101011100110111010000110001010111110111010001111000,b11111010000,b111010001100101011100110111010000110001010111110111010001111000,b100111000100000
2840000,b11110111,0,bx,1,0,1,0,0,1,0,0,b1010101001010101,b1000,b1111100,1,1,0,b1010101001010101,b10000,b1,b1010010110100101,0,b10,bx,b0,0,b11110111,b10,b0,bx,b111010001100101011100110111010000110001010111110111010001111000,b111010001100101011100110111010000110001010111110111010001111000,b11111010000,b111010001100101011100110111010000110001010111110111010001111000,b100111000100000
2850000,b11110111,0,bx,1,0,1,1,0,1,0,0,b1010101001010101,b1000,b1111101,1,1,0,b1010101001010101,b10000,b10,b1010010110100101,0,b10,bx,b0,0,b11110111,b10,b0,bx,b111010001100101011100110111010000110001010111110111010001111000,b111010001100101011100110111010000110001010111110111010001111000,b11111010000,b111010001100101011100110111010000110001010111110111010001111000,b100111000100000
2860000,b11110111,0,bx,1,0,1,0,0,1,0,0,b1010101001010101,b1000,b1111101,1,1,0,b1010101001010101,b10000,b10,b1010010110100101,0,b10,bx,b0,0,b11110111,b10,b0,bx,b111010001100101011100110111010000110001010111110111010001111000,b111010001100101011100110111010000110001010111110111010001111000,b11111010000,b111010001100101011100110111010000110001010111110111010001111000,b100111000100000
2870000,b11110111,0,bx,1,0,1,1,0,1,0,0,b1010101001010101,b1000,b1111110,1,1,0,b1010101001010101,b10000,b11,b1010010110100101,0,b10,bx,b0,0,b11110111,b10,b0,bx,b111010001100101011100110111010000110001010111110111010001111000,b111010001100101011100110111010000110001010111110111010001111000,b11111010000,b111010001100101011100110111010000110001010111110111010001111000,b100111000100000
2880000,b11110111,0,bx,1,0,1,0,0,1,0,0,b1010101001010101,b1000,b1111110,1,1,0,b1010101001010101,b10000,b11,b1010010110100101,0,b10,bx,b0,0,b11110111,b10,b0,bx,b111010001100101011100110111010000110001010111110111010001111000,b111010001100101011100110111010000110001010111110111010001111000,b11111010000,b111010001100101011100110111010000110001010111110111010001111000,b100111000100000
2890000,b11110111,0,bx,1,0,1,1,0,1,0,0,b1010101001010101,b1000,b1111111,1,1,0,b1010101001010101,b10000,b0,b1010010110100101,0,b100,bx,b0,1,b11110111,b10,b0,bx,b111010001100101011100110111010000110001010111110111010001111000,b111010001100101011100110111010000110001010111110111010001111000,b11111010000,b111010001100101011100110111010000110001010111110111010001111000,b100111000100000
2900000,b11110111,0,bx,1,0,1,0,0,1,0,0,b1010101001010101,b1000,b1111111,1,1,0,b1010101001010101,b10000,b0,b1010010110100101,0,b100,bx,b0,1,b11110111,b10,b0,bx,b111010001100101011100110111010000110001010111110111010001111000,b111010001100101011100110111010000110001010111110111010001111000,b11111010000,b111010001100101011100110111010000110001010111110111010001111000,b100111000100000
2910000,b11111111,1,b0,1,1,0,1,0,1,0,0,b1010101001010101,b1000,b10000000,1,1,0,b1010101001010101,b10000,b1,b1010010110100101,1,b0,b0,b0,1,b11111111,b100,b0,bx,b111010001100101011100110111010000110001010111110111010001111000,b111010001100101011100110111010000110001010111110111010001111000,b11111010000,b111010001100101011100110111010000110001010111110111010001111000,b100111000100000
2920000,b11111111,1,b0,1,1,0,0,0,1,0,0,b1010101001010101,b1000,b10000000,1,1,0,b1010101001010101,b10000,b1,b1010010110100101,1,b0,b0,b0,1,b11111111,b100,b0,bx,b111010001100101011100110111010000110001010111110111010001111000,b111010001100101011100110111010000110001010111110111010001111000,b11111010000,b111010001100101011100110111010000110001010111110111010001111000,b100111000100000
2930000,b11111111,1,b0,1,0,0,1,0,1,0,0,b1010101001010101,b1000,b10000001,1,1,0,b1010101001010101,b10000,b0,b1010010110100101,1,b0,b0,b0,1,b11111111,b0,b0,b111010001100101011100110111010000110001010111110111010001111000010111110110001101101111011011010111000001101100011001010111010001100101,b111010001100101011100110111010000110001010111110111010001111000,b111010001100101011100110111010000110001010111110111010001111000,b11111010000,b111010001100101011100110111010000110001010111110111010001111000,b100111000100000
2940000,b11111111,1,b0,1,0,0,0,0,1,0,0,b1010101001010101,b1000,b10000001,1,1,0,b1010101001010101,b10000,b0,b1010010110100101,1,b0,b0,b0,1,b11111111,b0,b0,b111010001100101011100110111010000110001010111110111010001111000010111110110001101101111011011010111000001101100011001010111010001100101,b111010001100101011100110111010000110001010111110111010001111000,b111010001100101011100110111010000110001010111110111010001111000,b11111010000,b111010001100101011100110111010000110001010111110111010001111000,b100111000100000
2950000,b11111111,1,b0,1,0,0,1,0,1,0,0,b1010101001010101,b1000,b10000001,1,1,0,b1010101001010101,b10000,b0,b1010010110100101,1,b0,b0,b0,1,b11111111,b0,b0,b111010001100101011100110111010000110001010111110111010001111000010111110110001101101111011011010111000001101100011001010111010001100101,b111010001100101011100110111010000110001010111110111010001111000,b111010001100101011100110111010000110001010111110111010001111000,b11111010000,b111010001100101011100110111010000110001010111110111010001111000,b100111000100000
2960000,b11111111,1,b0,1,0,0,0,0,1,0,0,b1010101001010101,b1000,b10000001,1,1,0,b1010101001010101,b10000,b0,b1010010110100101,1,b0,b0,b0,1,b11111111,b0,b0,b111010001100101011100110111010000110001010111110111010001111000010111110110001101101111011011010111000001101100011001010111010001100101,b111010001100101011100110111010000110001010111110111010001111000,b111010001100101011100110111010000110001010111110111010001111000,b11111010000,b111010001100101011100110111010000110001010111110111010001111000,b100111000100000
2970000,b11111111,1,b0,1,0,0,1,0,1,0,0,b1010101001010101,b1000,b10000001,1,1,0,b1010101001010101,b10000,b0,b1010010110100101,1,b0,b0,b0,1,b11111111,b0,b0,b111010001100101011100110111010000110001010111110111010001111000010111110110001101101111011011010111000001101100011001010111010001100101,b111010001100101011100110111010000110001010111110111010001111000,b111010001100101011100110111010000110001010111110111010001111000,b11111010000,b111010001100101011100110111010000110001010111110111010001111000,b100111000100000
2980000,b11111111,1,b0,1,0,0,0,0,1,0,0,b1010101001010101,b1000,b10000001,1,1,0,b1010101001010101,b10000,b0,b1010010110100101,1,b0,b0,b0,1,b11111111,b0,b0,b111010001100101011100110111010000110001010111110111010001111000010111110110001101101111011011010111000001101100011001010111010001100101,b111010001100101011100110111010000110001010111110111010001111000,b111010001100101011100110111010000110001010111110111010001111000,b11111010000,b111010001100101011100110111010000110001010111110111010001111000,b100111000100000
2990000,b11111111,1,b0,1,0,0,1,0,1,0,0,b1010101001010101,b1000,b10000001,1,1,0,b1010101001010101,b10000,b0,b1010010110100101,1,b0,b0,b0,1,b11111111,b0,b0,b111010001100101011100110111010000110001010111110111010001111000010111110110001101101111011011010111000001101100011001010111010001100101,b111010001100101011100110111010000110001010111110111010001111000,b111010001100101011100110111010000110001010111110111010001111000,b11111010000,b111010001100101011100110111010000110001010111110111010001111000,b100111000100000
3000000,b11111111,1,b0,1,0,0,0,0,1,0,0,b1010101001010101,b1000,b10000001,1,1,0,b1010101001010101,b10000,b0,b1010010110100101,1,b0,b0,b0,1,b11111111,b0,b0,b111010001100101011100110111010000110001010111110111010001111000010111110110001101101111011011010111000001101100011001010111010001100101,b111010001100101011100110111010000110001010111110111010001111000,b111010001100101011100110111010000110001010111110111010001111000,b11111010000,b111010001100101011100110111010000110001010111110111010001111000,b100111000100000
3010000,b11111111,1,b0,1,0,0,1,0,1,0,0,b1010101001010101,b1000,b10000001,1,1,0,b1010101001010101,b10000,b0,b1010010110100101,1,b0,b0,b0,1,b11111111,b0,b0,b111010001100101011100110111010000110001010111110111010001111000010111110110001101101111011011010111000001101100011001010111010001100101,b111010001100101011100110111010000110001010111110111010001111000,b111010001100101011100110111010000110001010111110111010001111000,b11111010000,b111010001100101011100110111010000110001010111110111010001111000,b100111000100000
3020000,b11111111,1,b0,1,0,0,0,0,1,0,0,b1010101001010101,b1000,b10000001,1,1,0,b1010101001010101,b10000,b0,b1010010110100101,1,b0,b0,b0,1,b11111111,b0,b0,b111010001100101011100110111010000110001010111110111010001111000010111110110001101101111011011010111000001101100011001010111010001100101,b111010001100101011100110111010000110001010111110111010001111000,b111010001100101011100110111010000110001010111110111010001111000,b11111010000,b111010001100101011100110111010000110001010111110111010001111000,b100111000100000
3030000,b11111111,1,b0,1,0,0,1,0,1,0,0,b1010101001010101,b1000,b10000001,1,1,0,b1010101001010101,b10000,b0,b1010010110100101,1,b0,b0,b0,1,b11111111,b0,b0,b111010001100101011100110111010000110001010111110111010001111000010111110110001101101111011011010111000001101100011001010111010001100101,b111010001100101011100110111010000110001010111110111010001111000,b111010001100101011100110111010000110001010111110111010001111000,b11111010000,b111010001100101011100110111010000110001010111110111010001111000,b100111000100000
3040000,b11111111,1,b0,1,0,0,0,0,1,0,0,b1010101001010101,b1000,b10000001,1,1,0,b1010101001010101,b10000,b0,b1010010110100101,1,b0,b0,b0,1,b11111111,b0,b0,b111010001100101011100110111010000110001010111110111010001111000010111110110001101101111011011010111000001101100011001010111010001100101,b111010001100101011100110111010000110001010111110111010001111000,b111010001100101011100110111010000110001010111110111010001111000,b11111010000,b111010001100101011100110111010000110001010111110111010001111000,b100111000100000
3050000,b11111111,1,b0,1,0,0,1,0,1,0,0,b1010101001010101,b1000,b10000001,1,1,0,b1010101001010101,b10000,b0,b1010010110100101,1,b0,b0,b0,1,b11111111,b0,b0,b111010001100101011100110111010000110001010111110111010001111000010111110110001101101111011011010111000001101100011001010111010001100101,b111010001100101011100110111010000110001010111110111010001111000,b111010001100101011100110111010000110001010111110111010001111000,b11111010000,b111010001100101011100110111010000110001010111110111010001111000,b100111000100000
3060000,b11111111,1,b0,1,0,0,0,0,1,0,0,b1010101001010101,b1000,b10000001,1,1,0,b1010101001010101,b10000,b0,b1010010110100101,1,b0,b0,b0,1,b11111111,b0,b0,b111010001100101011100110111010000110001010111110111010001111000010111110110001101101111011011010111000001101100011001010111010001100101,b111010001100101011100110111010000110001010111110111010001111000,b111010001100101011100110111010000110001010111110111010001111000,b11111010000,b111010001100101011100110111010000110001010111110111010001111000,b100111000100000
3070000,b11111111,1,b0,1,0,0,1,0,1,0,0,b1010101001010101,b1000,b10000001,1,1,0,b1010101001010101,b10000,b0,b1010010110100101,1,b0,b0,b0,1,b11111111,b0,b0,b111010001100101011100110111010000110001010111110111010001111000010111110110001101101111011011010111000001101100011001010111010001100101,b111010001100101011100110111010000110001010111110111010001111000,b111010001100101011100110111010000110001010111110111010001111000,b11111010000,b111010001100101011100110111010000110001010111110111010001111000,b100111000100000
3080000,b11111111,1,b0,1,0,0,0,0,1,0,0,b1010101001010101,b1000,b10000001,1,1,0,b1010101001010101,b10000,b0,b1010010110100101,1,b0,b0,b0,1,b11111111,b0,b0,b111010001100101011100110111010000110001010111110111010001111000010111110110001101101111011011010111000001101100011001010111010001100101,b111010001100101011100110111010000110001010111110111010001111000,b111010001100101011100110111010000110001010111110111010001111000,b11111010000,b111010001100101011100110111010000110001010111110111010001111000,b100111000100000
3090000,b11111111,1,b0,1,0,0,1,0,1,0,0,b1010101001010101,b1000,b10000001,1,1,0,b1010101001010101,b10000,b0,b1010010110100101,1,b0,b0,b0,1,b11111111,b0,b0,b111010001100101011100110111010000110001010111110111010001111000010111110110001101101111011011010111000001101100011001010111010001100101,b111010001100101011100110111010000110001010111110111010001111000,b111010001100101011100110111010000110001010111110111010001111000,b11111010000,b111010001100101011100110111010000110001010111110111010001111000,b100111000100000
3100000,b11111111,1,b0,1,0,0,0,0,1,0,0,b1010101001010101,b1000,b10000001,1,1,0,b1010101001010101,b10000,b0,b1010010110100101,1,b0,b0,b0,1,b11111111,b0,b0,b111010001100101011100110111010000110001010111110111010001111000010111110110001101101111011011010111000001101100011001010111010001100101,b111010001100101011100110111010000110001010111110111010001111000,b111010001100101011100110111010000110001010111110111010001111000,b11111010000,b111010001100101011100110111010000110001010111110111010001111000,b100111000100000
3110000,b11111111,1,b0,1,0,0,1,0,1,0,0,b1010101001010101,b1000,b10000001,1,1,0,b1010101001010101,b10000,b0,b1010010110100101,1,b0,b0,b0,1,b11111111,b0,b0,b111010001100101011100110111010000110001010111110111010001111000010111110110001101101111011011010111000001101100011001010111010001100101,b111010001100101011100110111010000110001010111110111010001111000,b111010001100101011100110111010000110001010111110111010001111000,b11111010000,b111010001100101011100110111010000110001010111110111010001111000,b100111000100000
3120000,b11111111,1,b0,1,0,0,0,0,1,0,0,b1010101001010101,b1000,b10000001,1,1,0,b1010101001010101,b10000,b0,b1010010110100101,1,b0,b0,b0,1,b11111111,b0,b0,b111010001100101011100110111010000110001010111110111010001111000010111110110001101101111011011010111000001101100011001010111010001100101,b111010001100101011100110111010000110001010111110111010001111000,b111010001100101011100110111010000110001010111110111010001111000,b11111010000,b111010001100101011100110111010000110001010111110111010001111000,b100111000100000
3130000,b11110111,1,b0,1,0,1,1,0,1,0,1,b101010101010101,b1000,b10000001,1,1,0,b101010101010101,b10000,b0,b1010010110100101,1,b10,b0,b0,1,b11110111,b1,b0,b111010001100101011100110111010000110001010111110111010001111000010111110110001101101111011011010111000001101100011001010111010001100101,b111010001100101011100110111010000110001010111110111010001111000,b111010001100101011100110111010000110001010111110111010001111000,b11111010000,b111010001100101011100110111010000110001010111110111010001111000,b100111000100000
3140000,b11110111,1,b0,1,0,1,0,0,1,0,1,b101010101010101,b1000,b10000001,1,1,0,b101010101010101,b10000,b0,b1010010110100101,1,b10,b0,b0,1,b11110111,b1,b0,b111010001100101011100110111010000110001010111110111010001111000010111110110001101101111011011010111000001101100011001010111010001100101,b111010001100101011100110111010000110001010111110111010001111000,b111010001100101011100110111010000110001010111110111010001111000,b11111010000,b111010001100101011100110111010000110001010111110111010001111000,b100111000100000
3150000,b11110111,1,b0,1,0,1,1,0,1,0,1,b101010101010101,b1000,b10000001,1,1,0,b101010101010101,b0,b0,b1010010110100101,1,b10,b0,b0,1,b11110111,b10,b101010101010101,b111010001100101011100110111010000110001010111110111010001111000010111110110001101101111011011010111000001101100011001010111010001100101,b111010001100101011100110111010000110001010111110111010001111000,b111010001100101011100110111010000110001010111110111010001111000,b11111010000,b111010001100101011100110111010000110001010111110111010001111000,b100111000100000
3160000,b11110111,1,b0,1,0,1,0,0,1,0,1,b101010101010101,b1000,b10000001,1,1,0,b101010101010101,b0,b0,b1010010110100101,1,b10,b0,b0,1,b11110111,b10,b101010101010101,b111010001100101011100110111010000110001010111110111010001111000010111110110001101101111011011010111000001101100011001010111010001100101,b111010001100101011100110111010000110001010111110111010001111000,b111010001100101011100110111010000110001010111110111010001111000,b11111010000,b111010001100101011100110111010000110001010111110111010001111000,b100111000100000
3170000,b11110111,1,b0,1,0,1,1,0,1,0,1,b101010101010101,b1000,b10000001,1,1,0,b101010101010101,b0,b1,b1010010110100101,1,b10,b0,b0,1,b11110111,b10,b101010101010101,b111010001100101011100110111010000110001010111110111010001111000010111110110001101101111011011010111000001101100011001010111010001100101,b111010001100101011100110111010000110001010111110111010001111000,b111010001100101011100110111010000110001010111110111010001111000,b11111010000,b111010001100101011100110111010000110001010111110111010001111000,b100111000100000
3180000,b11110111,1,b0,1,0,1,0,0,1,0,0,b101010101010101,b1000,b0,1,1,0,b101010101010101,b0,b1,b1010010110100101,1,b10,b0,b0,1,b11110111,b10,b101010101010101,b111010001100101011100110111010000110001010111110111010001111000010111110110001101101111011011010111000001101100011001010111010001100101,b111010001100101011100110111010000110010010111110111010001111000,b111010001100101011100110111010000110010010111110111010001111000,b11111010000,b111010001100101011100110111010000110010010111110111010001111000,b100111000100000
3190000,b11110111,1,b0,1,0,1,1,0,1,0,0,b101010101010101,b1000,b0,1,1,0,b101010101010101,b0,b10,b1010010110100101,1,b10,b0,b0,1,b11110111,b10,b101010101010101,b111010001100101011100110111010000110001010111110111010001111000010111110110001101101111011011010111000001101100011001010111010001100101,b111010001100101011100110111010000110010010111110111010001111000,b111010001100101011100110111010000110010010111110111010001111000,b11111010000,b111010001100101011100110111010000110010010111110111010001111000,b100111000100000
3200000,b11110111,1,b0,1,0,1,0,0,1,0,0,b101010101010101,b1000,b1,1,1,0,b101010101010101,b0,b10,b1010010110100101,1,b10,b0,b0,1,b11110111,b10,b101010101010101,b111010001100101011100110111010000110001010111110111010001111000010111110110001101101111011011010111000001101100011001010111010001100101,b111010001100101011100110111010000110010010111110111010001111000,b111010001100101011100110111010000110010010111110111010001111000,b11111010000,b111010001100101011100110111010000110010010111110111010001111000,b100111000100000
3210000,b11110111,1,b0,1,0,1,1,0,1,0,0,b101010101010101,b1000,b1,1,1,0,b101010101010101,b0,b11,b1010010110100101,1,b10,b0,b0,1,b11110111,b10,b101010101010101,b111010001100101011100110111010000110001010111110111010001111000010111110110001101101111011011010111000001101100011001010111010001100101,b111010001100101011100110111010000110010010111110111010001111000,b111010001100101011100110111010000110010010111110111010001111000,b11111010000,b111010001100101011100110111010000110010010111110111010001111000,b100111000100000
3220000,b11110111,1,b0,1,0,1,0,0,1,0,0,b101010101010101,b1000,b10,1,1,0,b101010101010101,b0,b11,b1010010110100101,1,b10,b0,b0,1,b11110111,b10,b101010101010101,b111010001100101011100110111010000110001010111110111010001111000010111110110001101101111011011010111000001101100011001010111010001100101,b111010001100101011100110111010000110010010111110111010001111000,b111010001100101011100110111010000110010010111110111010001111000,b11111010000,b111010001100101011100110111010000110010010111110111010001111000,b100111000100000
3230000,b11110111,1,b0,1,0,1,1,0,1,0,0,b101010101010101,b1000,b10,1,1,0,b101010101010101,b0,b0,b1010010110100101,1,b10,b0,b0,0,b11110111,b10,b101010101010101,b111010001100101011100110111010000110001010111110111010001111000010111110110001101101111011011010111000001101100011001010111010001100101,b111010001100101011100110111010000110010010111110111010001111000,b111010001100101011100110111010000110010010111110111010001111000,b11111010000,b111010001100101011100110111010000110010010111110111010001111000,b100111000100000
3240000,b11110111,1,b0,1,0,1,0,0,1,0,0,b101010101010101,b1000,b11,1,1,0,b101010101010101,b0,b0,b1010010110100101,1,b10,b0,b0,0,b11110111,b10,b101010101010101,b111010001100101011100110111010000110001010111110111010001111000010111110110001101101111011011010111000001101100011001010111010001100101,b111010001100101011100110111010000110010010111110111010001111000,b111010001100101011100110111010000110010010111110111010001111000,b11111010000,b111010001100101011100110111010000110010010111110111010001111000,b100111000100000
3250000,b11110111,0,b0,0,0,1,1,0,1,0,0,b101010101010101,b1000,b11,1,1,0,b101010101010101,b1,b1,b1010010110100101,0,b10,b0,b0,0,b11110111,b10,b1010101010101010,b111010001100101011100110111010000110001010111110111010001111000010111110110001101101111011011010111000001101100011001010111010001100101,b111010001100101011100110111010000110010010111110111010001111000,b111010001100101011100110111010000110010010111110111010001111000,b11111010000,b111010001100101011100110111010000110010010111110111010001111000,b100111000100000
3260000,b11110111,0,b0,0,0,1,0,0,1,0,0,b101010101010101,b1000,b100,1,1,0,b101010101010101,b1,b1,b1010010110100101,0,b10,b0,b0,0,b11110111,b10,b1010101010101010,b111010001100101011100110111010000110001010111110111010001111000010111110110001101101111011011010111000001101100011001010111010001100101,b111010001100101011100110111010000110010010111110111010001111000,b111010001100101011100110111010000110010010111110111010001111000,b11111010000,b111010001100101011100110111010000110010010111110111010001111000,b100111000100000
3270000,b11110111,0,b0,0,0,1,1,0,1,0,0,b101010101010101,b1000,b100,1,1,0,b101010101010101,b1,b10,b1010010110100101,0,b10,b0,b0,0,b11110111,b10,b1010101010101010,b111010001100101011100110111010000110001010111110111010001111000010111110110001101101111011011010111000001101100011001010111010001100101,b111010001100101011100110111010000110010010111110111010001111000,b111010001100101011100110111010000110010010111110111010001111000,b11111010000,b111010001100101011100110111010000110010010111110111010001111000,b100111000100000
3280000,b11110111,0,b0,0,0,1,0,0,1,0,0,b101010101010101,b1000,b101,1,1,0,b101010101010101,b1,b10,b1010010110100101,0,b10,b0,b0,0,b11110111,b10,b1010101010101010,b111010001100101011100110111010000110001010111110111010001111000010111110110001101101111011011010111000001101100011001010111010001100101,b111010001100101011100110111010000110010010111110111010001111000,b111010001100101011100110111010000110010010111110111010001111000,b11111010000,b111010001100101011100110111010000110010010111110111010001111000,b100111000100000
3290000,b11110111,0,b0,0,0,1,1,0,1,0,0,b101010101010101,b1000,b101,1,1,0,b101010101010101,b1,b11,b1010010110100101,0,b10,b0,b0,0,b11110111,b10,b1010101010101010,b111010001100101011100110111010000110001010111110111010001111000010111110110001101101111011011010111000001101100011001010111010001100101,b111010001100101011100110111010000110010010111110111010001111000,b111010001100101011100110111010000110010010111110111010001111000,b11111010000,b111010001100101011100110111010000110010010111110111010001111000,b100111000100000
3300000,b11110111,0,b0,0,0,1,0,0,1,0,0,b101010101010101,b1000,b110,1,1,0,b101010101010101,b1,b11,b1010010110100101,0,b10,b0,b0,0,b11110111,b10,b1010101010101010,b111010001100101011100110111010000110001010111110111010001111000010111110110001101101111011011010111000001101100011001010111010001100101,b111010001100101011100110111010000110010010111110111010001111000,b111010001100101011100110111010000110010010111110111010001111000,b11111010000,b111010001100101011100110111010000110010010111110111010001111000,b100111000100000
3310000,b11110111,0,b0,0,0,1,1,0,1,0,0,b101010101010101,b1000,b110,1,1,0,b101010101010101,b1,b0,b1010010110100101,0,b10,b0,b0,1,b11110111,b10,b1010101010101010,b111010001100101011100110111010000110001010111110111010001111000010111110110001101101111011011010111000001101100011001010111010001100101,b111010001100101011100110111010000110010010111110111010001111000,b111010001100101011100110111010000110010010111110111010001111000,b11111010000,b111010001100101011100110111010000110010010111110111010001111000,b100111000100000
3320000,b11110111,0,b0,0,0,1,0,0,1,0,0,b101010101010101,b1000,b111,1,1,0,b101010101010101,b1,b0,b1010010110100101,0,b10,b0,b0,1,b11110111,b10,b1010101010101010,b111010001100101011100110111010000110001010111110111010001111000010111110110001101101111011011010111000001101100011001010111010001100101,b111010001100101011100110111010000110010010111110111010001111000,b111010001100101011100110111010000110010010111110111010001111000,b11111010000,b111010001100101011100110111010000110010010111110111010001111000,b100111000100000
3330000,b11110111,1,b0,0,0,1,1,0,1,0,0,b101010101010101,b1000,b111,1,1,0,b101010101010101,b1,b1,b1010010110100101,1,b10,b0,b0,1,b11110111,b10,b1010101010101010,b111010001100101011100110111010000110001010111110111010001111000010111110110001101101111011011010111000001101100011001010111010001100101,b111010001100101011100110111010000110010010111110111010001111000,b111010001100101011100110111010000110010010111110111010001111000,b11111010000,b111010001100101011100110111010000110010010111110111010001111000,b100111000100000
3340000,b11110111,1,b0,0,0,1,0,0,1,0,0,b101010101010101,b1000,b1000,1,1,0,b101010101010101,b1,b1,b1010010110100101,1,b10,b0,b0,1,b11110111,b10,b1010101010101010,b111010001100101011100110111010000110001010111110111010001111000010111110110001101101111011011010111000001101100011001010111010001100101,b111010001100101011100110111010000110010010111110111010001111000,b111010001100101011100110111010000110010010111110111010001111000,b11111010000,b111010001100101011100110111010000110010010111110111010001111000,b100111000100000
3350000,b11110111,1,b0,0,0,1,1,0,1,0,0,b101010101010101,b1000,b1000,1,1,0,b101010101010101,b1,b10,b1010010110100101,1,b10,b0,b0,1,b11110111,b10,b1010101010101010,b111010001100101011100110111010000110001010111110111010001111000010111110110001101101111011011010111000001101100011001010111010001100101,b111010001100101011100110111010000110010010111110111010001111000,b111010001100101011100110111010000110010010111110111010001111000,b11111010000,b111010001100101011100110111010000110010010111110111010001111000,b100111000100000
3360000,b11110111,1,b0,0,0,1,0,0,1,0,0,b101010101010101,b1000,b1001,1,1,0,b101010101010101,b1,b10,b1010010110100101,1,b10,b0,b0,1,b11110111,b10,b1010101010101010,b111010001100101011100110111010000110001010111110111010001111000010111110110001101101111011011010111000001101100011001010111010001100101,b111010001100101011100110111010000110010010111110111010001111000,b111010001100101011100110111010000110010010111110111010001111000,b11111010000,b111010001100101011100110111010000110010010111110111010001111000,b100111000100000
3370000,b11110111,1,b0,0,0,1,1,0,1,0,0,b101010101010101,b1000,b1001,1,1,0,b101010101010101,b1,b11,b1010010110100101,1,b10,b0,b0,1,b11110111,b10,b1010101010101010,b111010001100101011100110111010000110001010111110111010001111000010111110110001101101111011011010111000001101100011001010111010001100101,b111010001100101011100110111010000110010010111110111010001111000,b111010001100101011100110111010000110010010111110111010001111000,b11111010000,b111010001100101011100110111010000110010010111110111010001111000,b100111000100000
3380000,b11110111,1,b0,0,0,1,0,0,1,0,0,b101010101010101,b1000,b1010,1,1,0,b101010101010101,b1,b11,b1010010110100101,1,b10,b0,b0,1,b11110111,b10,b1010101010101010,b111010001100101011100110111010000110001010111110111010001111000010111110110001101101111011011010111000001101100011001010111010001100101,b111010001100101011100110111010000110010010111110111010001111000,b111010001100101011100110111010000110010010111110111010001111000,b11111010000,b111010001100101011100110111010000110010010111110111010001111000,b100111000100000
3390000,b11110111,1,b0,0,0,1,1,0,1,0,0,b101010101010101,b1000,b1010,1,1,0,b101010101010101,b1,b0,b1010010110100101,1,b10,b0,b0,0,b11110111,b10,b1010101010101010,b111010001100101011100110111010000110001010111110111010001111000010111110110001101101111011011010111000001101100011001010111010001100101,b111010001100101011100110111010000110010010111110111010001111000,b111010001100101011100110111010000110010010111110111010001111000,b11111010000,b111010001100101011100110111010000110010010111110111010001111000,b100111000100000
3400000,b11110111,1,b0,0,0,1,0,0,1,0,0,b101010101010101,b1000,b1011,1,1,0,b101010101010101,b1,b0,b1010010110100101,1,b10,b0,b0,0,b11110111,b10,b1010101010101010,b111010001100101011100110111010000110001010111110111010001111000010111110110001101101111011011010111000001101100011001010111010001100101,b111010001100101011100110111010000110010010111110111010001111000,b111010001100101011100110111010000110010010111110111010001111000,b11111010000,b111010001100101011100110111010000110010010111110111010001111000,b100111000100000
3410000,b11110111,0,b0,1,0,1,1,0,1,0,0,b101010101010101,b1000,b1011,1,1,0,b101010101010101,b10,b1,b1010010110100101,0,b10,b0,b0,0,b11110111,b10,b101010101010100,b111010001100101011100110111010000110001010111110111010001111000010111110110001101101111011011010111000001101100011001010111010001100101,b111010001100101011100110111010000110010010111110111010001111000,b111010001100101011100110111010000110010010111110111010001111000,b11111010000,b111010001100101011100110111010000110010010111110111010001111000,b100111000100000
3420000,b11110111,0,b0,1,0,1,0,0,1,0,0,b101010101010101,b1000,b1100,1,1,0,b101010101010101,b10,b1,b1010010110100101,0,b10,b0,b0,0,b11110111,b10,b101010101010100,b111010001100101011100110111010000110001010111110111010001111000010111110110001101101111011011010111000001101100011001010111010001100101,b111010001100101011100110111010000110010010111110111010001111000,b111010001100101011100110111010000110010010111110111010001111000,b11111010000,b111010001100101011100110111010000110010010111110111010001111000,b100111000100000
3430000,b11110111,0,b0,1,0,1,1,0,1,0,0,b101010101010101,b1000,b1100,1,1,0,b101010101010101,b10,b10,b1010010110100101,0,b10,b0,b0,0,b11110111,b10,b101010101010100,b111010001100101011100110111010000110001010111110111010001111000010111110110001101101111011011010111000001101100011001010111010001100101,b111010001100101011100110111010000110010010111110111010001111000,b111010001100101011100110111010000110010010111110111010001111000,b11111010000,b111010001100101011100110111010000110010010111110111010001111000,b100111000100000
3440000,b11110111,0,b0,1,0,1,0,0,1,0,0,b101010101010101,b1000,b1101,1,1,0,b101010101010101,b10,b10,b1010010110100101,0,b10,b0,b0,0,b11110111,b10,b101010101010100,b111010001100101011100110111010000110001010111110111010001111000010111110110001101101111011011010111000001101100011001010111010001100101,b111010001100101011100110111010000110010010111110111010001111000,b111010001100101011100110111010000110010010111110111010001111000,b11111010000,b111010001100101011100110111010000110010010111110111010001111000,b100111000100000
3450000,b11110111,0,b0,1,0,1,1,0,1,0,0,b101010101010101,b1000,b1101,1,1,0,b101010101010101,b10,b11,b1010010110100101,0,b10,b0,b0,0,b11110111,b10,b101010101010100,b111010001100101011100110111010000110001010111110111010001111000010111110110001101101111011011010111000001101100011001010111010001100101,b111010001100101011100110111010000110010010111110111010001111000,b111010001100101011100110111010000110010010111110111010001111000,b11111010000,b111010001100101011100110111010000110010010111110111010001111000,b100111000100000
3460000,b11110111,0,b0,1,0,1,0,0,1,0,0,b101010101010101,b1000,b1110,1,1,0,b101010101010101,b10,b11,b1010010110100101,0,b10,b0,b0,0,b11110111,b10,b101010101010100,b111010001100101011100110111010000110001010111110111010001111000010111110110001101101111011011010111000001101100011001010111010001100101,b111010001100101011100110111010000110010010111110111010001111000,b111010001100101011100110111010000110010010111110111010001111000,b11111010000,b111010001100101011100110111010000110010010111110111010001111000,b100111000100000
3470000,b11110111,0,b0,1,0,1,1,0,1,0,0,b101010101010101,b1000,b1110,1,1,0,b101010101010101,b10,b0,b1010010110100101,0,b10,b0,b0,1,b11110111,b10,b101010101010100,b111010001100101011100110111010000110001010111110111010001111000010111110110001101101111011011010111000001101100011001010111010001100101,b111010001100101011100110111010000110010010111110111010001111000,b111010001100101011100110111010000110010010111110111010001111000,b11111010000,b111010001100101011100110111010000110010010111110111010001111000,b100111000100000
3480000,b11110111,0,b0,1,0,1,0,0,1,0,0,b101010101010101,b1000,b1111,1,1,0,b101010101010101,b10,b0,b1010010110100101,0,b10,b0,b0,1,b11110111,b10,b101010101010100,b111010001100101011100110111010000110001010111110111010001111000010111110110001101101111011011010111000001101100011001010111010001100101,b111010001100101011100110111010000110010010111110111010001111000,b111010001100101011100110111010000110010010111110111010001111000,b11111010000,b111010001100101011100110111010000110010010111110111010001111000,b100111000100000
3490000,b11110111,1,b0,1,0,1,1,0,1,0,0,b101010101010101,b1000,b1111,1,1,0,b101010101010101,b10,b1,b1010010110100101,1,b10,b0,b0,1,b11110111,b10,b101010101010100,b111010001100101011100110111010000110001010111110111010001111000010111110110001101101111011011010111000001101100011001010111010001100101,b111010001100101011100110111010000110010010111110111010001111000,b111010001100101011100110111010000110010010111110111010001111000,b11111010000,b111010001100101011100110111010000110010010111110111010001111000,b100111000100000
3500000,b11110111,1,b0,1,0,1,0,0,1,0,0,b101010101010101,b1000,b10000,1,1,0,b101010101010101,b10,b1,b1010010110100101,1,b10,b0,b0,1,b11110111,b10,b101010101010100,b111010001100101011100110111010000110001010111110111010001111000010111110110001101101111011011010111000001101100011001010111010001100101,b111010001100101011100110111010000110010010111110111010001111000,b111010001100101011100110111010000110010010111110111010001111000,b11111010000,b111010001100101011100110111010000110010010111110111010001111000,b100111000100000
3510000,b11110111,1,b0,1,0,1,1,0,1,0,0,b101010101010101,b1000,b10000,1,1,0,b101010101010101,b10,b10,b1010010110100101,1,b10,b0,b0,1,b11110111,b10,b101010101010100,b111010001100101011100110111010000110001010111110111010001111000010111110110001101101111011011010111000001101100011001010111010001100101,b111010001100101011100110111010000110010010111110111010001111000,b111010001100101011100110111010000110010010111110111010001111000,b11111010000,b111010001100101011100110111010000110010010111110111010001111000,b100111000100000
3520000,b11110111,1,b0,1,0,1,0,0,1,0,0,b101010101010101,b1000,b10001,1,1,0,b101010101010101,b10,b10,b1010010110100101,1,b10,b0,b0,1,b11110111,b10,b101010101010100,b111010001100101011100110111010000110001010111110111010001111000010111110110001101101111011011010111000001101100011001010111010001100101,b111010001100101011100110111010000110010010111110111010001111000,b111010001100101011100110111010000110010010111110111010001111000,b11111010000,b111010001100101011100110111010000110010010111110111010001111000,b100111000100000
3530000,b11110111,1,b0,1,0,1,1,0,1,0,0,b101010101010101,b1000,b10001,1,1,0,b101010101010101,b10,b11,b1010010110100101,1,b10,b0,b0,1,b11110111,b10,b101010101010100,b111010001100101011100110111010000110001010111110111010001111000010111110110001101101111011011010111000001101100011001010111010001100101,b111010001100101011100110111010000110010010111110111010001111000,b111010001100101011100110111010000110010010111110111010001111000,b11111010000,b111010001100101011100110111010000110010010111110111010001111000,b100111000100000
3540000,b11110111,1,b0,1,0,1,0,0,1,0,0,b101010101010101,b1000,b10010,1,1,0,b101010101010101,b10,b11,b1010010110100101,1,b10,b0,b0,1,b11110111,b10,b101010101010100,b111010001100101011100110111010000110001010111110111010001111000010111110110001101101111011011010111000001101100011001010111010001100101,b111010001100101011100110111010000110010010111110111010001111000,b111010001100101011100110111010000110010010111110111010001111000,b11111010000,b111010001100101011100110111010000110010010111110111010001111000,b100111000100000
3550000,b11110111,1,b0,1,0,1,1,0,1,0,0,b101010101010101,b1000,b10010,1,1,0,b101010101010101,b10,b0,b1010010110100101,1,b10,b0,b0,0,b11110111,b10,b101010101010100,b111010001100101011100110111010000110001010111110111010001111000010111110110001101101111011011010111000001101100011001010111010001100101,b111010001100101011100110111010000110010010111110111010001111000,b111010001100101011100110111010000110010010111110111010001111000,b11111010000,b111010001100101011100110111010000110010010111110111010001111000,b100111000100000
3560000,b11110111,1,b0,1,0,1,0,0,1,0,0,b101010101010101,b1000,b10011,1,1,0,b101010101010101,b10,b0,b1010010110100101,1,b10,b0,b0,0,b11110111,b10,b101010101010100,b111010001100101011100110111010000110001010111110111010001111000010111110110001101101111011011010111000001101100011001010111010001100101,b111010001100101011100110111010000110010010111110111010001111000,b111010001100101011100110111010000110010010111110111010001111000,b11111010000,b111010001100101011100110111010000110010010111110111010001111000,b100111000100000
3570000,b11110111,0,b0,0,0,1,1,0,1,0,0,b101010101010101,b1000,b10011,1,1,0,b101010101010101,b11,b1,b1010010110100101,0,b10,b0,b0,0,b11110111,b10,b1010101010101000,b111010001100101011100110111010000110001010111110111010001111000010111110110001101101111011011010111000001101100011001010111010001100101,b111010001100101011100110111010000110010010111110111010001111000,b111010001100101011100110111010000110010010111110111010001111000,b11111010000,b111010001100101011100110111010000110010010111110111010001111000,b100111000100000
3580000,b11110111,0,b0,0,0,1,0,0,1,0,0,b101010101010101,b1000,b10100,1,1,0,b101010101010101,b11,b1,b1010010110100101,0,b10,b0,b0,0,b11110111,b10,b1010101010101000,b111010001100101011100110111010000110001010111110111010001111000010111110110001101101111011011010111000001101100011001010111010001100101,b111010001100101011100110111010000110010010111110111010001111000,b111010001100101011100110111010000110010010111110111010001111000,b11111010000,b111010001100101011100110111010000110010010111110111010001111000,b100111000100000
3590000,b11110111,0,b0,0,0,1,1,0,1,0,0,b101010101010101,b1000,b10100,1,1,0,b101010101010101,b11,b10,b1010010110100101,0,b10,b0,b0,0,b11110111,b10,b1010101010101000,b111010001100101011100110111010000110001010111110111010001111000010111110110001101101111011011010111000001101100011001010111010001100101,b111010001100101011100110111010000110010010111110111010001111000,b111010001100101011100110111010000110010010111110111010001111000,b11111010000,b111010001100101011100110111010000110010010111110111010001111000,b100111000100000
3600000,b11110111,0,b0,0,0,1,0,0,1,0,0,b101010101010101,b1000,b10101,1,1,0,b101010101010101,b11,b10,b1010010110100101,0,b10,b0,b0,0,b11110111,b10,b1010101010101000,b111010001100101011100110111010000110001010111110111010001111000010111110110001101101111011011010111000001101100011001010111010001100101,b111010001100101011100110111010000110010010111110111010001111000,b111010001100101011100110111010000110010010111110111010001111000,b11111010000,b111010001100101011100110111010000110010010111110111010001111000,b100111000100000
3610000,b11110111,0,b0,0,0,1,1,0,1,0,0,b101010101010101,b1000,b10101,1,1,0,b101010101010101,b11,b11,b1010010110100101,0,b10,b0,b0,0,b11110111,b10,b1010101010101000,b111010001100101011100110111010000110001010111110111010001111000010111110110001101101111011011010111000001101100011001010111010001100101,b111010001100101011100110111010000110010010111110111010001111000,b111010001100101011100110111010000110010010111110111010001111000,b11111010000,b111010001100101011100110111010000110010010111110111010001111000,b100111000100000
3620000,b11110111,0,b0,0,0,1,0,0,1,0,0,b101010101010101,b1000,b10110,1,1,0,b101010101010101,b11,b11,b1010010110100101,0,b10,b0,b0,0,b11110111,b10,b1010101010101000,b111010001100101011100110111010000110001010111110111010001111000010111110110001101101111011011010111000001101100011001010111010001100101,b111010001100101011100110111010000110010010111110111010001111000,b111010001100101011100110111010000110010010111110111010001111000,b11111010000,b111010001100101011100110111010000110010010111110111010001111000,b100111000100000
3630000,b11110111,0,b0,0,0,1,1,0,1,0,0,b101010101010101,b1000,b10110,1,1,0,b101010101010101,b11,b0,b1010010110100101,0,b10,b0,b0,1,b11110111,b10,b1010101010101000,b111010001100101011100110111010000110001010111110111010001111000010111110110001101101111011011010111000001101100011001010111010001100101,b111010001100101011100110111010000110010010111110111010001111000,b111010001100101011100110111010000110010010111110111010001111000,b11111010000,b111010001100101011100110111010000110010010111110111010001111000,b100111000100000
3640000,b11110111,0,b0,0,0,1,0,0,1,0,0,b101010101010101,b1000,b10111,1,1,0,b101010101010101,b11,b0,b1010010110100101,0,b10,b0,b0,1,b11110111,b10,b1010101010101000,b111010001100101011100110111010000110001010111110111010001111000010111110110001101101111011011010111000001101100011001010111010001100101,b111010001100101011100110111010000110010010111110111010001111000,b111010001100101011100110111010000110010010111110111010001111000,b11111010000,b111010001100101011100110111010000110010010111110111010001111000,b100111000100000
3650000,b11110111,1,b0,0,0,1,1,0,1,0,0,b101010101010101,b1000,b10111,1,1,0,b101010101010101,b11,b1,b1010010110100101,1,b10,b0,b0,1,b11110111,b10,b1010101010101000,b111010001100101011100110111010000110001010111110111010001111000010111110110001101101111011011010111000001101100011001010111010001100101,b111010001100101011100110111010000110010010111110111010001111000,b111010001100101011100110111010000110010010111110111010001111000,b11111010000,b111010001100101011100110111010000110010010111110111010001111000,b100111000100000
3660000,b11110111,1,b0,0,0,1,0,0,1,0,0,b101010101010101,b1000,b11000,1,1,0,b101010101010101,b11,b1,b1010010110100101,1,b10,b0,b0,1,b11110111,b10,b1010101010101000,b111010001100101011100110111010000110001010111110111010001111000010111110110001101101111011011010111000001101100011001010111010001100101,b111010001100101011100110111010000110010010111110111010001111000,b111010001100101011100110111010000110010010111110111010001111000,b11111010000,b111010001100101011100110111010000110010010111110111010001111000,b100111000100000
3670000,b11110111,1,b0,0,0,1,1,0,1,0,0,b101010101010101,b1000,b11000,1,1,0,b101010101010101,b11,b10,b1010010110100101,1,b10,b0,b0,1,b11110111,b10,b1010101010101000,b111010001100101011100110111010000110001010111110111010001111000010111110110001101101111011011010111000001101100011001010111010001100101,b111010001100101011100110111010000110010010111110111010001111000,b111010001100101011100110111010000110010010111110111010001111000,b11111010000,b111010001100101011100110111010000110010010111110111010001111000,b100111000100000
3680000,b11110111,1,b0,0,0,1,0,0,1,0,0,b101010101010101,b1000,b11001,1,1,0,b101010101010101,b11,b10,b1010010110100101,1,b10,b0,b0,1,b11110111,b10,b1010101010101000,b111010001100101011100110111010000110001010111110111010001111000010111110110001101101111011011010111000001101100011001010111010001100101,b111010001100101011100110111010000110010010111110111010001111000,b111010001100101011100110111010000110010010111110111010001111000,b11111010000,b111010001100101011100110111010000110010010111110111010001111000,b100111000100000
3690000,b11110111,1,b0,0,0,1,1,0,1,0,0,b101010101010101,b1000,b11001,1,1,0,b101010101010101,b11,b11,b1010010110100101,1,b10,b0,b0,1,b11110111,b10,b1010101010101000,b111010001100101011100110111010000110001010111110111010001111000010111110110001101101111011011010111000001101100011001010111010001100101,b111010001100101011100110111010000110010010111110111010001111000,b111010001100101011100110111010000110010010111110111010001111000,b11111010000,b111010001100101011100110111010000110010010111110111010001111000,b100111000100000
3700000,b11110111,1,b0,0,0,1,0,0,1,0,0,b101010101010101,b1000,b11010,1,1,0,b101010101010101,b11,b11,b1010010110100101,1,b10,b0,b0,1,b11110111,b10,b1010101010101000,b111010001100101011100110111010000110001010111110111010001111000010111110110001101101111011011010111000001101100011001010111010001100101,b111010001100101011100110111010000110010010111110111010001111000,b111010001100101011100110111010000110010010111110111010001111000,b11111010000,b111010001100101011100110111010000110010010111110111010001111000,b100111000100000
3710000,b11110111,1,b0,0,0,1,1,0,1,0,0,b101010101010101,b1000,b11010,1,1,0,b101010101010101,b11,b0,b1010010110100101,1,b10,b0,b0,0,b11110111,b10,b1010101010101000,b111010001100101011100110111010000110001010111110111010001111000010111110110001101101111011011010111000001101100011001010111010001100101,b111010001100101011100110111010000110010010111110111010001111000,b111010001100101011100110111010000110010010111110111010001111000,b11111010000,b111010001100101011100110111010000110010010111110111010001111000,b100111000100000
3720000,b11110111,1,b0,0,0,1,0,0,1,0,0,b101010101010101,b1000,b11011,1,1,0,b101010101010101,b11,b0,b1010010110100101,1,b10,b0,b0,0,b11110111,b10,b1010101010101000,b111010001100101011100110111010000110001010111110111010001111000010111110110001101101111011011010111000001101100011001010111010001100101,b111010001100101011100110111010000110010010111110111010001111000,b111010001100101011100110111010000110010010111110111010001111000,b11111010000,b111010001100101011100110111010000110010010111110111010001111000,b100111000100000
3730000,b11110111,0,b0,1,0,1,1,0,1,0,0,b101010101010101,b1000,b11011,1,1,0,b101010101010101,b100,b1,b1010010110100101,0,b10,b0,b0,0,b11110111,b10,b101010101010000,b111010001100101011100110111010000110001010111110111010001111000010111110110001101101111011011010111000001101100011001010111010001100101,b111010001100101011100110111010000110010010111110111010001111000,b111010001100101011100110111010000110010010111110111010001111000,b11111010000,b111010001100101011100110111010000110010010111110111010001111000,b100111000100000
3740000,b11110111,0,b0,1,0,1,0,0,1,0,0,b101010101010101,b1000,b11100,1,1,0,b101010101010101,b100,b1,b1010010110100101,0,b10,b0,b0,0,b11110111,b10,b101010101010000,b111010001100101011100110111010000110001010111110111010001111000010111110110001101101111011011010111000001101100011001010111010001100101,b111010001100101011100110111010000110010010111110111010001111000,b111010001100101011100110111010000110010010111110111010001111000,b11111010000,b111010001100101011100110111010000110010010111110111010001111000,b100111000100000
3750000,b11110111,0,b0,1,0,1,1,0,1,0,0,b101010101010101,b1000,b11100,1,1,0,b101010101010101,b100,b10,b1010010110100101,0,b10,b0,b0,0,b11110111,b10,b101010101010000,b111010001100101011100110111010000110001010111110111010001111000010111110110001101101111011011010111000001101100011001010111010001100101,b111010001100101011100110111010000110010010111110111010001111000,b111010001100101011100110111010000110010010111110111010001111000,b11111010000,b111010001100101011100110111010000110010010111110111010001111000,b100111000100000
3760000,b11110111,0,b0,1,0,1,0,0,1,0,0,b101010101010101,b1000,b11101,1,1,0,b101010101010101,b100,b10,b1010010110100101,0,b10,b0,b0,0,b11110111,b10,b101010101010000,b111010001100101011100110111010000110001010111110111010001111000010111110110001101101111011011010111000001101100011001010111010001100101,b111010001100101011100110111010000110010010111110111010001111000,b111010001100101011100110111010000110010010111110111010001111000,b11111010000,b111010001100101011100110111010000110010010111110111010001111000,b100111000100000
3770000,b11110111,0,b0,1,0,1,1,0,1,0,0,b101010101010101,b1000,b11101,1,1,0,b101010101010101,b100,b11,b1010010110100101,0,b10,b0,b0,0,b11110111,b10,b101010101010000,b111010001100101011100110111010000110001010111110111010001111000010111110110001101101111011011010111000001101100011001010111010001100101,b111010001100101011100110111010000110010010111110111010001111000,b111010001100101011100110111010000110010010111110111010001111000,b11111010000,b111010001100101011100110111010000110010010111110111010001111000,b100111000100000
3780000,b11110111,0,b0,1,0,1,0,0,1,0,0,b101010101010101,b1000,b11110,1,1,0,b101010101010101,b100,b11,b1010010110100101,0,b10,b0,b0,0,b11110111,b10,b101010101010000,b111010001100101011100110111010000110001010111110111010001111000010111110110001101101111011011010111000001101100011001010111010001100101,b111010001100101011100110111010000110010010111110111010001111000,b111010001100101011100110111010000110010010111110111010001111000,b11111010000,b111010001100101011100110111010000110010010111110111010001111000,b100111000100000
3790000,b11110111,0,b0,1,0,1,1,0,1,0,0,b101010101010101,b1000,b11110,1,1,0,b101010101010101,b100,b0,b1010010110100101,0,b10,b0,b0,1,b11110111,b10,b101010101010000,b111010001100101011100110111010000110001010111110111010001111000010111110110001101101111011011010111000001101100011001010111010001100101,b111010001100101011100110111010000110010010111110111010001111000,b111010001100101011100110111010000110010010111110111010001111000,b11111010000,b111010001100101011100110111010000110010010111110111010001111000,b100111000100000
3800000,b11110111,0,b0,1,0,1,0,0,1,0,0,b101010101010101,b1000,b11111,1,1,0,b101010101010101,b100,b0,b1010010110100101,0,b10,b0,b0,1,b11110111,b10,b101010101010000,b111010001100101011100110111010000110001010111110111010001111000010111110110001101101111011011010111000001101100011001010111010001100101,b111010001100101011100110111010000110010010111110111010001111000,b111010001100101011100110111010000110010010111110111010001111000,b11111010000,b111010001100101011100110111010000110010010111110111010001111000,b100111000100000
3810000,b11110111,1,b0,1,0,1,1,0,1,0,0,b101010101010101,b1000,b11111,1,1,0,b101010101010101,b100,b1,b1010010110100101,1,b10,b0,b0,1,b11110111,b10,b101010101010000,b111010001100101011100110111010000110001010111110111010001111000010111110110001101101111011011010111000001101100011001010111010001100101,b111010001100101011100110111010000110010010111110111010001111000,b111010001100101011100110111010000110010010111110111010001111000,b11111010000,b111010001100101011100110111010000110010010111110111010001111000,b100111000100000
3820000,b11110111,1,b0,1,0,1,0,0,1,0,0,b101010101010101,b1000,b100000,1,1,0,b101010101010101,b100,b1,b1010010110100101,1,b10,b0,b0,1,b11110111,b10,b101010101010000,b111010001100101011100110111010000110001010111110111010001111000010111110110001101101111011011010111000001101100011001010111010001100101,b111010001100101011100110111010000110010010111110111010001111000,b111010001100101011100110111010000110010010111110111010001111000,b11111010000,b111010001100101011100110111010000110010010111110111010001111000,b100111000100000
3830000,b11110111,1,b0,1,0,1,1,0,1,0,0,b101010101010101,b1000,b100000,1,1,0,b101010101010101,b100,b10,b1010010110100101,1,b10,b0,b0,1,b11110111,b10,b101010101010000,b111010001100101011100110111010000110001010111110111010001111000010111110110001101101111011011010111000001101100011001010111010001100101,b111010001100101011100110111010000110010010111110111010001111000,b111010001100101011100110111010000110010010111110111010001111000,b11111010000,b111010001100101011100110111010000110010010111110111010001111000,b100111000100000
3840000,b11110111,1,b0,1,0,1,0,0,1,0,0,b101010101010101,b1000,b100001,1,1,0,b101010101010101,b100,b10,b1010010110100101,1,b10,b0,b0,1,b11110111,b10,b101010101010000,b111010001100101011100110111010000110001010111110111010001111000010111110110001101101111011011010111000001101100011001010111010001100101,b111010001100101011100110111010000110010010111110111010001111000,b111010001100101011100110111010000110010010111110111010001111000,b11111010000,b111010001100101011100110111010000110010010111110111010001111000,b100111000100000
3850000,b11110111,1,b0,1,0,1,1,0,1,0,0,b101010101010101,b1000,b100001,1,1,0,b101010101010101,b100,b11,b1010010110100101,1,b10,b0,b0,1,b11110111,b10,b101010101010000,b111010001100101011100110111010000110001010111110111010001111000010111110110001101101111011011010111000001101100011001010111010001100101,b111010001100101011100110111010000110010010111110111010001111000,b111010001100101011100110111010000110010010111110111010001111000,b11111010000,b111010001100101011100110111010000110010010111110111010001111000,b100111000100000
3860000,b11110111,1,b0,1,0,1,0,0,1,0,0,b101010101010101,b1000,b100010,1,1,0,b101010101010101,b100,b11,b1010010110100101,1,b10,b0,b0,1,b11110111,b10,b101010101010000,b111010001100101011100110111010000110001010111110111010001111000010111110110001101101111011011010111000001101100011001010111010001100101,b111010001100101011100110111010000110010010111110111010001111000,b111010001100101011100110111010000110010010111110111010001111000,b11111010000,b111010001100101011100110111010000110010010111110111010001111000,b100111000100000
3870000,b11110111,1,b0,1,0,1,1,0,1,0,0,b101010101010101,b1000,b100010,1,1,0,b101010101010101,b100,b0,b1010010110100101,1,b10,b0,b0,0,b11110111,b10,b101010101010000,b111010001100101011100110111010000110001010111110111010001111000010111110110001101101111011011010111000001101100011001010111010001100101,b111010001100101011100110111010000110010010111110111010001111000,b111010001100101011100110111010000110010010111110111010001111000,b11111010000,b111010001100101011100110111010000110010010111110111010001111000,b100111000100000
3880000,b11110111,1,b0,1,0,1,0,0,1,0,0,b101010101010101,b1000,b100011,1,1,0,b101010101010101,b100,b0,b1010010110100101,1,b10,b0,b0,0,b11110111,b10,b101010101010000,b111010001100101011100110111010000110001010111110111010001111000010111110110001101101111011011010111000001101100011001010111010001100101,b111010001100101011100110111010000110010010111110111010001111000,b111010001100101011100110111010000110010010111110111010001111000,b11111010000,b111010001100101011100110111010000110010010111110111010001111000,b100111000100000
3890000,b11110111,0,b0,0,0,1,1,0,1,0,0,b101010101010101,b1000,b100011,1,1,0,b101010101010101,b101,b1,b1010010110100101,0,b10,b0,b0,0,b11110111,b10,b1010101010100000,b111010001100101011100110111010000110001010111110111010001111000010111110110001101101111011011010111000001101100011001010111010001100101,b111010001100101011100110111010000110010010111110111010001111000,b111010001100101011100110111010000110010010111110111010001111000,b11111010000,b111010001100101011100110111010000110010010111110111010001111000,b100111000100000
3900000,b11110111,0,b0,0,0,1,0,0,1,0,0,b101010101010101,b1000,b100100,1,1,0,b101010101010101,b101,b1,b1010010110100101,0,b10,b0,b0,0,b11110111,b10,b1010101010100000,b111010001100101011100110111010000110001010111110111010001111000010111110110001101101111011011010111000001101100011001010111010001100101,b111010001100101011100110111010000110010010111110111010001111000,b111010001100101011100110111010000110010010111110111010001111000,b11111010000,b111010001100101011100110111010000110010010111110111010001111000,b100111000100000
3910000,b11110111,0,b0,0,0,1,1,0,1,0,0,b101010101010101,b1000,b100100,1,1,0,b101010101010101,b101,b10,b1010010110100101,0,b10,b0,b0,0,b11110111,b10,b1010101010100000,b111010001100101011100110111010000110001010111110111010001111000010111110110001101101111011011010111000001101100011001010111010001100101,b111010001100101011100110111010000110010010111110111010001111000,b111010001100101011100110111010000110010010111110111010001111000,b11111010000,b111010001100101011100110111010000110010010111110111010001111000,b100111000100000
3920000,b11110111,0,b0,0,0,1,0,0,1,0,0,b101010101010101,b1000,b100101,1,1,0,b101010101010101,b101,b10,b1010010110100101,0,b10,b0,b0,0,b11110111,b10,b1010101010100000,b111010001100101011100110111010000110001010111110111010001111000010111110110001101101111011011010111000001101100011001010111010001100101,b111010001100101011100110111010000110010010111110111010001111000,b111010001100101011100110111010000110010010111110111010001111000,b11111010000,b111010001100101011100110111010000110010010111110111010001111000,b100111000100000
3930000,b11110111,0,b0,0,0,1,1,0,1,0,0,b101010101010101,b1000,b100101,1,1,0,b101010101010101,b101,b11,b1010010110100101,0,b10,b0,b0,0,b11110111,b10,b1010101010100000,b111010001100101011100110111010000110001010111110111010001111000010111110110001101101111011011010111000001101100011001010111010001100101,b111010001100101011100110111010000110010010111110111010001111000,b111010001100101011100110111010000110010010111110111010001111000,b11111010000,b111010001100101011100110111010000110010010111110111010001111000,b100111000100000
3940000,b11110111,0,b0,0,0,1,0,0,1,0,0,b101010101010101,b1000,b100110,1,1,0,b101010101010101,b101,b11,b1010010110100101,0,b10,b0,b0,0,b11110111,b10,b1010101010100000,b111010001100101011100110111010000110001010111110111010001111000010111110110001101101111011011010111000001101100011001010111010001100101,b111010001100101011100110111010000110010010111110111010001111000,b111010001100101011100110111010000110010010111110111010001111000,b11111010000,b111010001100101011100110111010000110010010111110111010001111000,b100111000100000
3950000,b11110111,0,b0,0,0,1,1,0,1,0,0,b101010101010101,b1000,b100110,1,1,0,b101010101010101,b101,b0,b1010010110100101,0,b10,b0,b0,1,b11110111,b10,b1010101010100000,b111010001100101011100110111010000110001010111110111010001111000010111110110001101101111011011010111000001101100011001010111010001100101,b111010001100101011100110111010000110010010111110111010001111000,b111010001100101011100110111010000110010010111110111010001111000,b11111010000,b111010001100101011100110111010000110010010111110111010001111000,b100111000100000
3960000,b11110111,0,b0,0,0,1,0,0,1,0,0,b101010101010101,b1000,b100111,1,1,0,b101010101010101,b101,b0,b1010010110100101,0,b10,b0,b0,1,b11110111,b10,b1010101010100000,b111010001100101011100110111010000110001010111110111010001111000010111110110001101101111011011010111000001101100011001010111010001100101,b111010001100101011100110111010000110010010111110111010001111000,b111010001100101011100110111010000110010010111110111010001111000,b11111010000,b111010001100101011100110111010000110010010111110111010001111000,b100111000100000
3970000,b11110111,1,b0,0,0,1,1,0,1,0,0,b101010101010101,b1000,b100111,1,1,0,b101010101010101,b101,b1,b1010010110100101,1,b10,b0,b0,1,b11110111,b10,b1010101010100000,b111010001100101011100110111010000110001010111110111010001111000010111110110001101101111011011010111000001101100011001010111010001100101,b111010001100101011100110111010000110010010111110111010001111000,b111010001100101011100110111010000110010010111110111010001111000,b11111010000,b111010001100101011100110111010000110010010111110111010001111000,b100111000100000
3980000,b11110111,1,b0,0,0,1,0,0,1,0,0,b101010101010101,b1000,b101000,1,1,0,b101010101010101,b101,b1,b1010010110100101,1,b10,b0,b0,1,b11110111,b10,b1010101010100000,b111010001100101011100110111010000110001010111110111010001111000010111110110001101101111011011010111000001101100011001010111010001100101,b111010001100101011100110111010000110010010111110111010001111000,b111010001100101011100110111010000110010010111110111010001111000,b11111010000,b111010001100101011100110111010000110010010111110111010001111000,b100111000100000
3990000,b11110111,1,b0,0,0,1,1,0,1,0,0,b101010101010101,b1000,b101000,1,1,0,b101010101010101,b101,b10,b1010010110100101,1,b10,b0,b0,1,b11110111,b10,b1010101010100000,b111010001100101011100110111010000110001010111110111010001111000010111110110001101101111011011010111000001101100011001010111010001100101,b111010001100101011100110111010000110010010111110111010001111000,b111010001100101011100110111010000110010010111110111010001111000,b11111010000,b111010001100101011100110111010000110010010111110111010001111000,b100111000100000
4000000,b11110111,1,b0,0,0,1,0,0,1,0,0,b101010101010101,b1000,b101001,1,1,0,b101010101010101,b101,b10,b1010010110100101,1,b10,b0,b0,1,b11110111,b10,b1010101010100000,b111010001100101011100110111010000110001010111110111010001111000010111110110001101101111011011010111000001101100011001010111010001100101,b111010001100101011100110111010000110010010111110111010001111000,b111010001100101011100110111010000110010010111110111010001111000,b11111010000,b111010001100101011100110111010000110010010111110111010001111000,b100111000100000
4010000,b11110111,1,b0,0,0,1,1,0,1,0,0,b101010101010101,b1000,b101001,1,1,0,b101010101010101,b101,b11,b1010010110100101,1,b10,b0,b0,1,b11110111,b10,b1010101010100000,b111010001100101011100110111010000110001010111110111010001111000010111110110001101101111011011010111000001101100011001010111010001100101,b111010001100101011100110111010000110010010111110111010001111000,b111010001100101011100110111010000110010010111110111010001111000,b11111010000,b111010001100101011100110111010000110010010111110111010001111000,b100111000100000
4020000,b11110111,1,b0,0,0,1,0,0,1,0,0,b101010101010101,b1000,b101010,1,1,0,b101010101010101,b101,b11,b1010010110100101,1,b10,b0,b0,1,b11110111,b10,b1010101010100000,b111010001100101011100110111010000110001010111110111010001111000010111110110001101101111011011010111000001101100011001010111010001100101,b111010001100101011100110111010000110010010111110111010001111000,b111010001100101011100110111010000110010010111110111010001111000,b11111010000,b111010001100101011100110111010000110010010111110111010001111000,b100111000100000
4030000,b11110111,1,b0,0,0,1,1,0,1,0,0,b101010101010101,b1000,b101010,1,1,0,b101010101010101,b101,b0,b1010010110100101,1,b10,b0,b0,0,b11110111,b10,b1010101010100000,b111010001100101011100110111010000110001010111110111010001111000010111110110001101101111011011010111000001101100011001010111010001100101,b111010001100101011100110111010000110010010111110111010001111000,b111010001100101011100110111010000110010010111110111010001111000,b11111010000,b111010001100101011100110111010000110010010111110111010001111000,b100111000100000
4040000,b11110111,1,b0,0,0,1,0,0,1,0,0,b101010101010101,b1000,b101011,1,1,0,b101010101010101,b101,b0,b1010010110100101,1,b10,b0,b0,0,b11110111,b10,b1010101010100000,b111010001100101011100110111010000110001010111110111010001111000010111110110001101101111011011010111000001101100011001010111010001100101,b111010001100101011100110111010000110010010111110111010001111000,b111010001100101011100110111010000110010010111110111010001111000,b11111010000,b111010001100101011100110111010000110010010111110111010001111000,b100111000100000
4050000,b11110111,0,b0,1,0,1,1,0,1,0,0,b101010101010101,b1000,b101011,1,1,0,b101010101010101,b110,b1,b1010010110100101,0,b10,b0,b0,0,b11110111,b10,b101010101000000,b111010001100101011100110111010000110001010111110111010001111000010111110110001101101111011011010111000001101100011001010111010001100101,b111010001100101011100110111010000110010010111110111010001111000,b111010001100101011100110111010000110010010111110111010001111000,b11111010000,b111010001100101011100110111010000110010010111110111010001111000,b100111000100000
4060000,b11110111,0,b0,1,0,1,0,0,1,0,0,b101010101010101,b1000,b101100,1,1,0,b101010101010101,b110,b1,b1010010110100101,0,b10,b0,b0,0,b11110111,b10,b101010101000000,b111010001100101011100110111010000110001010111110111010001111000010111110110001101101111011011010111000001101100011001010111010001100101,b111010001100101011100110111010000110010010111110111010001111000,b111010001100101011100110111010000110010010111110111010001111000,b11111010000,b111010001100101011100110111010000110010010111110111010001111000,b100111000100000
4070000,b11110111,0,b0,1,0,1,1,0,1,0,0,b101010101010101,b1000,b101100,1,1,0,b101010101010101,b110,b10,b1010010110100101,0,b10,b0,b0,0,b11110111,b10,b101010101000000,b111010001100101011100110111010000110001010111110111010001111000010111110110001101101111011011010111000001101100011001010111010001100101,b111010001100101011100110111010000110010010111110111010001111000,b111010001100101011100110111010000110010010111110111010001111000,b11111010000,b111010001100101011100110111010000110010010111110111010001111000,b100111000100000
4080000,b11110111,0,b0,1,0,1,0,0,1,0,0,b101010101010101,b1000,b101101,1,1,0,b101010101010101,b110,b10,b1010010110100101,0,b10,b0,b0,0,b11110111,b10,b101010101000000,b111010001100101011100110111010000110001010111110111010001111000010111110110001101101111011011010111000001101100011001010111010001100101,b111010001100101011100110111010000110010010111110111010001111000,b111010001100101011100110111010000110010010111110111010001111000,b11111010000,b111010001100101011100110111010000110010010111110111010001111000,b100111000100000
4090000,b11110111,0,b0,1,0,1,1,0,1,0,0,b101010101010101,b1000,b101101,1,1,0,b101010101010101,b110,b11,b1010010110100101,0,b10,b0,b0,0,b11110111,b10,b101010101000000,b111010001100101011100110111010000110001010111110111010001111000010111110110001101101111011011010111000001101100011001010111010001100101,b111010001100101011100110111010000110010010111110111010001111000,b111010001100101011100110111010000110010010111110111010001111000,b11111010000,b111010001100101011100110111010000110010010111110111010001111000,b100111000100000
4100000,b11110111,0,b0,1,0,1,0,0,1,0,0,b101010101010101,b1000,b101110,1,1,0,b101010101010101,b110,b11,b1010010110100101,0,b10,b0,b0,0,b11110111,b10,b101010101000000,b111010001100101011100110111010000110001010111110111010001111000010111110110001101101111011011010111000001101100011001010111010001100101,b111010001100101011100110111010000110010010111110111010001111000,b111010001100101011100110111010000110010010111110111010001111000,b11111010000,b111010001100101011100110111010000110010010111110111010001111000,b100111000100000
4110000,b11110111,0,b0,1,0,1,1,0,1,0,0,b101010101010101,b1000,b101110,1,1,0,b101010101010101,b110,b0,b1010010110100101,0,b10,b0,b0,1,b11110111,b10,b101010101000000,b111010001100101011100110111010000110001010111110111010001111000010111110110001101101111011011010111000001101100011001010111010001100101,b111010001100101011100110111010000110010010111110111010001111000,b111010001100101011100110111010000110010010111110111010001111000,b11111010000,b111010001100101011100110111010000110010010111110111010001111000,b100111000100000
4120000,b11110111,0,b0,1,0,1,0,0,1,0,0,b101010101010101,b1000,b101111,1,1,0,b101010101010101,b110,b0,b1010010110100101,0,b10,b0,b0,1,b11110111,b10,b101010101000000,b111010001100101011100110111010000110001010111110111010001111000010111110110001101101111011011010111000001101100011001010111010001100101,b111010001100101011100110111010000110010010111110111010001111000,b111010001100101011100110111010000110010010111110111010001111000,b11111010000,b111010001100101011100110111010000110010010111110111010001111000,b100111000100000
4130000,b11110111,1,b0,1,0,1,1,0,1,0,0,b101010101010101,b1000,b101111,1,1,0,b101010101010101,b110,b1,b1010010110100101,1,b10,b0,b0,1,b11110111,b10,b101010101000000,b111010001100101011100110111010000110001010111110111010001111000010111110110001101101111011011010111000001101100011001010111010001100101,b111010001100101011100110111010000110010010111110111010001111000,b111010001100101011100110111010000110010010111110111010001111000,b11111010000,b111010001100101011100110111010000110010010111110111010001111000,b100111000100000
4140000,b11110111,1,b0,1,0,1,0,0,1,0,0,b101010101010101,b1000,b110000,1,1,0,b101010101010101,b110,b1,b1010010110100101,1,b10,b0,b0,1,b11110111,b10,b101010101000000,b111010001100101011100110111010000110001010111110111010001111000010111110110001101101111011011010111000001101100011001010111010001100101,b111010001100101011100110111010000110010010111110111010001111000,b111010001100101011100110111010000110010010111110111010001111000,b11111010000,b111010001100101011100110111010000110010010111110111010001111000,b100111000100000
4150000,b11110111,1,b0,1,0,1,1,0,1,0,0,b101010101010101,b1000,b110000,1,1,0,b101010101010101,b110,b10,b1010010110100101,1,b10,b0,b0,1,b11110111,b10,b101010101000000,b111010001100101011100110111010000110001010111110111010001111000010111110110001101101111011011010111000001101100011001010111010001100101,b111010001100101011100110111010000110010010111110111010001111000,b111010001100101011100110111010000110010010111110111010001111000,b11111010000,b111010001100101011100110111010000110010010111110111010001111000,b100111000100000
4160000,b11110111,1,b0,1,0,1,0,0,1,0,0,b101010101010101,b1000,b110001,1,1,0,b101010101010101,b110,b10,b1010010110100101,1,b10,b0,b0,1,b11110111,b10,b101010101000000,b111010001100101011100110111010000110001010111110111010001111000010111110110001101101111011011010111000001101100011001010111010001100101,b111010001100101011100110111010000110010010111110111010001111000,b111010001100101011100110111010000110010010111110111010001111000,b11111010000,b111010001100101011100110111010000110010010111110111010001111000,b100111000100000
4170000,b11110111,1,b0,1,0,1,1,0,1,0,0,b101010101010101,b1000,b110001,1,1,0,b101010101010101,b110,b11,b1010010110100101,1,b10,b0,b0,1,b11110111,b10,b101010101000000,b111010001100101011100110111010000110001010111110111010001111000010111110110001101101111011011010111000001101100011001010111010001100101,b111010001100101011100110111010000110010010111110111010001111000,b111010001100101011100110111010000110010010111110111010001111000,b11111010000,b111010001100101011100110111010000110010010111110111010001111000,b100111000100000
4180000,b11110111,1,b0,1,0,1,0,0,1,0,0,b101010101010101,b1000,b110010,1,1,0,b101010101010101,b110,b11,b1010010110100101,1,b10,b0,b0,1,b11110111,b10,b101010101000000,b111010001100101011100110111010000110001010111110111010001111000010111110110001101101111011011010111000001101100011001010111010001100101,b111010001100101011100110111010000110010010111110111010001111000,b111010001100101011100110111010000110010010111110111010001111000,b11111010000,b111010001100101011100110111010000110010010111110111010001111000,b100111000100000
4190000,b11110111,1,b0,1,0,1,1,0,1,0,0,b101010101010101,b1000,b110010,1,1,0,b101010101010101,b110,b0,b1010010110100101,1,b10,b0,b0,0,b11110111,b10,b101010101000000,b111010001100101011100110111010000110001010111110111010001111000010111110110001101101111011011010111000001101100011001010111010001100101,b111010001100101011100110111010000110010010111110111010001111000,b111010001100101011100110111010000110010010111110111010001111000,b11111010000,b111010001100101011100110111010000110010010111110111010001111000,b100111000100000
4200000,b11110111,1,b0,1,0,1,0,0,1,0,0,b101010101010101,b1000,b110011,1,1,0,b101010101010101,b110,b0,b1010010110100101,1,b10,b0,b0,0,b11110111,b10,b101010101000000,b111010001100101011100110111010000110001010111110111010001111000010111110110001101101111011011010111000001101100011001010111010001100101,b111010001100101011100110111010000110010010111110111010001111000,b111010001100101011100110111010000110010010111110111010001111000,b11111010000,b111010001100101011100110111010000110010010111110111010001111000,b100111000100000
4210000,b11110111,0,b0,0,0,1,1,0,1,0,0,b101010101010101,b1000,b110011,1,1,0,b101010101010101,b111,b1,b1010010110100101,0,b10,b0,b0,0,b11110111,b10,b1010101010000000,b111010001100101011100110111010000110001010111110111010001111000010111110110001101101111011011010111000001101100011001010111010001100101,b111010001100101011100110111010000110010010111110111010001111000,b111010001100101011100110111010000110010010111110111010001111000,b11111010000,b111010001100101011100110111010000110010010111110111010001111000,b100111000100000
4220000,b11110111,0,b0,0,0,1,0,0,1,0,0,b101010101010101,b1000,b110100,1,1,0,b101010101010101,b111,b1,b1010010110100101,0,b10,b0,b0,0,b11110111,b10,b1010101010000000,b111010001100101011100110111010000110001010111110111010001111000010111110110001101101111011011010111000001101100011001010111010001100101,b111010001100101011100110111010000110010010111110111010001111000,b111010001100101011100110111010000110010010111110111010001111000,b11111010000,b111010001100101011100110111010000110010010111110111010001111000,b100111000100000
4230000,b11110111,0,b0,0,0,1,1,0,1,0,0,b101010101010101,b1000,b110100,1,1,0,b101010101010101,b111,b10,b1010010110100101,0,b10,b0,b0,0,b11110111,b10,b1010101010000000,b111010001100101011100110111010000110001010111110111010001111000010111110110001101101111011011010111000001101100011001010111010001100101,b111010001100101011100110111010000110010010111110111010001111000,b111010001100101011100110111010000110010010111110111010001111000,b11111010000,b111010001100101011100110111010000110010010111110111010001111000,b100111000100000
4240000,b11110111,0,b0,0,0,1,0,0,1,0,0,b101010101010101,b1000,b110101,1,1,0,b101010101010101,b111,b10,b1010010110100101,0,b10,b0,b0,0,b11110111,b10,b1010101010000000,b111010001100101011100110111010000110001010111110111010001111000010111110110001101101111011011010111000001101100011001010111010001100101,b111010001100101011100110111010000110010010111110111010001111000,b111010001100101011100110111010000110010010111110111010001111000,b11111010000,b111010001100101011100110111010000110010010111110111010001111000,b100111000100000
4250000,b11110111,0,b0,0,0,1,1,0,1,0,0,b101010101010101,b1000,b110101,1,1,0,b101010101010101,b111,b11,b1010010110100101,0,b10,b0,b0,0,b11110111,b10,b1010101010000000,b111010001100101011100110111010000110001010111110111010001111000010111110110001101101111011011010111000001101100011001010111010001100101,b111010001100101011100110111010000110010010111110111010001111000,b111010001100101011100110111010000110010010111110111010001111000,b11111010000,b111010001100101011100110111010000110010010111110111010001111000,b100111000100000
4260000,b11110111,0,b0,0,0,1,0,0,1,0,0,b101010101010101,b1000,b110110,1,1,0,b101010101010101,b111,b11,b1010010110100101,0,b10,b0,b0,0,b11110111,b10,b1010101010000000,b111010001100101011100110111010000110001010111110111010001111000010111110110001101101111011011010111000001101100011001010111010001100101,b111010001100101011100110111010000110010010111110111010001111000,b111010001100101011100110111010000110010010111110111010001111000,b11111010000,b111010001100101011100110111010000110010010111110111010001111000,b100111000100000
4270000,b11110111,0,b0,0,0,1,1,0,1,0,0,b101010101010101,b1000,b110110,1,1,0,b101010101010101,b111,b0,b1010010110100101,0,b10,b0,b0,1,b11110111,b10,b1010101010000000,b111010001100101011100110111010000110001010111110111010001111000010111110110001101101111011011010111000001101100011001010111010001100101,b111010001100101011100110111010000110010010111110111010001111000,b111010001100101011100110111010000110010010111110111010001111000,b11111010000,b111010001100101011100110111010000110010010111110111010001111000,b100111000100000
4280000,b11110111,0,b0,0,0,1,0,0,1,0,0,b101010101010101,b1000,b110111,1,1,0,b101010101010101,b111,b0,b1010010110100101,0,b10,b0,b0,1,b11110111,b10,b1010101010000000,b111010001100101011100110111010000110001010111110111010001111000010111110110001101101111011011010111000001101100011001010111010001100101,b111010001100101011100110111010000110010010111110111010001111000,b111010001100101011100110111010000110010010111110111010001111000,b11111010000,b111010001100101011100110111010000110010010111110111010001111000,b100111000100000
4290000,b11110111,1,b0,0,0,1,1,0,1,0,0,b101010101010101,b1000,b110111,1,1,0,b101010101010101,b111,b1,b1010010110100101,1,b10,b0,b0,1,b11110111,b10,b1010101010000000,b111010001100101011100110111010000110001010111110111010001111000010111110110001101101111011011010111000001101100011001010111010001100101,b111010001100101011100110111010000110010010111110111010001111000,b111010001100101011100110111010000110010010111110111010001111000,b11111010000,b111010001100101011100110111010000110010010111110111010001111000,b100111000100000
4300000,b11110111,1,b0,0,0,1,0,0,1,0,0,b101010101010101,b1000,b111000,1,1,0,b101010101010101,b111,b1,b1010010110100101,1,b10,b0,b0,1,b11110111,b10,b1010101010000000,b111010001100101011100110111010000110001010111110111010001111000010111110110001101101111011011010111000001101100011001010111010001100101,b111010001100101011100110111010000110010010111110111010001111000,b111010001100101011100110111010000110010010111110111010001111000,b11111010000,b111010001100101011100110111010000110010010111110111010001111000,b100111000100000
4310000,b11110111,1,b0,0,0,1,1,0,1,0,0,b101010101010101,b1000,b111000,1,1,0,b101010101010101,b111,b10,b1010010110100101,1,b10,b0,b0,1,b11110111,b10,b1010101010000000,b111010001100101011100110111010000110001010111110111010001111000010111110110001101101111011011010111000001101100011001010111010001100101,b111010001100101011100110111010000110010010111110111010001111000,b111010001100101011100110111010000110010010111110111010001111000,b11111010000,b111010001100101011100110111010000110010010111110111010001111000,b100111000100000
4320000,b11110111,1,b0,0,0,1,0,0,1,0,0,b101010101010101,b1000,b111001,1,1,0,b101010101010101,b111,b10,b1010010110100101,1,b10,b0,b0,1,b11110111,b10,b1010101010000000,b111010001100101011100110111010000110001010111110111010001111000010111110110001101101111011011010111000001101100011001010111010001100101,b111010001100101011100110111010000110010010111110111010001111000,b111010001100101011100110111010000110010010111110111010001111000,b11111010000,b111010001100101011100110111010000110010010111110111010001111000,b100111000100000
4330000,b11110111,1,b0,0,0,1,1,0,1,0,0,b101010101010101,b1000,b111001,1,1,0,b101010101010101,b111,b11,b1010010110100101,1,b10,b0,b0,1,b11110111,b10,b1010101010000000,b111010001100101011100110111010000110001010111110111010001111000010111110110001101101111011011010111000001101100011001010111010001100101,b111010001100101011100110111010000110010010111110111010001111000,b111010001100101011100110111010000110010010111110111010001111000,b11111010000,b111010001100101011100110111010000110010010111110111010001111000,b100111000100000
4340000,b11110111,1,b0,0,0,1,0,0,1,0,0,b101010101010101,b1000,b111010,1,1,0,b101010101010101,b111,b11,b1010010110100101,1,b10,b0,b0,1,b11110111,b10,b1010101010000000,b111010001100101011100110111010000110001010111110111010001111000010111110110001101101111011011010111000001101100011001010111010001100101,b111010001100101011100110111010000110010010111110111010001111000,b111010001100101011100110111010000110010010111110111010001111000,b11111010000,b111010001100101011100110111010000110010010111110111010001111000,b100111000100000
4350000,b11110111,1,b0,0,0,1,1,0,1,0,0,b101010101010101,b1000,b111010,1,1,0,b101010101010101,b111,b0,b1010010110100101,1,b10,b0,b0,0,b11110111,b10,b1010101010000000,b111010001100101011100110111010000110001010111110111010001111000010111110110001101101111011011010111000001101100011001010111010001100101,b111010001100101011100110111010000110010010111110111010001111000,b111010001100101011100110111010000110010010111110111010001111000,b11111010000,b111010001100101011100110111010000110010010111110111010001111000,b100111000100000
4360000,b11110111,1,b0,0,0,1,0,0,1,0,0,b101010101010101,b1000,b111011,1,1,0,b101010101010101,b111,b0,b1010010110100101,1,b10,b0,b0,0,b11110111,b10,b1010101010000000,b111010001100101011100110111010000110001010111110111010001111000010111110110001101101111011011010111000001101100011001010111010001100101,b111010001100101011100110111010000110010010111110111010001111000,b111010001100101011100110111010000110010010111110111010001111000,b11111010000,b111010001100101011100110111010000110010010111110111010001111000,b100111000100000
4370000,b11110111,0,b0,1,0,1,1,0,1,0,0,b101010101010101,b1000,b111011,1,1,0,b101010101010101,b1000,b1,b1010010110100101,0,b10,b0,b0,0,b11110111,b10,b101010100000000,b111010001100101011100110111010000110001010111110111010001111000010111110110001101101111011011010111000001101100011001010111010001100101,b111010001100101011100110111010000110010010111110111010001111000,b111010001100101011100110111010000110010010111110111010001111000,b11111010000,b111010001100101011100110111010000110010010111110111010001111000,b100111000100000
4380000,b11110111,0,b0,1,0,1,0,0,1,0,0,b101010101010101,b1000,b111100,1,1,0,b101010101010101,b1000,b1,b1010010110100101,0,b10,b0,b0,0,b11110111,b10,b101010100000000,b111010001100101011100110111010000110001010111110111010001111000010111110110001101101111011011010111000001101100011001010111010001100101,b111010001100101011100110111010000110010010111110111010001111000,b111010001100101011100110111010000110010010111110111010001111000,b11111010000,b111010001100101011100110111010000110010010111110111010001111000,b100111000100000
4390000,b11110111,0,b0,1,0,1,1,0,1,0,0,b101010101010101,b1000,b111100,1,1,0,b101010101010101,b1000,b10,b1010010110100101,0,b10,b0,b0,0,b11110111,b10,b101010100000000,b111010001100101011100110111010000110001010111110111010001111000010111110110001101101111011011010111000001101100011001010111010001100101,b111010001100101011100110111010000110010010111110111010001111000,b111010001100101011100110111010000110010010111110111010001111000,b11111010000,b111010001100101011100110111010000110010010111110111010001111000,b100111000100000
4400000,b11110111,0,b0,1,0,1,0,0,1,0,0,b101010101010101,b1000,b111101,1,1,0,b101010101010101,b1000,b10,b1010010110100101,0,b10,b0,b0,0,b11110111,b10,b101010100000000,b111010001100101011100110111010000110001010111110111010001111000010111110110001101101111011011010111000001101100011001010111010001100101,b111010001100101011100110111010000110010010111110111010001111000,b111010001100101011100110111010000110010010111110111010001111000,b11111010000,b111010001100101011100110111010000110010010111110111010001111000,b100111000100000
4410000,b11110111,0,b0,1,0,1,1,0,1,0,0,b101010101010101,b1000,b111101,1,1,0,b101010101010101,b1000,b11,b1010010110100101,0,b10,b0,b0,0,b11110111,b10,b101010100000000,b111010001100101011100110111010000110001010111110111010001111000010111110110001101101111011011010111000001101100011001010111010001100101,b111010001100101011100110111010000110010010111110111010001111000,b111010001100101011100110111010000110010010111110111010001111000,b11111010000,b111010001100101011100110111010000110010010111110111010001111000,b100111000100000
4420000,b11110111,0,b0,1,0,1,0,0,1,0,0,b101010101010101,b1000,b111110,1,1,0,b101010101010101,b1000,b11,b1010010110100101,0,b10,b0,b0,0,b11110111,b10,b101010100000000,b111010001100101011100110111010000110001010111110111010001111000010111110110001101101111011011010111000001101100011001010111010001100101,b111010001100101011100110111010000110010010111110111010001111000,b111010001100101011100110111010000110010010111110111010001111000,b11111010000,b111010001100101011100110111010000110010010111110111010001111000,b100111000100000
4430000,b11110111,0,b0,1,0,1,1,0,1,0,0,b101010101010101,b1000,b111110,1,1,0,b101010101010101,b1000,b0,b1010010110100101,0,b10,b0,b0,1,b11110111,b10,b101010100000000,b111010001100101011100110111010000110001010111110111010001111000010111110110001101101111011011010111000001101100011001010111010001100101,b111010001100101011100110111010000110010010111110111010001111000,b111010001100101011100110111010000110010010111110111010001111000,b11111010000,b111010001100101011100110111010000110010010111110111010001111000,b100111000100000
4440000,b11110111,0,b0,1,0,1,0,0,1,0,0,b101010101010101,b1000,b111111,1,1,0,b101010101010101,b1000,b0,b1010010110100101,0,b10,b0,b0,1,b11110111,b10,b101010100000000,b111010001100101011100110111010000110001010111110111010001111000010111110110001101101111011011010111000001101100011001010111010001100101,b111010001100101011100110111010000110010010111110111010001111000,b111010001100101011100110111010000110010010111110111010001111000,b11111010000,b111010001100101011100110111010000110010010111110111010001111000,b100111000100000
4450000,b11110111,1,b0,1,0,1,1,0,1,0,0,b101010101010101,b1000,b111111,1,1,0,b101010101010101,b1000,b1,b1010010110100101,1,b10,b0,b0,1,b11110111,b10,b101010100000000,b111010001100101011100110111010000110001010111110111010001111000010111110110001101101111011011010111000001101100011001010111010001100101,b111010001100101011100110111010000110010010111110111010001111000,b111010001100101011100110111010000110010010111110111010001111000,b11111010000,b111010001100101011100110111010000110010010111110111010001111000,b100111000100000
4460000,b11110111,1,b0,1,0,1,0,0,1,0,0,b101010101010101,b1000,b1000000,1,1,0,b101010101010101,b1000,b1,b1010010110100101,1,b10,b0,b0,1,b11110111,b10,b101010100000000,b111010001100101011100110111010000110001010111110111010001111000010111110110001101101111011011010111000001101100011001010111010001100101,b111010001100101011100110111010000110010010111110111010001111000,b111010001100101011100110111010000110010010111110111010001111000,b11111010000,b111010001100101011100110111010000110010010111110111010001111000,b100111000100000
4470000,b11110111,1,b0,1,0,1,1,0,1,0,0,b101010101010101,b1000,b1000000,1,1,0,b101010101010101,b1000,b10,b1010010110100101,1,b10,b0,b0,1,b11110111,b10,b101010100000000,b111010001100101011100110111010000110001010111110111010001111000010111110110001101101111011011010111000001101100011001010111010001100101,b111010001100101011100110111010000110010010111110111010001111000,b111010001100101011100110111010000110010010111110111010001111000,b11111010000,b111010001100101011100110111010000110010010111110111010001111000,b100111000100000
4480000,b11110111,1,b0,1,0,1,0,0,1,0,0,b101010101010101,b1000,b1000001,1,1,0,b101010101010101,b1000,b10,b1010010110100101,1,b10,b0,b0,1,b11110111,b10,b101010100000000,b111010001100101011100110111010000110001010111110111010001111000010111110110001101101111011011010111000001101100011001010111010001100101,b111010001100101011100110111010000110010010111110111010001111000,b111010001100101011100110111010000110010010111110111010001111000,b11111010000,b111010001100101011100110111010000110010010111110111010001111000,b100111000100000
4490000,b11110111,1,b0,1,0,1,1,0,1,0,0,b101010101010101,b1000,b1000001,1,1,0,b101010101010101,b1000,b11,b1010010110100101,1,b10,b0,b0,1,b11110111,b10,b101010100000000,b111010001100101011100110111010000110001010111110111010001111000010111110110001101101111011011010111000001101100011001010111010001100101,b111010001100101011100110111010000110010010111110111010001111000,b111010001100101011100110111010000110010010111110111010001111000,b11111010000,b111010001100101011100110111010000110010010111110111010001111000,b100111000100000
4500000,b11110111,1,b0,1,0,1,0,0,1,0,0,b101010101010101,b1000,b1000010,1,1,0,b101010101010101,b1000,b11,b1010010110100101,1,b10,b0,b0,1,b11110111,b10,b101010100000000,b111010001100101011100110111010000110001010111110111010001111000010111110110001101101111011011010111000001101100011001010111010001100101,b111010001100101011100110111010000110010010111110111010001111000,b111010001100101011100110111010000110010010111110111010001111000,b11111010000,b111010001100101011100110111010000110010010111110111010001111000,b100111000100000
4510000,b11110111,1,b0,1,0,1,1,0,1,0,0,b101010101010101,b1000,b1000010,1,1,0,b101010101010101,b1000,b0,b1010010110100101,1,b10,b0,b0,0,b11110111,b10,b101010100000000,b111010001100101011100110111010000110001010111110111010001111000010111110110001101101111011011010111000001101100011001010111010001100101,b111010001100101011100110111010000110010010111110111010001111000,b111010001100101011100110111010000110010010111110111010001111000,b11111010000,b111010001100101011100110111010000110010010111110111010001111000,b100111000100000
4520000,b11110111,1,b0,1,0,1,0,0,1,0,0,b101010101010101,b1000,b1000011,1,1,0,b101010101010101,b1000,b0,b1010010110100101,1,b10,b0,b0,0,b11110111,b10,b101010100000000,b111010001100101011100110111010000110001010111110111010001111000010111110110001101101111011011010111000001101100011001010111010001100101,b111010001100101011100110111010000110010010111110111010001111000,b111010001100101011100110111010000110010010111110111010001111000,b11111010000,b111010001100101011100110111010000110010010111110111010001111000,b100111000100000
4530000,b11110111,0,b0,0,0,1,1,0,1,0,0,b101010101010101,b1000,b1000011,1,1,0,b101010101010101,b1001,b1,b1010010110100101,0,b10,b0,b0,0,b11110111,b10,b1010101000000000,b111010001100101011100110111010000110001010111110111010001111000010111110110001101101111011011010111000001101100011001010111010001100101,b111010001100101011100110111010000110010010111110111010001111000,b111010001100101011100110111010000110010010111110111010001111000,b11111010000,b111010001100101011100110111010000110010010111110111010001111000,b100111000100000
4540000,b11110111,0,b0,0,0,1,0,0,1,0,0,b101010101010101,b1000,b1000100,1,1,0,b101010101010101,b1001,b1,b1010010110100101,0,b10,b0,b0,0,b11110111,b10,b1010101000000000,b111010001100101011100110111010000110001010111110111010001111000010111110110001101101111011011010111000001101100011001010111010001100101,b111010001100101011100110111010000110010010111110111010001111000,b111010001100101011100110111010000110010010111110111010001111000,b11111010000,b111010001100101011100110111010000110010010111110111010001111000,b100111000100000
4550000,b11110111,0,b0,0,0,1,1,0,1,0,0,b101010101010101,b1000,b1000100,1,1,0,b101010101010101,b1001,b10,b1010010110100101,0,b10,b0,b0,0,b11110111,b10,b1010101000000000,b111010001100101011100110111010000110001010111110111010001111000010111110110001101101111011011010111000001101100011001010111010001100101,b111010001100101011100110111010000110010010111110111010001111000,b111010001100101011100110111010000110010010111110111010001111000,b11111010000,b111010001100101011100110111010000110010010111110111010001111000,b100111000100000
4560000,b11110111,0,b0,0,0,1,0,0,1,0,0,b101010101010101,b1000,b1000101,1,1,0,b101010101010101,b1001,b10,b1010010110100101,0,b10,b0,b0,0,b11110111,b10,b1010101000000000,b111010001100101011100110111010000110001010111110111010001111000010111110110001101101111011011010111000001101100011001010111010001100101,b111010001100101011100110111010000110010010111110111010001111000,b111010001100101011100110111010000110010010111110111010001111000,b11111010000,b111010001100101011100110111010000110010010111110111010001111000,b100111000100000
4570000,b11110111,0,b0,0,0,1,1,0,1,0,0,b101010101010101,b1000,b1000101,1,1,0,b101010101010101,b1001,b11,b1010010110100101,0,b10,b0,b0,0,b11110111,b10,b1010101000000000,b111010001100101011100110111010000110001010111110111010001111000010111110110001101101111011011010111000001101100011001010111010001100101,b111010001100101011100110111010000110010010111110111010001111000,b111010001100101011100110111010000110010010111110111010001111000,b11111010000,b111010001100101011100110111010000110010010111110111010001111000,b100111000100000
4580000,b11110111,0,b0,0,0,1,0,0,1,0,0,b101010101010101,b1000,b1000110,1,1,0,b101010101010101,b1001,b11,b1010010110100101,0,b10,b0,b0,0,b11110111,b10,b1010101000000000,b111010001100101011100110111010000110001010111110111010001111000010111110110001101101111011011010111000001101100011001010111010001100101,b111010001100101011100110111010000110010010111110111010001111000,b111010001100101011100110111010000110010010111110111010001111000,b11111010000,b111010001100101011100110111010000110010010111110111010001111000,b100111000100000
4590000,b11110111,0,b0,0,0,1,1,0,1,0,0,b101010101010101,b1000,b1000110,1,1,0,b101010101010101,b1001,b0,b1010010110100101,0,b10,b0,b0,1,b11110111,b10,b1010101000000000,b111010001100101011100110111010000110001010111110111010001111000010111110110001101101111011011010111000001101100011001010111010001100101,b111010001100101011100110111010000110010010111110111010001111000,b111010001100101011100110111010000110010010111110111010001111000,b11111010000,b111010001100101011100110111010000110010010111110111010001111000,b100111000100000
4600000,b11110111,0,b0,0,0,1,0,0,1,0,0,b101010101010101,b1000,b1000111,1,1,0,b101010101010101,b1001,b0,b1010010110100101,0,b10,b0,b0,1,b11110111,b10,b1010101000000000,b111010001100101011100110111010000110001010111110111010001111000010111110110001101101111011011010111000001101100011001010111010001100101,b111010001100101011100110111010000110010010111110111010001111000,b111010001100101011100110111010000110010010111110111010001111000,b11111010000,b111010001100101011100110111010000110010010111110111010001111000,b100111000100000
4610000,b11110111,1,b0,0,0,1,1,0,1,0,0,b101010101010101,b1000,b1000111,1,1,0,b101010101010101,b1001,b1,b1010010110100101,1,b10,b0,b0,1,b11110111,b10,b1010101000000000,b111010001100101011100110111010000110001010111110111010001111000010111110110001101101111011011010111000001101100011001010111010001100101,b111010001100101011100110111010000110010010111110111010001111000,b111010001100101011100110111010000110010010111110111010001111000,b11111010000,b111010001100101011100110111010000110010010111110111010001111000,b100111000100000
4620000,b11110111,1,b0,0,0,1,0,0,1,0,0,b101010101010101,b1000,b1001000,1,1,0,b101010101010101,b1001,b1,b1010010110100101,1,b10,b0,b0,1,b11110111,b10,b1010101000000000,b111010001100101011100110111010000110001010111110111010001111000010111110110001101101111011011010111000001101100011001010111010001100101,b111010001100101011100110111010000110010010111110111010001111000,b111010001100101011100110111010000110010010111110111010001111000,b11111010000,b111010001100101011100110111010000110010010111110111010001111000,b100111000100000
4630000,b11110111,1,b0,0,0,1,1,0,1,0,0,b101010101010101,b1000,b1001000,1,1,0,b101010101010101,b1001,b10,b1010010110100101,1,b10,b0,b0,1,b11110111,b10,b1010101000000000,b111010001100101011100110111010000110001010111110111010001111000010111110110001101101111011011010111000001101100011001010111010001100101,b111010001100101011100110111010000110010010111110111010001111000,b111010001100101011100110111010000110010010111110111010001111000,b11111010000,b111010001100101011100110111010000110010010111110111010001111000,b100111000100000
4640000,b11110111,1,b0,0,0,1,0,0,1,0,0,b101010101010101,b1000,b1001001,1,1,0,b101010101010101,b1001,b10,b1010010110100101,1,b10,b0,b0,1,b11110111,b10,b1010101000000000,b111010001100101011100110111010000110001010111110111010001111000010111110110001101101111011011010111000001101100011001010111010001100101,b111010001100101011100110111010000110010010111110111010001111000,b111010001100101011100110111010000110010010111110111010001111000,b11111010000,b111010001100101011100110111010000110010010111110111010001111000,b100111000100000
4650000,b11110111,1,b0,0,0,1,1,0,1,0,0,b101010101010101,b1000,b1001001,1,1,0,b101010101010101,b1001,b11,b1010010110100101,1,b10,b0,b0,1,b11110111,b10,b1010101000000000,b111010001100101011100110111010000110001010111110111010001111000010111110110001101101111011011010111000001101100011001010111010001100101,b111010001100101011100110111010000110010010111110111010001111000,b111010001100101011100110111010000110010010111110111010001111000,b11111010000,b111010001100101011100110111010000110010010111110111010001111000,b100111000100000
4660000,b11110111,1,b0,0,0,1,0,0,1,0,0,b101010101010101,b1000,b1001010,1,1,0,b101010101010101,b1001,b11,b1010010110100101,1,b10,b0,b0,1,b11110111,b10,b1010101000000000,b111010001100101011100110111010000110001010111110111010001111000010111110110001101101111011011010111000001101100011001010111010001100101,b111010001100101011100110111010000110010010111110111010001111000,b111010001100101011100110111010000110010010111110111010001111000,b11111010000,b111010001100101011100110111010000110010010111110111010001111000,b100111000100000
4670000,b11110111,1,b0,0,0,1,1,0,1,0,0,b101010101010101,b1000,b1001010,1,1,0,b101010101010101,b1001,b0,b1010010110100101,1,b10,b0,b0,0,b11110111,b10,b1010101000000000,b111010001100101011100110111010000110001010111110111010001111000010111110110001101101111011011010111000001101100011001010111010001100101,b111010001100101011100110111010000110010010111110111010001111000,b111010001100101011100110111010000110010010111110111010001111000,b11111010000,b111010001100101011100110111010000110010010111110111010001111000,b100111000100000
4680000,b11110111,1,b0,0,0,1,0,0,1,0,0,b101010101010101,b1000,b1001011,1,1,0,b101010101010101,b1001,b0,b1010010110100101,1,b10,b0,b0,0,b11110111,b10,b1010101000000000,b111010001100101011100110111010000110001010111110111010001111000010111110110001101101111011011010111000001101100011001010111010001100101,b111010001100101011100110111010000110010010111110111010001111000,b111010001100101011100110111010000110010010111110111010001111000,b11111010000,b111010001100101011100110111010000110010010111110111010001111000,b100111000100000
4690000,b11110111,0,b0,1,0,1,1,0,1,0,0,b101010101010101,b1000,b1001011,1,1,0,b101010101010101,b1010,b1,b1010010110100101,0,b10,b0,b0,0,b11110111,b10,b101010000000000,b111010001100101011100110111010000110001010111110111010001111000010111110110001101101111011011010111000001101100011001010111010001100101,b111010001100101011100110111010000110010010111110111010001111000,b111010001100101011100110111010000110010010111110111010001111000,b11111010000,b111010001100101011100110111010000110010010111110111010001111000,b100111000100000
4700000,b11110111,0,b0,1,0,1,0,0,1,0,0,b101010101010101,b1000,b1001100,1,1,0,b101010101010101,b1010,b1,b1010010110100101,0,b10,b0,b0,0,b11110111,b10,b101010000000000,b111010001100101011100110111010000110001010111110111010001111000010111110110001101101111011011010111000001101100011001010111010001100101,b111010001100101011100110111010000110010010111110111010001111000,b111010001100101011100110111010000110010010111110111010001111000,b11111010000,b111010001100101011100110111010000110010010111110111010001111000,b100111000100000
4710000,b11110111,0,b0,1,0,1,1,0,1,0,0,b101010101010101,b1000,b1001100,1,1,0,b101010101010101,b1010,b10,b1010010110100101,0,b10,b0,b0,0,b11110111,b10,b101010000000000,b111010001100101011100110111010000110001010111110111010001111000010111110110001101101111011011010111000001101100011001010111010001100101,b111010001100101011100110111010000110010010111110111010001111000,b111010001100101011100110111010000110010010111110111010001111000,b11111010000,b111010001100101011100110111010000110010010111110111010001111000,b100111000100000
4720000,b11110111,0,b0,1,0,1,0,0,1,0,0,b101010101010101,b1000,b1001101,1,1,0,b101010101010101,b1010,b10,b1010010110100101,0,b10,b0,b0,0,b11110111,b10,b101010000000000,b111010001100101011100110111010000110001010111110111010001111000010111110110001101101111011011010111000001101100011001010111010001100101,b111010001100101011100110111010000110010010111110111010001111000,b111010001100101011100110111010000110010010111110111010001111000,b11111010000,b111010001100101011100110111010000110010010111110111010001111000,b100111000100000
4730000,b11110111,0,b0,1,0,1,1,0,1,0,0,b101010101010101,b1000,b1001101,1,1,0,b101010101010101,b1010,b11,b1010010110100101,0,b10,b0,b0,0,b11110111,b10,b101010000000000,b111010001100101011100110111010000110001010111110111010001111000010111110110001101101111011011010111000001101100011001010111010001100101,b111010001100101011100110111010000110010010111110111010001111000,b111010001100101011100110111010000110010010111110111010001111000,b11111010000,b111010001100101011100110111010000110010010111110111010001111000,b100111000100000
4740000,b11110111,0,b0,1,0,1,0,0,1,0,0,b101010101010101,b1000,b1001110,1,1,0,b101010101010101,b1010,b11,b1010010110100101,0,b10,b0,b0,0,b11110111,b10,b101010000000000,b111010001100101011100110111010000110001010111110111010001111000010111110110001101101111011011010111000001101100011001010111010001100101,b111010001100101011100110111010000110010010111110111010001111000,b111010001100101011100110111010000110010010111110111010001111000,b11111010000,b111010001100101011100110111010000110010010111110111010001111000,b100111000100000
4750000,b11110111,0,b0,1,0,1,1,0,1,0,0,b101010101010101,b1000,b1001110,1,1,0,b101010101010101,b1010,b0,b1010010110100101,0,b10,b0,b0,1,b11110111,b10,b101010000000000,b111010001100101011100110111010000110001010111110111010001111000010111110110001101101111011011010111000001101100011001010111010001100101,b111010001100101011100110111010000110010010111110111010001111000,b111010001100101011100110111010000110010010111110111010001111000,b11111010000,b111010001100101011100110111010000110010010111110111010001111000,b100111000100000
4760000,b11110111,0,b0,1,0,1,0,0,1,0,0,b101010101010101,b1000,b1001111,1,1,0,b101010101010101,b1010,b0,b1010010110100101,0,b10,b0,b0,1,b11110111,b10,b101010000000000,b111010001100101011100110111010000110001010111110111010001111000010111110110001101101111011011010111000001101100011001010111010001100101,b111010001100101011100110111010000110010010111110111010001111000,b111010001100101011100110111010000110010010111110111010001111000,b11111010000,b111010001100101011100110111010000110010010111110111010001111000,b100111000100000
4770000,b11110111,1,b0,1,0,1,1,0,1,0,0,b101010101010101,b1000,b1001111,1,1,0,b101010101010101,b1010,b1,b1010010110100101,1,b10,b0,b0,1,b11110111,b10,b101010000000000,b111010001100101011100110111010000110001010111110111010001111000010111110110001101101111011011010111000001101100011001010111010001100101,b111010001100101011100110111010000110010010111110111010001111000,b111010001100101011100110111010000110010010111110111010001111000,b11111010000,b111010001100101011100110111010000110010010111110111010001111000,b100111000100000
4780000,b11110111,1,b0,1,0,1,0,0,1,0,0,b101010101010101,b1000,b1010000,1,1,0,b101010101010101,b1010,b1,b1010010110100101,1,b10,b0,b0,1,b11110111,b10,b101010000000000,b111010001100101011100110111010000110001010111110111010001111000010111110110001101101111011011010111000001101100011001010111010001100101,b111010001100101011100110111010000110010010111110111010001111000,b111010001100101011100110111010000110010010111110111010001111000,b11111010000,b111010001100101011100110111010000110010010111110111010001111000,b100111000100000
4790000,b11110111,1,b0,1,0,1,1,0,1,0,0,b101010101010101,b1000,b1010000,1,1,0,b101010101010101,b1010,b10,b1010010110100101,1,b10,b0,b0,1,b11110111,b10,b101010000000000,b111010001100101011100110111010000110001010111110111010001111000010111110110001101101111011011010111000001101100011001010111010001100101,b111010001100101011100110111010000110010010111110111010001111000,b111010001100101011100110111010000110010010111110111010001111000,b11111010000,b111010001100101011100110111010000110010010111110111010001111000,b100111000100000
4800000,b11110111,1,b0,1,0,1,0,0,1,0,0,b101010101010101,b1000,b1010001,1,1,0,b101010101010101,b1010,b10,b1010010110100101,1,b10,b0,b0,1,b11110111,b10,b101010000000000,b111010001100101011100110111010000110001010111110111010001111000010111110110001101101111011011010111000001101100011001010111010001100101,b111010001100101011100110111010000110010010111110111010001111000,b111010001100101011100110111010000110010010111110111010001111000,b11111010000,b111010001100101011100110111010000110010010111110111010001111000,b100111000100000
4810000,b11110111,1,b0,1,0,1,1,0,1,0,0,b101010101010101,b1000,b1010001,1,1,0,b101010101010101,b1010,b11,b1010010110100101,1,b10,b0,b0,1,b11110111,b10,b101010000000000,b111010001100101011100110111010000110001010111110111010001111000010111110110001101101111011011010111000001101100011001010111010001100101,b111010001100101011100110111010000110010010111110111010001111000,b111010001100101011100110111010000110010010111110111010001111000,b11111010000,b111010001100101011100110111010000110010010111110111010001111000,b100111000100000
4820000,b11110111,1,b0,1,0,1,0,0,1,0,0,b101010101010101,b1000,b1010010,1,1,0,b101010101010101,b1010,b11,b1010010110100101,1,b10,b0,b0,1,b11110111,b10,b101010000000000,b111010001100101011100110111010000110001010111110111010001111000010111110110001101101111011011010111000001101100011001010111010001100101,b111010001100101011100110111010000110010010111110111010001111000,b111010001100101011100110111010000110010010111110111010001111000,b11111010000,b111010001100101011100110111010000110010010111110111010001111000,b100111000100000
4830000,b11110111,1,b0,1,0,1,1,0,1,0,0,b101010101010101,b1000,b1010010,1,1,0,b101010101010101,b1010,b0,b1010010110100101,1,b10,b0,b0,0,b11110111,b10,b101010000000000,b111010001100101011100110111010000110001010111110111010001111000010111110110001101101111011011010111000001101100011001010111010001100101,b111010001100101011100110111010000110010010111110111010001111000,b111010001100101011100110111010000110010010111110111010001111000,b11111010000,b111010001100101011100110111010000110010010111110111010001111000,b100111000100000
4840000,b11110111,1,b0,1,0,1,0,0,1,0,0,b101010101010101,b1000,b1010011,1,1,0,b101010101010101,b1010,b0,b1010010110100101,1,b10,b0,b0,0,b11110111,b10,b101010000000000,b111010001100101011100110111010000110001010111110111010001111000010111110110001101101111011011010111000001101100011001010111010001100101,b111010001100101011100110111010000110010010111110111010001111000,b111010001100101011100110111010000110010010111110111010001111000,b11111010000,b111010001100101011100110111010000110010010111110111010001111000,b100111000100000
4850000,b11110111,0,b0,0,0,1,1,0,1,0,0,b101010101010101,b1000,b1010011,1,1,0,b101010101010101,b1011,b1,b1010010110100101,0,b10,b0,b0,0,b11110111,b10,b1010100000000000,b111010001100101011100110111010000110001010111110111010001111000010111110110001101101111011011010111000001101100011001010111010001100101,b111010001100101011100110111010000110010010111110111010001111000,b111010001100101011100110111010000110010010111110111010001111000,b11111010000,b111010001100101011100110111010000110010010111110111010001111000,b100111000100000
4860000,b11110111,0,b0,0,0,1,0,0,1,0,0,b101010101010101,b1000,b1010100,1,1,0,b101010101010101,b1011,b1,b1010010110100101,0,b10,b0,b0,0,b11110111,b10,b1010100000000000,b111010001100101011100110111010000110001010111110111010001111000010111110110001101101111011011010111000001101100011001010111010001100101,b111010001100101011100110111010000110010010111110111010001111000,b111010001100101011100110111010000110010010111110111010001111000,b11111010000,b111010001100101011100110111010000110010010111110111010001111000,b100111000100000
4870000,b11110111,0,b0,0,0,1,1,0,1,0,0,b101010101010101,b1000,b1010100,1,1,0,b101010101010101,b1011,b10,b1010010110100101,0,b10,b0,b0,0,b11110111,b10,b1010100000000000,b111010001100101011100110111010000110001010111110111010001111000010111110110001101101111011011010111000001101100011001010111010001100101,b111010001100101011100110111010000110010010111110111010001111000,b111010001100101011100110111010000110010010111110111010001111000,b11111010000,b111010001100101011100110111010000110010010111110111010001111000,b100111000100000
4880000,b11110111,0,b0,0,0,1,0,0,1,0,0,b101010101010101,b1000,b1010101,1,1,0,b101010101010101,b1011,b10,b1010010110100101,0,b10,b0,b0,0,b11110111,b10,b1010100000000000,b111010001100101011100110111010000110001010111110111010001111000010111110110001101101111011011010111000001101100011001010111010001100101,b111010001100101011100110111010000110010010111110111010001111000,b111010001100101011100110111010000110010010111110111010001111000,b11111010000,b111010001100101011100110111010000110010010111110111010001111000,b100111000100000
4890000,b11110111,0,b0,0,0,1,1,0,1,0,0,b101010101010101,b1000,b1010101,1,1,0,b101010101010101,b1011,b11,b1010010110100101,0,b10,b0,b0,0,b11110111,b10,b1010100000000000,b111010001100101011100110111010000110001010111110111010001111000010111110110001101101111011011010111000001101100011001010111010001100101,b111010001100101011100110111010000110010010111110111010001111000,b111010001100101011100110111010000110010010111110111010001111000,b11111010000,b111010001100101011100110111010000110010010111110111010001111000,b100111000100000
4900000,b11110111,0,b0,0,0,1,0,0,1,0,0,b101010101010101,b1000,b1010110,1,1,0,b101010101010101,b1011,b11,b1010010110100101,0,b10,b0,b0,0,b11110111,b10,b1010100000000000,b111010001100101011100110111010000110001010111110111010001111000010111110110001101101111011011010111000001101100011001010111010001100101,b111010001100101011100110111010000110010010111110111010001111000,b111010001100101011100110111010000110010010111110111010001111000,b11111010000,b111010001100101011100110111010000110010010111110111010001111000,b100111000100000
4910000,b11110111,0,b0,0,0,1,1,0,1,0,0,b101010101010101,b1000,b1010110,1,1,0,b101010101010101,b1011,b0,b1010010110100101,0,b10,b0,b0,1,b11110111,b10,b1010100000000000,b111010001100101011100110111010000110001010111110111010001111000010111110110001101101111011011010111000001101100011001010111010001100101,b111010001100101011100110111010000110010010111110111010001111000,b111010001100101011100110111010000110010010111110111010001111000,b11111010000,b111010001100101011100110111010000110010010111110111010001111000,b100111000100000
4920000,b11110111,0,b0,0,0,1,0,0,1,0,0,b101010101010101,b1000,b1010111,1,1,0,b101010101010101,b1011,b0,b1010010110100101,0,b10,b0,b0,1,b11110111,b10,b1010100000000000,b111010001100101011100110111010000110001010111110111010001111000010111110110001101101111011011010111000001101100011001010111010001100101,b111010001100101011100110111010000110010010111110111010001111000,b111010001100101011100110111010000110010010111110111010001111000,b11111010000,b111010001100101011100110111010000110010010111110111010001111000,b100111000100000
4930000,b11110111,1,b0,0,0,1,1,0,1,0,0,b101010101010101,b1000,b1010111,1,1,0,b101010101010101,b1011,b1,b1010010110100101,1,b10,b0,b0,1,b11110111,b10,b1010100000000000,b111010001100101011100110111010000110001010111110111010001111000010111110110001101101111011011010111000001101100011001010111010001100101,b111010001100101011100110111010000110010010111110111010001111000,b111010001100101011100110111010000110010010111110111010001111000,b11111010000,b111010001100101011100110111010000110010010111110111010001111000,b100111000100000
4940000,b11110111,1,b0,0,0,1,0,0,1,0,0,b101010101010101,b1000,b1011000,1,1,0,b101010101010101,b1011,b1,b1010010110100101,1,b10,b0,b0,1,b11110111,b10,b1010100000000000,b111010001100101011100110111010000110001010111110111010001111000010111110110001101101111011011010111000001101100011001010111010001100101,b111010001100101011100110111010000110010010111110111010001111000,b111010001100101011100110111010000110010010111110111010001111000,b11111010000,b111010001100101011100110111010000110010010111110111010001111000,b100111000100000
4950000,b11110111,1,b0,0,0,1,1,0,1,0,0,b101010101010101,b1000,b1011000,1,1,0,b101010101010101,b1011,b10,b1010010110100101,1,b10,b0,b0,1,b11110111,b10,b1010100000000000,b111010001100101011100110111010000110001010111110111010001111000010111110110001101101111011011010111000001101100011001010111010001100101,b111010001100101011100110111010000110010010111110111010001111000,b111010001100101011100110111010000110010010111110111010001111000,b11111010000,b111010001100101011100110111010000110010010111110111010001111000,b100111000100000
4960000,b11110111,1,b0,0,0,1,0,0,1,0,0,b101010101010101,b1000,b1011001,1,1,0,b101010101010101,b1011,b10,b1010010110100101,1,b10,b0,b0,1,b11110111,b10,b1010100000000000,b111010001100101011100110111010000110001010111110111010001111000010111110110001101101111011011010111000001101100011001010111010001100101,b111010001100101011100110111010000110010010111110111010001111000,b111010001100101011100110111010000110010010111110111010001111000,b11111010000,b111010001100101011100110111010000110010010111110111010001111000,b100111000100000
4970000,b11110111,1,b0,0,0,1,1,0,1,0,0,b101010101010101,b1000,b1011001,1,1,0,b101010101010101,b1011,b11,b1010010110100101,1,b10,b0,b0,1,b11110111,b10,b1010100000000000,b111010001100101011100110111010000110001010111110111010001111000010111110110001101101111011011010111000001101100011001010111010001100101,b111010001100101011100110111010000110010010111110111010001111000,b111010001100101011100110111010000110010010111110111010001111000,b11111010000,b111010001100101011100110111010000110010010111110111010001111000,b100111000100000
4980000,b11110111,1,b0,0,0,1,0,0,1,0,0,b101010101010101,b1000,b1011010,1,1,0,b101010101010101,b1011,b11,b1010010110100101,1,b10,b0,b0,1,b11110111,b10,b1010100000000000,b111010001100101011100110111010000110001010111110111010001111000010111110110001101101111011011010111000001101100011001010111010001100101,b111010001100101011100110111010000110010010111110111010001111000,b111010001100101011100110111010000110010010111110111010001111000,b11111010000,b111010001100101011100110111010000110010010111110111010001111000,b100111000100000
4990000,b11110111,1,b0,0,0,1,1,0,1,0,0,b101010101010101,b1000,b1011010,1,1,0,b101010101010101,b1011,b0,b1010010110100101,1,b10,b0,b0,0,b11110111,b10,b1010100000000000,b111010001100101011100110111010000110001010111110111010001111000010111110110001101101111011011010111000001101100011001010111010001100101,b111010001100101011100110111010000110010010111110111010001111000,b111010001100101011100110111010000110010010111110111010001111000,b11111010000,b111010001100101011100110111010000110010010111110111010001111000,b100111000100000
5000000,b11110111,1,b0,0,0,1,0,0,1,0,0,b101010101010101,b1000,b1011011,1,1,0,b101010101010101,b1011,b0,b1010010110100101,1,b10,b0,b0,0,b11110111,b10,b1010100000000000,b111010001100101011100110111010000110001010111110111010001111000010111110110001101101111011011010111000001101100011001010111010001100101,b111010001100101011100110111010000110010010111110111010001111000,b111010001100101011100110111010000110010010111110111010001111000,b11111010000,b111010001100101011100110111010000110010010111110111010001111000,b100111000100000
5010000,b11110111,0,b0,1,0,1,1,0,1,0,0,b101010101010101,b1000,b1011011,1,1,0,b101010101010101,b1100,b1,b1010010110100101,0,b10,b0,b0,0,b11110111,b10,b101000000000000,b111010001100101011100110111010000110001010111110111010001111000010111110110001101101111011011010111000001101100011001010111010001100101,b111010001100101011100110111010000110010010111110111010001111000,b111010001100101011100110111010000110010010111110111010001111000,b11111010000,b111010001100101011100110111010000110010010111110111010001111000,b100111000100000
5020000,b11110111,0,b0,1,0,1,0,0,1,0,0,b101010101010101,b1000,b1011100,1,1,0,b101010101010101,b1100,b1,b1010010110100101,0,b10,b0,b0,0,b11110111,b10,b101000000000000,b111010001100101011100110111010000110001010111110111010001111000010111110110001101101111011011010111000001101100011001010111010001100101,b111010001100101011100110111010000110010010111110111010001111000,b111010001100101011100110111010000110010010111110111010001111000,b11111010000,b111010001100101011100110111010000110010010111110111010001111000,b100111000100000
5030000,b11110111,0,b0,1,0,1,1,0,1,0,0,b101010101010101,b1000,b1011100,1,1,0,b101010101010101,b1100,b10,b1010010110100101,0,b10,b0,b0,0,b11110111,b10,b101000000000000,b111010001100101011100110111010000110001010111110111010001111000010111110110001101101111011011010111000001101100011001010111010001100101,b111010001100101011100110111010000110010010111110111010001111000,b111010001100101011100110111010000110010010111110111010001111000,b11111010000,b111010001100101011100110111010000110010010111110111010001111000,b100111000100000
5040000,b11110111,0,b0,1,0,1,0,0,1,0,0,b101010101010101,b1000,b1011101,1,1,0,b101010101010101,b1100,b10,b1010010110100101,0,b10,b0,b0,0,b11110111,b10,b101000000000000,b111010001100101011100110111010000110001010111110111010001111000010111110110001101101111011011010111000001101100011001010111010001100101,b111010001100101011100110111010000110010010111110111010001111000,b111010001100101011100110111010000110010010111110111010001111000,b11111010000,b111010001100101011100110111010000110010010111110111010001111000,b100111000100000
5050000,b11110111,0,b0,1,0,1,1,0,1,0,0,b101010101010101,b1000,b1011101,1,1,0,b101010101010101,b1100,b11,b1010010110100101,0,b10,b0,b0,0,b11110111,b10,b101000000000000,b111010001100101011100110111010000110001010111110111010001111000010111110110001101101111011011010111000001101100011001010111010001100101,b111010001100101011100110111010000110010010111110111010001111000,b111010001100101011100110111010000110010010111110111010001111000,b11111010000,b111010001100101011100110111010000110010010111110111010001111000,b100111000100000
5060000,b11110111,0,b0,1,0,1,0,0,1,0,0,b101010101010101,b1000,b1011110,1,1,0,b101010101010101,b1100,b11,b1010010110100101,0,b10,b0,b0,0,b11110111,b10,b101000000000000,b111010001100101011100110111010000110001010111110111010001111000010111110110001101101111011011010111000001101100011001010111010001100101,b111010001100101011100110111010000110010010111110111010001111000,b111010001100101011100110111010000110010010111110111010001111000,b11111010000,b111010001100101011100110111010000110010010111110111010001111000,b100111000100000
5070000,b11110111,0,b0,1,0,1,1,0,1,0,0,b101010101010101,b1000,b1011110,1,1,0,b101010101010101,b1100,b0,b1010010110100101,0,b10,b0,b0,1,b11110111,b10,b101000000000000,b111010001100101011100110111010000110001010111110111010001111000010111110110001101101111011011010111000001101100011001010111010001100101,b111010001100101011100110111010000110010010111110111010001111000,b111010001100101011100110111010000110010010111110111010001111000,b11111010000,b111010001100101011100110111010000110010010111110111010001111000,b100111000100000
5080000,b11110111,0,b0,1,0,1,0,0,1,0,0,b101010101010101,b1000,b1011111,1,1,0,b101010101010101,b1100,b0,b1010010110100101,0,b10,b0,b0,1,b11110111,b10,b101000000000000,b111010001100101011100110111010000110001010111110111010001111000010111110110001101101111011011010111000001101100011001010111010001100101,b111010001100101011100110111010000110010010111110111010001111000,b111010001100101011100110111010000110010010111110111010001111000,b11111010000,b111010001100101011100110111010000110010010111110111010001111000,b100111000100000
5090000,b11110111,1,b0,1,0,1,1,0,1,0,0,b101010101010101,b1000,b1011111,1,1,0,b101010101010101,b1100,b1,b1010010110100101,1,b10,b0,b0,1,b11110111,b10,b101000000000000,b111010001100101011100110111010000110001010111110111010001111000010111110110001101101111011011010111000001101100011001010111010001100101,b111010001100101011100110111010000110010010111110111010001111000,b111010001100101011100110111010000110010010111110111010001111000,b11111010000,b111010001100101011100110111010000110010010111110111010001111000,b100111000100000
5100000,b11110111,1,b0,1,0,1,0,0,1,0,0,b101010101010101,b1000,b1100000,1,1,0,b101010101010101,b1100,b1,b1010010110100101,1,b10,b0,b0,1,b11110111,b10,b101000000000000,b111010001100101011100110111010000110001010111110111010001111000010111110110001101101111011011010111000001101100011001010111010001100101,b111010001100101011100110111010000110010010111110111010001111000,b111010001100101011100110111010000110010010111110111010001111000,b11111010000,b111010001100101011100110111010000110010010111110111010001111000,b100111000100000
5110000,b11110111,1,b0,1,0,1,1,0,1,0,0,b101010101010101,b1000,b1100000,1,1,0,b101010101010101,b1100,b10,b1010010110100101,1,b10,b0,b0,1,b11110111,b10,b101000000000000,b111010001100101011100110111010000110001010111110111010001111000010111110110001101101111011011010111000001101100011001010111010001100101,b111010001100101011100110111010000110010010111110111010001111000,b111010001100101011100110111010000110010010111110111010001111000,b11111010000,b111010001100101011100110111010000110010010111110111010001111000,b100111000100000
5120000,b11110111,1,b0,1,0,1,0,0,1,0,0,b101010101010101,b1000,b1100001,1,1,0,b101010101010101,b1100,b10,b1010010110100101,1,b10,b0,b0,1,b11110111,b10,b101000000000000,b111010001100101011100110111010000110001010111110111010001111000010111110110001101101111011011010111000001101100011001010111010001100101,b111010001100101011100110111010000110010010111110111010001111000,b111010001100101011100110111010000110010010111110111010001111000,b11111010000,b111010001100101011100110111010000110010010111110111010001111000,b100111000100000
5130000,b11110111,1,b0,1,0,1,1,0,1,0,0,b101010101010101,b1000,b1100001,1,1,0,b101010101010101,b1100,b11,b1010010110100101,1,b10,b0,b0,1,b11110111,b10,b101000000000000,b111010001100101011100110111010000110001010111110111010001111000010111110110001101101111011011010111000001101100011001010111010001100101,b111010001100101011100110111010000110010010111110111010001111000,b111010001100101011100110111010000110010010111110111010001111000,b11111010000,b111010001100101011100110111010000110010010111110111010001111000,b100111000100000
5140000,b11110111,1,b0,1,0,1,0,0,1,0,0,b101010101010101,b1000,b1100010,1,1,0,b101010101010101,b1100,b11,b1010010110100101,1,b10,b0,b0,1,b11110111,b10,b101000000000000,b111010001100101011100110111010000110001010111110111010001111000010111110110001101101111011011010111000001101100011001010111010001100101,b111010001100101011100110111010000110010010111110111010001111000,b111010001100101011100110111010000110010010111110111010001111000,b11111010000,b111010001100101011100110111010000110010010111110111010001111000,b100111000100000
5150000,b11110111,1,b0,1,0,1,1,0,1,0,0,b101010101010101,b1000,b1100010,1,1,0,b101010101010101,b1100,b0,b1010010110100101,1,b10,b0,b0,0,b11110111,b10,b101000000000000,b111010001100101011100110111010000110001010111110111010001111000010111110110001101101111011011010111000001101100011001010111010001100101,b111010001100101011100110111010000110010010111110111010001111000,b111010001100101011100110111010000110010010111110111010001111000,b11111010000,b111010001100101011100110111010000110010010111110111010001111000,b100111000100000
5160000,b11110111,1,b0,1,0,1,0,0,1,0,0,b101010101010101,b1000,b1100011,1,1,0,b101010101010101,b1100,b0,b1010010110100101,1,b10,b0,b0,0,b11110111,b10,b101000000000000,b111010001100101011100110111010000110001010111110111010001111000010111110110001101101111011011010111000001101100011001010111010001100101,b111010001100101011100110111010000110010010111110111010001111000,b111010001100101011100110111010000110010010111110111010001111000,b11111010000,b111010001100101011100110111010000110010010111110111010001111000,b100111000100000
5170000,b11110111,0,b0,0,0,1,1,0,1,0,0,b101010101010101,b1000,b1100011,1,1,0,b101010101010101,b1101,b1,b1010010110100101,0,b10,b0,b0,0,b11110111,b10,b1010000000000000,b111010001100101011100110111010000110001010111110111010001111000010111110110001101101111011011010111000001101100011001010111010001100101,b111010001100101011100110111010000110010010111110111010001111000,b111010001100101011100110111010000110010010111110111010001111000,b11111010000,b111010001100101011100110111010000110010010111110111010001111000,b100111000100000
5180000,b11110111,0,b0,0,0,1,0,0,1,0,0,b101010101010101,b1000,b1100100,1,1,0,b101010101010101,b1101,b1,b1010010110100101,0,b10,b0,b0,0,b11110111,b10,b1010000000000000,b111010001100101011100110111010000110001010111110111010001111000010111110110001101101111011011010111000001101100011001010111010001100101,b111010001100101011100110111010000110010010111110111010001111000,b111010001100101011100110111010000110010010111110111010001111000,b11111010000,b111010001100101011100110111010000110010010111110111010001111000,b100111000100000
5190000,b11110111,0,b0,0,0,1,1,0,1,0,0,b101010101010101,b1000,b1100100,1,1,0,b101010101010101,b1101,b10,b1010010110100101,0,b10,b0,b0,0,b11110111,b10,b1010000000000000,b111010001100101011100110111010000110001010111110111010001111000010111110110001101101111011011010111000001101100011001010111010001100101,b111010001100101011100110111010000110010010111110111010001111000,b111010001100101011100110111010000110010010111110111010001111000,b11111010000,b111010001100101011100110111010000110010010111110111010001111000,b100111000100000
5200000,b11110111,0,b0,0,0,1,0,0,1,0,0,b101010101010101,b1000,b1100101,1,1,0,b101010101010101,b1101,b10,b1010010110100101,0,b10,b0,b0,0,b11110111,b10,b1010000000000000,b111010001100101011100110111010000110001010111110111010001111000010111110110001101101111011011010111000001101100011001010111010001100101,b111010001100101011100110111010000110010010111110111010001111000,b111010001100101011100110111010000110010010111110111010001111000,b11111010000,b111010001100101011100110111010000110010010111110111010001111000,b100111000100000
5210000,b11110111,0,b0,0,0,1,1,0,1,0,0,b101010101010101,b1000,b1100101,1,1,0,b101010101010101,b1101,b11,b1010010110100101,0,b10,b0,b0,0,b11110111,b10,b1010000000000000,b111010001100101011100110111010000110001010111110111010001111000010111110110001101101111011011010111000001101100011001010111010001100101,b111010001100101011100110111010000110010010111110111010001111000,b111010001100101011100110111010000110010010111110111010001111000,b11111010000,b111010001100101011100110111010000110010010111110111010001111000,b100111000100000
5220000,b11110111,0,b0,0,0,1,0,0,1,0,0,b101010101010101,b1000,b1100110,1,1,0,b101010101010101,b1101,b11,b1010010110100101,0,b10,b0,b0,0,b11110111,b10,b1010000000000000,b111010001100101011100110111010000110001010111110111010001111000010111110110001101101111011011010111000001101100011001010111010001100101,b111010001100101011100110111010000110010010111110111010001111000,b111010001100101011100110111010000110010010111110111010001111000,b11111010000,b111010001100101011100110111010000110010010111110111010001111000,b100111000100000
5230000,b11110111,0,b0,0,0,1,1,0,1,0,0,b101010101010101,b1000,b1100110,1,1,0,b101010101010101,b1101,b0,b1010010110100101,0,b10,b0,b0,1,b11110111,b10,b1010000000000000,b111010001100101011100110111010000110001010111110111010001111000010111110110001101101111011011010111000001101100011001010111010001100101,b111010001100101011100110111010000110010010111110111010001111000,b111010001100101011100110111010000110010010111110111010001111000,b11111010000,b111010001100101011100110111010000110010010111110111010001111000,b100111000100000
5240000,b11110111,0,b0,0,0,1,0,0,1,0,0,b101010101010101,b1000,b1100111,1,1,0,b101010101010101,b1101,b0,b1010010110100101,0,b10,b0,b0,1,b11110111,b10,b1010000000000000,b111010001100101011100110111010000110001010111110111010001111000010111110110001101101111011011010111000001101100011001010111010001100101,b111010001100101011100110111010000110010010111110111010001111000,b111010001100101011100110111010000110010010111110111010001111000,b11111010000,b111010001100101011100110111010000110010010111110111010001111000,b100111000100000
5250000,b11110111,1,b0,0,0,1,1,0,1,0,0,b101010101010101,b1000,b1100111,1,1,0,b101010101010101,b1101,b1,b1010010110100101,1,b10,b0,b0,1,b11110111,b10,b1010000000000000,b111010001100101011100110111010000110001010111110111010001111000010111110110001101101111011011010111000001101100011001010111010001100101,b111010001100101011100110111010000110010010111110111010001111000,b111010001100101011100110111010000110010010111110111010001111000,b11111010000,b111010001100101011100110111010000110010010111110111010001111000,b100111000100000
5260000,b11110111,1,b0,0,0,1,0,0,1,0,0,b101010101010101,b1000,b1101000,1,1,0,b101010101010101,b1101,b1,b1010010110100101,1,b10,b0,b0,1,b11110111,b10,b1010000000000000,b111010001100101011100110111010000110001010111110111010001111000010111110110001101101111011011010111000001101100011001010111010001100101,b111010001100101011100110111010000110010010111110111010001111000,b111010001100101011100110111010000110010010111110111010001111000,b11111010000,b111010001100101011100110111010000110010010111110111010001111000,b100111000100000
5270000,b11110111,1,b0,0,0,1,1,0,1,0,0,b101010101010101,b1000,b1101000,1,1,0,b101010101010101,b1101,b10,b1010010110100101,1,b10,b0,b0,1,b11110111,b10,b1010000000000000,b111010001100101011100110111010000110001010111110111010001111000010111110110001101101111011011010111000001101100011001010111010001100101,b111010001100101011100110111010000110010010111110111010001111000,b111010001100101011100110111010000110010010111110111010001111000,b11111010000,b111010001100101011100110111010000110010010111110111010001111000,b100111000100000
5280000,b11110111,1,b0,0,0,1,0,0,1,0,0,b101010101010101,b1000,b1101001,1,1,0,b101010101010101,b1101,b10,b1010010110100101,1,b10,b0,b0,1,b11110111,b10,b1010000000000000,b111010001100101011100110111010000110001010111110111010001111000010111110110001101101111011011010111000001101100011001010111010001100101,b111010001100101011100110111010000110010010111110111010001111000,b111010001100101011100110111010000110010010111110111010001111000,b11111010000,b111010001100101011100110111010000110010010111110111010001111000,b100111000100000
5290000,b11110111,1,b0,0,0,1,1,0,1,0,0,b101010101010101,b1000,b1101001,1,1,0,b101010101010101,b1101,b11,b1010010110100101,1,b10,b0,b0,1,b11110111,b10,b1010000000000000,b111010001100101011100110111010000110001010111110111010001111000010111110110001101101111011011010111000001101100011001010111010001100101,b111010001100101011100110111010000110010010111110111010001111000,b111010001100101011100110111010000110010010111110111010001111000,b11111010000,b111010001100101011100110111010000110010010111110111010001111000,b100111000100000
5300000,b11110111,1,b0,0,0,1,0,0,1,0,0,b101010101010101,b1000,b1101010,1,1,0,b101010101010101,b1101,b11,b1010010110100101,1,b10,b0,b0,1,b11110111,b10,b1010000000000000,b111010001100101011100110111010000110001010111110111010001111000010111110110001101101111011011010111000001101100011001010111010001100101,b111010001100101011100110111010000110010010111110111010001111000,b111010001100101011100110111010000110010010111110111010001111000,b11111010000,b111010001100101011100110111010000110010010111110111010001111000,b100111000100000
5310000,b11110111,1,b0,0,0,1,1,0,1,0,0,b101010101010101,b1000,b1101010,1,1,0,b101010101010101,b1101,b0,b1010010110100101,1,b10,b0,b0,0,b11110111,b10,b1010000000000000,b111010001100101011100110111010000110001010111110111010001111000010111110110001101101111011011010111000001101100011001010111010001100101,b111010001100101011100110111010000110010010111110111010001111000,b111010001100101011100110111010000110010010111110111010001111000,b11111010000,b111010001100101011100110111010000110010010111110111010001111000,b100111000100000
5320000,b11110111,1,b0,0,0,1,0,0,1,0,0,b101010101010101,b1000,b1101011,1,1,0,b101010101010101,b1101,b0,b1010010110100101,1,b10,b0,b0,0,b11110111,b10,b1010000000000000,b111010001100101011100110111010000110001010111110111010001111000010111110110001101101111011011010111000001101100011001010111010001100101,b111010001100101011100110111010000110010010111110111010001111000,b111010001100101011100110111010000110010010111110111010001111000,b11111010000,b111010001100101011100110111010000110010010111110111010001111000,b100111000100000
5330000,b11110111,0,b0,1,0,1,1,0,1,0,0,b101010101010101,b1000,b1101011,1,1,0,b101010101010101,b1110,b1,b1010010110100101,0,b10,b0,b0,0,b11110111,b10,b100000000000000,b111010001100101011100110111010000110001010111110111010001111000010111110110001101101111011011010111000001101100011001010111010001100101,b111010001100101011100110111010000110010010111110111010001111000,b111010001100101011100110111010000110010010111110111010001111000,b11111010000,b111010001100101011100110111010000110010010111110111010001111000,b100111000100000
5340000,b11110111,0,b0,1,0,1,0,0,1,0,0,b101010101010101,b1000,b1101100,1,1,0,b101010101010101,b1110,b1,b1010010110100101,0,b10,b0,b0,0,b11110111,b10,b100000000000000,b111010001100101011100110111010000110001010111110111010001111000010111110110001101101111011011010111000001101100011001010111010001100101,b111010001100101011100110111010000110010010111110111010001111000,b111010001100101011100110111010000110010010111110111010001111000,b11111010000,b111010001100101011100110111010000110010010111110111010001111000,b100111000100000
5350000,b11110111,0,b0,1,0,1,1,0,1,0,0,b101010101010101,b1000,b1101100,1,1,0,b101010101010101,b1110,b10,b1010010110100101,0,b10,b0,b0,0,b11110111,b10,b100000000000000,b111010001100101011100110111010000110001010111110111010001111000010111110110001101101111011011010111000001101100011001010111010001100101,b111010001100101011100110111010000110010010111110111010001111000,b111010001100101011100110111010000110010010111110111010001111000,b11111010000,b111010001100101011100110111010000110010010111110111010001111000,b100111000100000
5360000,b11110111,0,b0,1,0,1,0,0,1,0,0,b101010101010101,b1000,b1101101,1,1,0,b101010101010101,b1110,b10,b1010010110100101,0,b10,b0,b0,0,b11110111,b10,b100000000000000,b111010001100101011100110111010000110001010111110111010001111000010111110110001101101111011011010111000001101100011001010111010001100101,b111010001100101011100110111010000110010010111110111010001111000,b111010001100101011100110111010000110010010111110111010001111000,b11111010000,b111010001100101011100110111010000110010010111110111010001111000,b100111000100000
5370000,b11110111,0,b0,1,0,1,1,0,1,0,0,b101010101010101,b1000,b1101101,1,1,0,b101010101010101,b1110,b11,b1010010110100101,0,b10,b0,b0,0,b11110111,b10,b100000000000000,b111010001100101011100110111010000110001010111110111010001111000010111110110001101101111011011010111000001101100011001010111010001100101,b111010001100101011100110111010000110010010111110111010001111000,b111010001100101011100110111010000110010010111110111010001111000,b11111010000,b111010001100101011100110111010000110010010111110111010001111000,b100111000100000
5380000,b11110111,0,b0,1,0,1,0,0,1,0,0,b101010101010101,b1000,b1101110,1,1,0,b101010101010101,b1110,b11,b1010010110100101,0,b10,b0,b0,0,b11110111,b10,b100000000000000,b111010001100101011100110111010000110001010111110111010001111000010111110110001101101111011011010111000001101100011001010111010001100101,b111010001100101011100110111010000110010010111110111010001111000,b111010001100101011100110111010000110010010111110111010001111000,b11111010000,b111010001100101011100110111010000110010010111110111010001111000,b100111000100000
5390000,b11110111,0,b0,1,0,1,1,0,1,0,0,b101010101010101,b1000,b1101110,1,1,0,b101010101010101,b1110,b0,b1010010110100101,0,b10,b0,b0,1,b11110111,b10,b100000000000000,b111010001100101011100110111010000110001010111110111010001111000010111110110001101101111011011010111000001101100011001010111010001100101,b111010001100101011100110111010000110010010111110111010001111000,b111010001100101011100110111010000110010010111110111010001111000,b11111010000,b111010001100101011100110111010000110010010111110111010001111000,b100111000100000
5400000,b11110111,0,b0,1,0,1,0,0,1,0,0,b101010101010101,b1000,b1101111,1,1,0,b101010101010101,b1110,b0,b1010010110100101,0,b10,b0,b0,1,b11110111,b10,b100000000000000,b111010001100101011100110111010000110001010111110111010001111000010111110110001101101111011011010111000001101100011001010111010001100101,b111010001100101011100110111010000110010010111110111010001111000,b111010001100101011100110111010000110010010111110111010001111000,b11111010000,b111010001100101011100110111010000110010010111110111010001111000,b100111000100000
5410000,b11110111,1,b0,1,0,1,1,0,1,0,0,b101010101010101,b1000,b1101111,1,1,0,b101010101010101,b1110,b1,b1010010110100101,1,b10,b0,b0,1,b11110111,b10,b100000000000000,b111010001100101011100110111010000110001010111110111010001111000010111110110001101101111011011010111000001101100011001010111010001100101,b111010001100101011100110111010000110010010111110111010001111000,b111010001100101011100110111010000110010010111110111010001111000,b11111010000,b111010001100101011100110111010000110010010111110111010001111000,b100111000100000
5420000,b11110111,1,b0,1,0,1,0,0,1,0,0,b101010101010101,b1000,b1110000,1,1,0,b101010101010101,b1110,b1,b1010010110100101,1,b10,b0,b0,1,b11110111,b10,b100000000000000,b111010001100101011100110111010000110001010111110111010001111000010111110110001101101111011011010111000001101100011001010111010001100101,b111010001100101011100110111010000110010010111110111010001111000,b111010001100101011100110111010000110010010111110111010001111000,b11111010000,b111010001100101011100110111010000110010010111110111010001111000,b100111000100000
5430000,b11110111,1,b0,1,0,1,1,0,1,0,0,b101010101010101,b1000,b1110000,1,1,0,b101010101010101,b1110,b10,b1010010110100101,1,b10,b0,b0,1,b11110111,b10,b100000000000000,b111010001100101011100110111010000110001010111110111010001111000010111110110001101101111011011010111000001101100011001010111010001100101,b111010001100101011100110111010000110010010111110111010001111000,b111010001100101011100110111010000110010010111110111010001111000,b11111010000,b111010001100101011100110111010000110010010111110111010001111000,b100111000100000
5440000,b11110111,1,b0,1,0,1,0,0,1,0,0,b101010101010101,b1000,b1110001,1,1,0,b101010101010101,b1110,b10,b1010010110100101,1,b10,b0,b0,1,b11110111,b10,b100000000000000,b111010001100101011100110111010000110001010111110111010001111000010111110110001101101111011011010111000001101100011001010111010001100101,b111010001100101011100110111010000110010010111110111010001111000,b111010001100101011100110111010000110010010111110111010001111000,b11111010000,b111010001100101011100110111010000110010010111110111010001111000,b100111000100000
5450000,b11110111,1,b0,1,0,1,1,0,1,0,0,b101010101010101,b1000,b1110001,1,1,0,b101010101010101,b1110,b11,b1010010110100101,1,b10,b0,b0,1,b11110111,b10,b100000000000000,b111010001100101011100110111010000110001010111110111010001111000010111110110001101101111011011010111000001101100011001010111010001100101,b111010001100101011100110111010000110010010111110111010001111000,b111010001100101011100110111010000110010010111110111010001111000,b11111010000,b111010001100101011100110111010000110010010111110111010001111000,b100111000100000
5460000,b11110111,1,b0,1,0,1,0,0,1,0,0,b101010101010101,b1000,b1110010,1,1,0,b101010101010101,b1110,b11,b1010010110100101,1,b10,b0,b0,1,b11110111,b10,b100000000000000,b111010001100101011100110111010000110001010111110111010001111000010111110110001101101111011011010111000001101100011001010111010001100101,b111010001100101011100110111010000110010010111110111010001111000,b111010001100101011100110111010000110010010111110111010001111000,b11111010000,b111010001100101011100110111010000110010010111110111010001111000,b100111000100000
5470000,b11110111,1,b0,1,0,1,1,0,1,0,0,b101010101010101,b1000,b1110010,1,1,0,b101010101010101,b1110,b0,b1010010110100101,1,b10,b0,b0,0,b11110111,b10,b100000000000000,b111010001100101011100110111010000110001010111110111010001111000010111110110001101101111011011010111000001101100011001010111010001100101,b111010001100101011100110111010000110010010111110111010001111000,b111010001100101011100110111010000110010010111110111010001111000,b11111010000,b111010001100101011100110111010000110010010111110111010001111000,b100111000100000
5480000,b11110111,1,b0,1,0,1,0,0,1,0,0,b101010101010101,b1000,b1110011,1,1,0,b101010101010101,b1110,b0,b1010010110100101,1,b10,b0,b0,0,b11110111,b10,b100000000000000,b111010001100101011100110111010000110001010111110111010001111000010111110110001101101111011011010111000001101100011001010111010001100101,b111010001100101011100110111010000110010010111110111010001111000,b111010001100101011100110111010000110010010111110111010001111000,b11111010000,b111010001100101011100110111010000110010010111110111010001111000,b100111000100000
5490000,b11110111,0,b0,0,0,1,1,0,1,0,0,b101010101010101,b1000,b1110011,1,1,0,b101010101010101,b1111,b1,b1010010110100101,0,b10,b0,b0,0,b11110111,b10,b1000000000000000,b111010001100101011100110111010000110001010111110111010001111000010111110110001101101111011011010111000001101100011001010111010001100101,b111010001100101011100110111010000110010010111110111010001111000,b111010001100101011100110111010000110010010111110111010001111000,b11111010000,b111010001100101011100110111010000110010010111110111010001111000,b100111000100000
5500000,b11110111,0,b0,0,0,1,0,0,1,0,0,b101010101010101,b1000,b1110100,1,1,0,b101010101010101,b1111,b1,b1010010110100101,0,b10,b0,b0,0,b11110111,b10,b1000000000000000,b111010001100101011100110111010000110001010111110111010001111000010111110110001101101111011011010111000001101100011001010111010001100101,b111010001100101011100110111010000110010010111110111010001111000,b111010001100101011100110111010000110010010111110111010001111000,b11111010000,b111010001100101011100110111010000110010010111110111010001111000,b100111000100000
5510000,b11110111,0,b0,0,0,1,1,0,1,0,0,b101010101010101,b1000,b1110100,1,1,0,b101010101010101,b1111,b10,b1010010110100101,0,b10,b0,b0,0,b11110111,b10,b1000000000000000,b111010001100101011100110111010000110001010111110111010001111000010111110110001101101111011011010111000001101100011001010111010001100101,b111010001100101011100110111010000110010010111110111010001111000,b111010001100101011100110111010000110010010111110111010001111000,b11111010000,b111010001100101011100110111010000110010010111110111010001111000,b100111000100000
5520000,b11110111,0,b0,0,0,1,0,0,1,0,0,b101010101010101,b1000,b1110101,1,1,0,b101010101010101,b1111,b10,b1010010110100101,0,b10,b0,b0,0,b11110111,b10,b1000000000000000,b111010001100101011100110111010000110001010111110111010001111000010111110110001101101111011011010111000001101100011001010111010001100101,b111010001100101011100110111010000110010010111110111010001111000,b111010001100101011100110111010000110010010111110111010001111000,b11111010000,b111010001100101011100110111010000110010010111110111010001111000,b100111000100000
5530000,b11110111,0,b0,0,0,1,1,0,1,0,0,b101010101010101,b1000,b1110101,1,1,0,b101010101010101,b1111,b11,b1010010110100101,0,b10,b0,b0,0,b11110111,b10,b1000000000000000,b111010001100101011100110111010000110001010111110111010001111000010111110110001101101111011011010111000001101100011001010111010001100101,b111010001100101011100110111010000110010010111110111010001111000,b111010001100101011100110111010000110010010111110111010001111000,b11111010000,b111010001100101011100110111010000110010010111110111010001111000,b100111000100000
5540000,b11110111,0,b0,0,0,1,0,0,1,0,0,b101010101010101,b1000,b1110110,1,1,0,b101010101010101,b1111,b11,b1010010110100101,0,b10,b0,b0,0,b11110111,b10,b1000000000000000,b111010001100101011100110111010000110001010111110111010001111000010111110110001101101111011011010111000001101100011001010111010001100101,b111010001100101011100110111010000110010010111110111010001111000,b111010001100101011100110111010000110010010111110111010001111000,b11111010000,b111010001100101011100110111010000110010010111110111010001111000,b100111000100000
5550000,b11110111,0,b0,0,0,1,1,0,1,0,0,b101010101010101,b1000,b1110110,1,1,0,b101010101010101,b1111,b0,b1010010110100101,0,b10,b0,b0,1,b11110111,b10,b1000000000000000,b111010001100101011100110111010000110001010111110111010001111000010111110110001101101111011011010111000001101100011001010111010001100101,b111010001100101011100110111010000110010010111110111010001111000,b111010001100101011100110111010000110010010111110111010001111000,b11111010000,b111010001100101011100110111010000110010010111110111010001111000,b100111000100000
5560000,b11110111,0,b0,0,0,1,0,0,1,0,0,b101010101010101,b1000,b1110111,1,1,0,b101010101010101,b1111,b0,b1010010110100101,0,b10,b0,b0,1,b11110111,b10,b1000000000000000,b111010001100101011100110111010000110001010111110111010001111000010111110110001101101111011011010111000001101100011001010111010001100101,b111010001100101011100110111010000110010010111110111010001111000,b111010001100101011100110111010000110010010111110111010001111000,b11111010000,b111010001100101011100110111010000110010010111110111010001111000,b100111000100000
5570000,b11110111,1,b0,0,0,1,1,0,1,0,0,b101010101010101,b1000,b1110111,1,1,0,b101010101010101,b1111,b1,b1010010110100101,1,b10,b0,b0,1,b11110111,b10,b1000000000000000,b111010001100101011100110111010000110001010111110111010001111000010111110110001101101111011011010111000001101100011001010111010001100101,b111010001100101011100110111010000110010010111110111010001111000,b111010001100101011100110111010000110010010111110111010001111000,b11111010000,b111010001100101011100110111010000110010010111110111010001111000,b100111000100000
5580000,b11110111,1,b0,0,0,1,0,0,1,0,0,b101010101010101,b1000,b1111000,1,1,0,b101010101010101,b1111,b1,b1010010110100101,1,b10,b0,b0,1,b11110111,b10,b1000000000000000,b111010001100101011100110111010000110001010111110111010001111000010111110110001101101111011011010111000001101100011001010111010001100101,b111010001100101011100110111010000110010010111110111010001111000,b111010001100101011100110111010000110010010111110111010001111000,b11111010000,b111010001100101011100110111010000110010010111110111010001111000,b100111000100000
5590000,b11110111,1,b0,0,0,1,1,0,1,0,0,b101010101010101,b1000,b1111000,1,1,0,b101010101010101,b1111,b10,b1010010110100101,1,b10,b0,b0,1,b11110111,b10,b1000000000000000,b111010001100101011100110111010000110001010111110111010001111000010111110110001101101111011011010111000001101100011001010111010001100101,b111010001100101011100110111010000110010010111110111010001111000,b111010001100101011100110111010000110010010111110111010001111000,b11111010000,b111010001100101011100110111010000110010010111110111010001111000,b100111000100000
5600000,b11110111,1,b0,0,0,1,0,0,1,0,0,b101010101010101,b1000,b1111001,1,1,0,b101010101010101,b1111,b10,b1010010110100101,1,b10,b0,b0,1,b11110111,b10,b1000000000000000,b111010001100101011100110111010000110001010111110111010001111000010111110110001101101111011011010111000001101100011001010111010001100101,b111010001100101011100110111010000110010010111110111010001111000,b111010001100101011100110111010000110010010111110111010001111000,b11111010000,b111010001100101011100110111010000110010010111110111010001111000,b100111000100000
5610000,b11110111,1,b0,0,0,1,1,0,1,0,0,b101010101010101,b1000,b1111001,1,1,0,b101010101010101,b1111,b11,b1010010110100101,1,b10,b0,b0,1,b11110111,b10,b1000000000000000,b111010001100101011100110111010000110001010111110111010001111000010111110110001101101111011011010111000001101100011001010111010001100101,b111010001100101011100110111010000110010010111110111010001111000,b111010001100101011100110111010000110010010111110111010001111000,b11111010000,b111010001100101011100110111010000110010010111110111010001111000,b100111000100000
5620000,b11110111,1,b0,0,0,1,0,0,1,0,0,b101010101010101,b1000,b1111010,1,1,0,b101010101010101,b1111,b11,b1010010110100101,1,b10,b0,b0,1,b11110111,b10,b1000000000000000,b111010001100101011100110111010000110001010111110111010001111000010111110110001101101111011011010111000001101100011001010111010001100101,b111010001100101011100110111010000110010010111110111010001111000,b111010001100101011100110111010000110010010111110111010001111000,b11111010000,b111010001100101011100110111010000110010010111110111010001111000,b100111000100000
5630000,b11110111,1,b0,0,0,1,1,0,1,0,0,b101010101010101,b1000,b1111010,1,1,0,b101010101010101,b1111,b0,b1010010110100101,1,b10,b0,b0,0,b11110111,b10,b1000000000000000,b111010001100101011100110111010000110001010111110111010001111000010111110110001101101111011011010111000001101100011001010111010001100101,b111010001100101011100110111010000110010010111110111010001111000,b111010001100101011100110111010000110010010111110111010001111000,b11111010000,b111010001100101011100110111010000110010010111110111010001111000,b100111000100000
5640000,b11110111,1,b0,0,0,1,0,0,1,0,0,b101010101010101,b1000,b1111011,1,1,0,b101010101010101,b1111,b0,b1010010110100101,1,b10,b0,b0,0,b11110111,b10,b1000000000000000,b111010001100101011100110111010000110001010111110111010001111000010111110110001101101111011011010111000001101100011001010111010001100101,b111010001100101011100110111010000110010010111110111010001111000,b111010001100101011100110111010000110010010111110111010001111000,b11111010000,b111010001100101011100110111010000110010010111110111010001111000,b100111000100000
5650000,b11110111,0,b0,1,0,1,1,0,1,0,0,b101010101010101,b1000,b1111011,1,1,0,b101010101010101,b10000,b1,b1010010110100101,0,b10,b0,b0,0,b11110111,b10,b0,b111010001100101011100110111010000110001010111110111010001111000010111110110001101101111011011010111000001101100011001010111010001100101,b111010001100101011100110111010000110010010111110111010001111000,b111010001100101011100110111010000110010010111110111010001111000,b11111010000,b111010001100101011100110111010000110010010111110111010001111000,b100111000100000
5660000,b11110111,0,b0,1,0,1,0,0,1,0,0,b101010101010101,b1000,b1111100,1,1,0,b101010101010101,b10000,b1,b1010010110100101,0,b10,b0,b0,0,b11110111,b10,b0,b111010001100101011100110111010000110001010111110111010001111000010111110110001101101111011011010111000001101100011001010111010001100101,b111010001100101011100110111010000110010010111110111010001111000,b111010001100101011100110111010000110010010111110111010001111000,b11111010000,b111010001100101011100110111010000110010010111110111010001111000,b100111000100000
5670000,b11110111,0,b0,1,0,1,1,0,1,0,0,b101010101010101,b1000,b1111100,1,1,0,b101010101010101,b10000,b10,b1010010110100101,0,b10,b0,b0,0,b11110111,b10,b0,b111010001100101011100110111010000110001010111110111010001111000010111110110001101101111011011010111000001101100011001010111010001100101,b111010001100101011100110111010000110010010111110111010001111000,b111010001100101011100110111010000110010010111110111010001111000,b11111010000,b111010001100101011100110111010000110010010111110111010001111000,b100111000100000
5680000,b11110111,0,b0,1,0,1,0,0,1,0,0,b101010101010101,b1000,b1111101,1,1,0,b101010101010101,b10000,b10,b1010010110100101,0,b10,b0,b0,0,b11110111,b10,b0,b111010001100101011100110111010000110001010111110111010001111000010111110110001101101111011011010111000001101100011001010111010001100101,b111010001100101011100110111010000110010010111110111010001111000,b111010001100101011100110111010000110010010111110111010001111000,b11111010000,b111010001100101011100110111010000110010010111110111010001111000,b100111000100000
5690000,b11110111,0,b0,1,0,1,1,0,1,0,0,b101010101010101,b1000,b1111101,1,1,0,b101010101010101,b10000,b11,b1010010110100101,0,b10,b0,b0,0,b11110111,b10,b0,b111010001100101011100110111010000110001010111110111010001111000010111110110001101101111011011010111000001101100011001010111010001100101,b111010001100101011100110111010000110010010111110111010001111000,b111010001100101011100110111010000110010010111110111010001111000,b11111010000,b111010001100101011100110111010000110010010111110111010001111000,b100111000100000
5700000,b11110111,0,b0,1,0,1,0,0,1,0,0,b101010101010101,b1000,b1111110,1,1,0,b101010101010101,b10000,b11,b1010010110100101,0,b10,b0,b0,0,b11110111,b10,b0,b111010001100101011100110111010000110001010111110111010001111000010111110110001101101111011011010111000001101100011001010111010001100101,b111010001100101011100110111010000110010010111110111010001111000,b111010001100101011100110111010000110010010111110111010001111000,b11111010000,b111010001100101011100110111010000110010010111110111010001111000,b100111000100000
5710000,b11110111,0,b0,1,0,1,1,0,1,0,0,b101010101010101,b1000,b1111110,1,1,0,b101010101010101,b10000,b0,b1010010110100101,0,b100,b0,b0,1,b11110111,b10,b0,b111010001100101011100110111010000110001010111110111010001111000010111110110001101101111011011010111000001101100011001010111010001100101,b111010001100101011100110111010000110010010111110111010001111000,b111010001100101011100110111010000110010010111110111010001111000,b11111010000,b111010001100101011100110111010000110010010111110111010001111000,b100111000100000
5720000,b11110111,0,b0,1,0,1,0,0,1,0,0,b101010101010101,b1000,b1111111,1,1,0,b101010101010101,b10000,b0,b1010010110100101,0,b100,b0,b0,1,b11110111,b10,b0,b111010001100101011100110111010000110001010111110111010001111000010111110110001101101111011011010111000001101100011001010111010001100101,b111010001100101011100110111010000110010010111110111010001111000,b111010001100101011100110111010000110010010111110111010001111000,b11111010000,b111010001100101011100110111010000110010010111110111010001111000,b100111000100000
5730000,b11111111,1,b0,1,1,0,1,0,1,0,0,b101010101010101,b1000,b1111111,1,1,0,b101010101010101,b10000,b1,b1010010110100101,1,b0,b0,b0,1,b11111111,b100,b0,b111010001100101011100110111010000110001010111110111010001111000010111110110001101101111011011010111000001101100011001010111010001100101,b111010001100101011100110111010000110010010111110111010001111000,b111010001100101011100110111010000110010010111110111010001111000,b11111010000,b111010001100101011100110111010000110010010111110111010001111000,b100111000100000
5740000,b11111111,1,b0,1,1,0,0,0,1,1,0,b101010101010101,b1000,b10000000,1,1,0,b101010101010101,b10000,b1,b1010010110100101,1,b0,b0,b0,1,b11111111,b100,b0,b111010001100101011100110111010000110010010111110111010001111000010111110110001101101111011011010111000001101100011001010111010001100101,b111010001100101011100110111010000110010010111110111010001111000,b111010001100101011100110111010000110010010111110111010001111000,b11111010000,b111010001100101011100110111010000110010010111110111010001111000,b100111000100000
5750000,b11111111,1,b0,1,0,0,1,0,1,1,0,b101010101010101,b1000,b10000000,1,1,0,b101010101010101,b10000,b0,b1010010110100101,1,b1,b0,b0,1,b11111111,b0,b0,b111010001100101011100110111010000110010010111110111010001111000010111110110001101101111011011010111000001101100011001010111010001100101,b111010001100101011100110111010000110010010111110111010001111000,b111010001100101011100110111010000110010010111110111010001111000,b11111010000,b111010001100101011100110111010000110010010111110111010001111000,b100111000100000
5760000,b11111111,1,b0,1,0,0,0,0,1,1,0,b101010101010101,b1000,b10000000,1,1,0,b101010101010101,b10000,b0,b1010010110100101,1,b1,b0,b0,1,b11111111,b0,b0,b111010001100101011100110111010000110010010111110111010001111000010111110110001101101111011011010111000001101100011001010111010001100101,b111010001100101011100110111010000110010010111110111010001111000,b111010001100101011100110111010000110010010111110111010001111000,b11111010000,b111010001100101011100110111010000110010010111110111010001111000,b100111000100000
5770000,b11110111,1,b0,1,0,1,1,0,1,1,0,b101010101010101,b1000,b10000000,1,1,0,b101010101010101,b10000,b0,b1010010110100101,1,b10,b0,b0,1,b11110111,b1,b0,b111010001100101011100110111010000110010010111110111010001111000010111110110001101101111011011010111000001101100011001010111010001100101,b111010001100101011100110111010000110010010111110111010001111000,b111010001100101011100110111010000110010010111110111010001111000,b11111010000,b111010001100101011100110111010000110010010111110111010001111000,b100111000100000
5780000,b11110111,1,b0,1,0,1,0,0,1,1,0,b101010101010101,b1000,b10000000,1,1,0,b101010101010101,b10000,b0,b1010010110100101,1,b10,b0,b0,1,b11110111,b1,b0,b111010001100101011100110111010000110010010111110111010001111000010111110110001101101111011011010111000001101100011001010111010001100101,b111010001100101011100110111010000110010010111110111010001111000,b111010001100101011100110111010000110010010111110111010001111000,b11111010000,b111010001100101011100110111010000110010010111110111010001111000,b100111000100000
5790000,b11110111,1,b0,1,0,1,1,0,1,0,0,b101010101010101,b1000,b0,1,1,0,b101010101010101,b0,b0,b1010010110100101,1,b10,b0,b0,1,b11110111,b10,b101010101010101,b111010001100101011100110111010000110010010111110111010001111000010111110110001101101111011011010111000001101100011001010111010001100101,b1110100011001010111001101110100010111110111001001111000,b1110100011001010111001101110100010111110111001001111000,b11111010000,b111010001100101011100110111010000110010010111110111010001111000,b100111000100000
5800000,b11110111,1,b0,1,0,1,0,0,1,0,0,b101010101010101,b1000,b0,1,1,0,b101010101010101,b0,b0,b1010010110100101,1,b10,b0,b0,1,b11110111,b10,b101010101010101,b111010001100101011100110111010000110010010111110111010001111000010111110110001101101111011011010111000001101100011001010111010001100101,b1110100011001010111001101110100010111110111001001111000,b1110100011001010111001101110100010111110111001001111000,b11111010000,b111010001100101011100110111010000110010010111110111010001111000,b100111000100000
5810000,b11110111,1,b0,1,0,1,1,0,1,0,0,b101010101010101,b1000,b0,1,1,0,b101010101010101,b0,b1,b1010010110100101,1,b10,b0,b0,1,b11110111,b10,b101010101010101,b111010001100101011100110111010000110010010111110111010001111000010111110110001101101111011011010111000001101100011001010111010001100101,b1110100011001010111001101110100010111110111001001111000,b1110100011001010111001101110100010111110111001001111000,b11111010000,b111010001100101011100110111010000110010010111110111010001111000,b100111000100000
5820000,b11110111,1,b0,1,0,1,0,0,1,0,0,b101010101010101,b1000,b0,1,1,0,b101010101010101,b0,b1,b1010010110100101,1,b10,b0,b0,1,b11110111,b10,b101010101010101,b111010001100101011100110111010000110010010111110111010001111000010111110110001101101111011011010111000001101100011001010111010001100101,b1110100011001010111001101110100010111110111001001111000,b1110100011001010111001101110100010111110111001001111000,b11111010000,b111010001100101011100110111010000110010010111110111010001111000,b100111000100000
5830000,b11110111,1,b0,1,0,1,1,0,1,0,0,b101010101010101,b1000,b0,1,1,0,b101010101010101,b0,b10,b1010010110100101,1,b10,b0,b0,1,b11110111,b10,b101010101010101,b111010001100101011100110111010000110010010111110111010001111000010111110110001101101111011011010111000001101100011001010111010001100101,b1110100011001010111001101110100010111110111001001111000,b1110100011001010111001101110100010111110111001001111000,b11111010000,b111010001100101011100110111010000110010010111110111010001111000,b100111000100000
5840000,b11110111,1,b0,1,0,1,0,0,1,0,0,b101010101010101,b1000,b0,1,1,0,b101010101010101,b0,b10,b1010010110100101,1,b10,b0,b0,1,b11110111,b10,b101010101010101,b111010001100101011100110111010000110010010111110111010001111000010111110110001101101111011011010111000001101100011001010111010001100101,b1110100011001010111001101110100010111110111001001111000,b1110100011001010111001101110100010111110111001001111000,b11111010000,b111010001100101011100110111010000110010010111110111010001111000,b100111000100000
5850000,b11110111,1,b0,1,0,1,1,0,1,0,0,b101010101010101,b1000,b0,1,1,0,b101010101010101,b0,b11,b1010010110100101,1,b10,b0,b0,1,b11110111,b10,b101010101010101,b111010001100101011100110111010000110010010111110111010001111000010111110110001101101111011011010111000001101100011001010111010001100101,b1110100011001010111001101110100010111110111001001111000,b1110100011001010111001101110100010111110111001001111000,b11111010000,b111010001100101011100110111010000110010010111110111010001111000,b100111000100000
5860000,b11110111,1,b0,1,0,1,0,0,1,0,0,b101010101010101,b1000,b0,1,1,0,b101010101010101,b0,b11,b1010010110100101,1,b10,b0,b0,1,b11110111,b10,b101010101010101,b111010001100101011100110111010000110010010111110111010001111000010111110110001101101111011011010111000001101100011001010111010001100101,b1110100011001010111001101110100010111110111001001111000,b1110100011001010111001101110100010111110111001001111000,b11111010000,b111010001100101011100110111010000110010010111110111010001111000,b100111000100000
5870000,b11110111,1,b0,1,0,1,1,0,1,0,0,b101010101010101,b1000,b0,1,1,0,b101010101010101,b0,b0,b1010010110100101,1,b10,b0,b0,0,b11110111,b10,b101010101010101,b111010001100101011100110111010000110010010111110111010001111000010111110110001101101111011011010111000001101100011001010111010001100101,b1110100011001010111001101110100010111110111001001111000,b1110100011001010111001101110100010111110111001001111000,b11111010000,b111010001100101011100110111010000110010010111110111010001111000,b100111000100000
5880000,b11110111,1,b0,1,0,1,0,0,1,0,0,b101010101010101,b1000,b0,1,1,0,b101010101010101,b0,b0,b1010010110100101,1,b10,b0,b0,0,b11110111,b10,b101010101010101,b111010001100101011100110111010000110010010111110111010001111000010111110110001101101111011011010111000001101100011001010111010001100101,b1110100011001010111001101110100010111110111001001111000,b1110100011001010111001101110100010111110111001001111000,b11111010000,b111010001100101011100110111010000110010010111110111010001111000,b100111000100000
5890000,b11110111,0,b0,0,0,1,1,0,1,0,0,b101010101010101,b1000,b0,1,1,0,b101010101010101,b1,b1,b1010010110100101,0,b10,b0,b0,0,b11110111,b10,b1010101010101010,b111010001100101011100110111010000110010010111110111010001111000010111110110001101101111011011010111000001101100011001010111010001100101,b1110100011001010111001101110100010111110111001001111000,b1110100011001010111001101110100010111110111001001111000,b11111010000,b111010001100101011100110111010000110010010111110111010001111000,b100111000100000
5900000,b11110111,0,b0,0,0,1,0,0,1,0,0,b101010101010101,b1000,b0,1,1,0,b101010101010101,b1,b1,b1010010110100101,0,b10,b0,b0,0,b11110111,b10,b1010101010101010,b111010001100101011100110111010000110010010111110111010001111000010111110110001101101111011011010111000001101100011001010111010001100101,b1110100011001010111001101110100010111110111001001111000,b1110100011001010111001101110100010111110111001001111000,b11111010000,b111010001100101011100110111010000110010010111110111010001111000,b100111000100000
5910000,b11110111,0,b0,0,0,1,1,0,1,0,0,b101010101010101,b1000,b0,1,1,0,b101010101010101,b1,b10,b1010010110100101,0,b10,b0,b0,0,b11110111,b10,b1010101010101010,b111010001100101011100110111010000110010010111110111010001111000010111110110001101101111011011010111000001101100011001010111010001100101,b1110100011001010111001101110100010111110111001001111000,b1110100011001010111001101110100010111110111001001111000,b11111010000,b111010001100101011100110111010000110010010111110111010001111000,b100111000100000
5920000,b11110111,0,b0,0,0,1,0,0,1,0,0,b101010101010101,b1000,b0,1,1,0,b101010101010101,b1,b10,b1010010110100101,0,b10,b0,b0,0,b11110111,b10,b1010101010101010,b111010001100101011100110111010000110010010111110111010001111000010111110110001101101111011011010111000001101100011001010111010001100101,b1110100011001010111001101110100010111110111001001111000,b1110100011001010111001101110100010111110111001001111000,b11111010000,b111010001100101011100110111010000110010010111110111010001111000,b100111000100000
5930000,b11110111,0,b0,0,0,1,1,0,1,0,0,b101010101010101,b1000,b0,1,1,0,b101010101010101,b1,b11,b1010010110100101,0,b10,b0,b0,0,b11110111,b10,b1010101010101010,b111010001100101011100110111010000110010010111110111010001111000010111110110001101101111011011010111000001101100011001010111010001100101,b1110100011001010111001101110100010111110111001001111000,b1110100011001010111001101110100010111110111001001111000,b11111010000,b111010001100101011100110111010000110010010111110111010001111000,b100111000100000
5940000,b11110111,0,b0,0,0,1,0,0,1,0,0,b101010101010101,b1000,b0,1,1,0,b101010101010101,b1,b11,b1010010110100101,0,b10,b0,b0,0,b11110111,b10,b1010101010101010,b111010001100101011100110111010000110010010111110111010001111000010111110110001101101111011011010111000001101100011001010111010001100101,b1110100011001010111001101110100010111110111001001111000,b1110100011001010111001101110100010111110111001001111000,b11111010000,b111010001100101011100110111010000110010010111110111010001111000,b100111000100000
5950000,b11110111,0,b0,0,0,1,1,0,1,0,0,b101010101010101,b1000,b0,1,1,0,b101010101010101,b1,b0,b1010010110100101,0,b10,b0,b0,1,b11110111,b10,b1010101010101010,b111010001100101011100110111010000110010010111110111010001111000010111110110001101101111011011010111000001101100011001010111010001100101,b1110100011001010111001101110100010111110111001001111000,b1110100011001010111001101110100010111110111001001111000,b11111010000,b111010001100101011100110111010000110010010111110111010001111000,b100111000100000
5960000,b11110111,0,b0,0,0,1,0,0,1,0,0,b101010101010101,b1000,b0,1,1,0,b101010101010101,b1,b0,b1010010110100101,0,b10,b0,b0,1,b11110111,b10,b1010101010101010,b111010001100101011100110111010000110010010111110111010001111000010111110110001101101111011011010111000001101100011001010111010001100101,b1110100011001010111001101110100010111110111001001111000,b1110100011001010111001101110100010111110111001001111000,b11111010000,b111010001100101011100110111010000110010010111110111010001111000,b100111000100000
5970000,b11110111,1,b0,0,0,1,1,0,1,0,0,b101010101010101,b1000,b0,1,1,0,b101010101010101,b1,b1,b1010010110100101,1,b10,b0,b0,1,b11110111,b10,b1010101010101010,b111010001100101011100110111010000110010010111110111010001111000010111110110001101101111011011010111000001101100011001010111010001100101,b1110100011001010111001101110100010111110111001001111000,b1110100011001010111001101110100010111110111001001111000,b11111010000,b111010001100101011100110111010000110010010111110111010001111000,b100111000100000
5980000,b11110111,1,b0,0,0,1,0,0,1,0,0,b101010101010101,b1000,b0,1,1,0,b101010101010101,b1,b1,b1010010110100101,1,b10,b0,b0,1,b11110111,b10,b1010101010101010,b111010001100101011100110111010000110010010111110111010001111000010111110110001101101111011011010111000001101100011001010111010001100101,b1110100011001010111001101110100010111110111001001111000,b1110100011001010111001101110100010111110111001001111000,b11111010000,b111010001100101011100110111010000110010010111110111010001111000,b100111000100000
5990000,b11110111,1,b0,0,0,1,1,1,1,0,0,b101010101010101,b1000,b0,1,1,0,b101010101010101,b1,b10,b1010010110100101,1,b10,b0,b0,1,b11110111,b10,b1010101010101010,b111010001100101011100110111010000110010010111110111010001111000010111110110001101101111011011010111000001101100011001010111010001100101,b1110100011001010111001101110100010111110111001001111000,b1110100011001010111001101110100010111110111001001111000,b11111010000,b1110100011001010111001101110100010111110111001001111000,b100111000100000
6000000,b11110111,1,b0,0,0,1,0,1,1,0,0,b101010101010101,b1000,b0,1,1,0,b101010101010101,b1,b10,b1010010110100101,1,b10,b0,b0,1,b11110111,b10,b1010101010101010,b111010001100101011100110111010000110010010111110111010001111000010111110110001101101111011011010111000001101100011001010111010001100101,b1110100011001010111001101110100010111110111001001111000,b1110100011001010111001101110100010111110111001001111000,b11111010000,b1110100011001010111001101110100010111110111001001111000,b100111000100000
6010000,b11110111,1,b0,0,0,1,1,1,1,0,0,b101010101010101,b1000,b1,1,1,0,b101010101010101,b1,b11,b1010010110100101,1,b10,b0,b0,1,b11110111,b10,b1010101010101010,b111010001100101011100110111010000110010010111110111010001111000010111110110001101101111011011010111000001101100011001010111010001100101,b1110100011001010111001101110100010111110111001001111000,b1110100011001010111001101110100010111110111001001111000,b11111010000,b1110100011001010111001101110100010111110111001001111000,b100111000100000
6020000,b11110111,1,b0,0,0,1,0,1,1,0,0,b101010101010101,b1000,b1,1,1,0,b101010101010101,b1,b11,b1010010110100101,1,b10,b0,b0,1,b11110111,b10,b1010101010101010,b111010001100101011100110111010000110010010111110111010001111000010111110110001101101111011011010111000001101100011001010111010001100101,b1110100011001010111001101110100010111110111001001111000,b1110100011001010111001101110100010111110111001001111000,b11111010000,b1110100011001010111001101110100010111110111001001111000,b100111000100000
6030000,b11110111,1,b0,0,0,1,1,1,1,0,0,b101010101010101,b1000,b10,1,1,0,b101010101010101,b1,b0,b1010010110100101,1,b10,b0,b0,0,b11110111,b10,b1010101010101010,b111010001100101011100110111010000110010010111110111010001111000010111110110001101101111011011010111000001101100011001010111010001100101,b1110100011001010111001101110100010111110111001001111000,b1110100011001010111001101110100010111110111001001111000,b11111010000,b1110100011001010111001101110100010111110111001001111000,b100111000100000
6040000,b11110111,1,b0,0,0,1,0,1,1,0,0,b101010101010101,b1000,b10,1,1,0,b101010101010101,b1,b0,b1010010110100101,1,b10,b0,b0,0,b11110111,b10,b1010101010101010,b111010001100101011100110111010000110010010111110111010001111000010111110110001101101111011011010111000001101100011001010111010001100101,b1110100011001010111001101110100010111110111001001111000,b1110100011001010111001101110100010111110111001001111000,b11111010000,b1110100011001010111001101110100010111110111001001111000,b100111000100000
6050000,b11110111,0,b0,1,0,1,1,1,1,0,0,b101010101010101,b1000,b11,1,1,0,b101010101010101,b10,b1,b1010010110100101,0,b10,b0,b0,0,b11110111,b10,b101010101010100,b111010001100101011100110111010000110010010111110111010001111000010111110110001101101111011011010111000001101100011001010111010001100101,b1110100011001010111001101110100010111110111001001111000,b1110100011001010111001101110100010111110111001001111000,b11111010000,b1110100011001010111001101110100010111110111001001111000,b100111000100000
6060000,b11110111,0,b0,1,0,1,0,1,1,0,0,b101010101010101,b1000,b11,1,1,0,b101010101010101,b10,b1,b1010010110100101,0,b10,b0,b0,0,b11110111,b10,b101010101010100,b111010001100101011100110111010000110010010111110111010001111000010111110110001101101111011011010111000001101100011001010111010001100101,b1110100011001010111001101110100010111110111001001111000,b1110100011001010111001101110100010111110111001001111000,b11111010000,b1110100011001010111001101110100010111110111001001111000,b100111000100000
6070000,b11110111,0,b0,1,0,1,1,1,1,0,0,b101010101010101,b1000,b100,1,1,0,b101010101010101,b10,b10,b1010010110100101,0,b10,b0,b0,0,b11110111,b10,b101010101010100,b111010001100101011100110111010000110010010111110111010001111000010111110110001101101111011011010111000001101100011001010111010001100101,b1110100011001010111001101110100010111110111001001111000,b1110100011001010111001101110100010111110111001001111000,b11111010000,b1110100011001010111001101110100010111110111001001111000,b100111000100000
6080000,b11110111,0,b0,1,0,1,0,1,1,0,0,b101010101010101,b1000,b100,1,1,0,b101010101010101,b10,b10,b1010010110100101,0,b10,b0,b0,0,b11110111,b10,b101010101010100,b111010001100101011100110111010000110010010111110111010001111000010111110110001101101111011011010111000001101100011001010111010001100101,b1110100011001010111001101110100010111110111001001111000,b1110100011001010111001101110100010111110111001001111000,b11111010000,b1110100011001010111001101110100010111110111001001111000,b100111000100000
6090000,b11110111,0,b0,1,0,1,1,1,1,0,0,b101010101010101,b1000,b101,1,1,0,b101010101010101,b10,b11,b1010010110100101,0,b10,b0,b0,0,b11110111,b10,b101010101010100,b111010001100101011100110111010000110010010111110111010001111000010111110110001101101111011011010111000001101100011001010111010001100101,b1110100011001010111001101110100010111110111001001111000,b1110100011001010111001101110100010111110111001001111000,b11111010000,b1110100011001010111001101110100010111110111001001111000,b100111000100000
6100000,b11110111,0,b0,1,0,1,0,1,1,0,0,b101010101010101,b1000,b101,1,1,0,b101010101010101,b10,b11,b1010010110100101,0,b10,b0,b0,0,b11110111,b10,b101010101010100,b111010001100101011100110111010000110010010111110111010001111000010111110110001101101111011011010111000001101100011001010111010001100101,b1110100011001010111001101110100010111110111001001111000,b1110100011001010111001101110100010111110111001001111000,b11111010000,b1110100011001010111001101110100010111110111001001111000,b100111000100000
6110000,b11110111,0,b0,1,0,1,1,1,1,0,0,b101010101010101,b1000,b110,1,1,0,b101010101010101,b10,b0,b1010010110100101,0,b10,b0,b0,1,b11110111,b10,b101010101010100,b111010001100101011100110111010000110010010111110111010001111000010111110110001101101111011011010111000001101100011001010111010001100101,b1110100011001010111001101110100010111110111001001111000,b1110100011001010111001101110100010111110111001001111000,b11111010000,b1110100011001010111001101110100010111110111001001111000,b100111000100000
6120000,b11110111,0,b0,1,0,1,0,1,1,0,0,b101010101010101,b1000,b110,1,1,0,b101010101010101,b10,b0,b1010010110100101,0,b10,b0,b0,1,b11110111,b10,b101010101010100,b111010001100101011100110111010000110010010111110111010001111000010111110110001101101111011011010111000001101100011001010111010001100101,b1110100011001010111001101110100010111110111001001111000,b1110100011001010111001101110100010111110111001001111000,b11111010000,b1110100011001010111001101110100010111110111001001111000,b100111000100000
6130000,b11110111,1,b0,1,0,1,1,1,1,0,0,b101010101010101,b1000,b111,1,1,0,b101010101010101,b10,b1,b1010010110100101,1,b10,b0,b1,1,b11110111,b10,b101010101010100,b111010001100101011100110111010000110010010111110111010001111000010111110110001101101111011011010111000001101100011001010111010001100101,b1110100011001010111001101110100010111110111001001111000,b1110100011001010111001101110100010111110111001001111000,b11111010000,b1110100011001010111001101110100010111110111001001111000,b100111000100000
6140000,b11110111,1,b0,1,0,1,0,1,1,0,0,b101010101010101,b1000,b111,1,1,0,b101010101010101,b10,b1,b1010010110100101,1,b10,b0,b1,1,b11110111,b10,b101010101010100,b111010001100101011100110111010000110010010111110111010001111000010111110110001101101111011011010111000001101100011001010111010001100101,b1110100011001010111001101110100010111110111001001111000,b1110100011001010111001101110100010111110111001001111000,b11111010000,b1110100011001010111001101110100010111110111001001111000,b100111000100000
6150000,b11110111,1,b0,1,0,1,1,1,1,0,0,b101010101010101,b1000,b1000,1,1,0,b101010101010101,b10,b10,b1010010110100101,1,b10,b0,b1,1,b11110111,b10,b101010101010100,b111010001100101011100110111010000110010010111110111010001111000010111110110001101101111011011010111000001101100011001010111010001100101,b1110100011001010111001101110100010111110111001001111000,b1110100011001010111001101110100010111110111001001111000,b11111010000,b1110100011001010111001101110100010111110111001001111000,b100111000100000
6160000,b11110111,1,b0,1,0,1,0,1,1,0,0,b101010101010101,b1000,b1000,1,1,0,b101010101010101,b10,b10,b1010010110100101,1,b10,b0,b1,1,b11110111,b10,b101010101010100,b111010001100101011100110111010000110010010111110111010001111000010111110110001101101111011011010111000001101100011001010111010001100101,b1110100011001010111001101110100010111110111001001111000,b1110100011001010111001101110100010111110111001001111000,b11111010000,b1110100011001010111001101110100010111110111001001111000,b100111000100000
6170000,b11110111,1,b0,1,0,1,1,1,1,0,0,b101010101010101,b1000,b1001,1,1,0,b101010101010101,b10,b11,b1010010110100101,1,b10,b0,b1,1,b11110111,b10,b101010101010100,b111010001100101011100110111010000110010010111110111010001111000010111110110001101101111011011010111000001101100011001010111010001100101,b1110100011001010111001101110100010111110111001001111000,b1110100011001010111001101110100010111110111001001111000,b11111010000,b1110100011001010111001101110100010111110111001001111000,b100111000100000
6180000,b11110111,1,b0,1,0,1,0,1,1,0,0,b101010101010101,b1000,b1001,1,1,0,b101010101010101,b10,b11,b1010010110100101,1,b10,b0,b1,1,b11110111,b10,b101010101010100,b111010001100101011100110111010000110010010111110111010001111000010111110110001101101111011011010111000001101100011001010111010001100101,b1110100011001010111001101110100010111110111001001111000,b1110100011001010111001101110100010111110111001001111000,b11111010000,b1110100011001010111001101110100010111110111001001111000,b100111000100000
6190000,b11110111,1,b0,1,0,1,1,1,1,0,0,b101010101010101,b1000,b1010,1,1,0,b101010101010101,b10,b0,b1010010110100101,1,b10,b0,b1,0,b11110111,b10,b101010101010100,b111010001100101011100110111010000110010010111110111010001111000010111110110001101101111011011010111000001101100011001010111010001100101,b1110100011001010111001101110100010111110111001001111000,b1110100011001010111001101110100010111110111001001111000,b11111010000,b1110100011001010111001101110100010111110111001001111000,b100111000100000
6200000,b11110111,1,b0,1,0,1,0,1,1,0,0,b101010101010101,b1000,b1010,1,1,0,b101010101010101,b10,b0,b1010010110100101,1,b10,b0,b1,0,b11110111,b10,b101010101010100,b111010001100101011100110111010000110010010111110111010001111000010111110110001101101111011011010111000001101100011001010111010001100101,b1110100011001010111001101110100010111110111001001111000,b1110100011001010111001101110100010111110111001001111000,b11111010000,b1110100011001010111001101110100010111110111001001111000,b100111000100000
6210000,b11110111,0,b0,0,0,1,1,1,1,0,0,b101010101010101,b1000,b1011,1,1,0,b101010101010101,b11,b1,b1010010110100101,0,b10,b0,b1,0,b11110111,b10,b1010101010101000,b111010001100101011100110111010000110010010111110111010001111000010111110110001101101111011011010111000001101100011001010111010001100101,b1110100011001010111001101110100010111110111001001111000,b1110100011001010111001101110100010111110111001001111000,b11111010000,b1110100011001010111001101110100010111110111001001111000,b100111000100000
6220000,b11110111,0,b0,0,0,1,0,1,1,0,0,b101010101010101,b1000,b1011,1,1,0,b101010101010101,b11,b1,b1010010110100101,0,b10,b0,b1,0,b11110111,b10,b1010101010101000,b111010001100101011100110111010000110010010111110111010001111000010111110110001101101111011011010111000001101100011001010111010001100101,b1110100011001010111001101110100010111110111001001111000,b1110100011001010111001101110100010111110111001001111000,b11111010000,b1110100011001010111001101110100010111110111001001111000,b100111000100000
6230000,b11110111,0,b0,0,0,1,1,1,1,0,0,b101010101010101,b1000,b1100,1,1,0,b101010101010101,b11,b10,b1010010110100101,0,b10,b0,b1,0,b11110111,b10,b1010101010101000,b111010001100101011100110111010000110010010111110111010001111000010111110110001101101111011011010111000001101100011001010111010001100101,b1110100011001010111001101110100010111110111001001111000,b1110100011001010111001101110100010111110111001001111000,b11111010000,b1110100011001010111001101110100010111110111001001111000,b100111000100000
6240000,b11110111,0,b0,0,0,1,0,1,1,0,0,b101010101010101,b1000,b1100,1,1,0,b101010101010101,b11,b10,b1010010110100101,0,b10,b0,b1,0,b11110111,b10,b1010101010101000,b111010001100101011100110111010000110010010111110111010001111000010111110110001101101111011011010111000001101100011001010111010001100101,b1110100011001010111001101110100010111110111001001111000,b1110100011001010111001101110100010111110111001001111000,b11111010000,b1110100011001010111001101110100010111110111001001111000,b100111000100000
6250000,b11110111,0,b0,0,0,1,1,1,1,0,0,b101010101010101,b1000,b1101,1,1,0,b101010101010101,b11,b11,b1010010110100101,0,b10,b0,b1,0,b11110111,b10,b1010101010101000,b111010001100101011100110111010000110010010111110111010001111000010111110110001101101111011011010111000001101100011001010111010001100101,b1110100011001010111001101110100010111110111001001111000,b1110100011001010111001101110100010111110111001001111000,b11111010000,b1110100011001010111001101110100010111110111001001111000,b100111000100000
6260000,b11110111,0,b0,0,0,1,0,1,1,0,0,b101010101010101,b1000,b1101,1,1,0,b101010101010101,b11,b11,b1010010110100101,0,b10,b0,b1,0,b11110111,b10,b1010101010101000,b111010001100101011100110111010000110010010111110111010001111000010111110110001101101111011011010111000001101100011001010111010001100101,b1110100011001010111001101110100010111110111001001111000,b1110100011001010111001101110100010111110111001001111000,b11111010000,b1110100011001010111001101110100010111110111001001111000,b100111000100000
6270000,b11110111,0,b0,0,0,1,1,1,1,0,0,b101010101010101,b1000,b1110,1,1,0,b101010101010101,b11,b0,b1010010110100101,0,b10,b0,b1,1,b11110111,b10,b1010101010101000,b111010001100101011100110111010000110010010111110111010001111000010111110110001101101111011011010111000001101100011001010111010001100101,b1110100011001010111001101110100010111110111001001111000,b1110100011001010111001101110100010111110111001001111000,b11111010000,b1110100011001010111001101110100010111110111001001111000,b100111000100000
6280000,b11110111,0,b0,0,0,1,0,1,1,0,0,b101010101010101,b1000,b1110,1,1,0,b101010101010101,b11,b0,b1010010110100101,0,b10,b0,b1,1,b11110111,b10,b1010101010101000,b111010001100101011100110111010000110010010111110111010001111000010111110110001101101111011011010111000001101100011001010111010001100101,b1110100011001010111001101110100010111110111001001111000,b1110100011001010111001101110100010111110111001001111000,b11111010000,b1110100011001010111001101110100010111110111001001111000,b100111000100000
6290000,b11110111,1,b0,0,0,1,1,1,1,0,0,b101010101010101,b1000,b1111,1,1,0,b101010101010101,b11,b1,b1010010110100101,1,b10,b0,b11,1,b11110111,b10,b1010101010101000,b111010001100101011100110111010000110010010111110111010001111000010111110110001101101111011011010111000001101100011001010111010001100101,b1110100011001010111001101110100010111110111001001111000,b1110100011001010111001101110100010111110111001001111000,b11111010000,b1110100011001010111001101110100010111110111001001111000,b100111000100000
6300000,b11110111,1,b0,0,0,1,0,1,1,0,0,b101010101010101,b1000,b1111,1,1,0,b101010101010101,b11,b1,b1010010110100101,1,b10,b0,b11,1,b11110111,b10,b1010101010101000,b111010001100101011100110111010000110010010111110111010001111000010111110110001101101111011011010111000001101100011001010111010001100101,b1110100011001010111001101110100010111110111001001111000,b1110100011001010111001101110100010111110111001001111000,b11111010000,b1110100011001010111001101110100010111110111001001111000,b100111000100000
6310000,b11110111,1,b0,0,0,1,1,1,1,0,0,b101010101010101,b1000,b10000,1,1,0,b101010101010101,b11,b10,b1010010110100101,1,b10,b0,b11,1,b11110111,b10,b1010101010101000,b111010001100101011100110111010000110010010111110111010001111000010111110110001101101111011011010111000001101100011001010111010001100101,b1110100011001010111001101110100010111110111001001111000,b1110100011001010111001101110100010111110111001001111000,b11111010000,b1110100011001010111001101110100010111110111001001111000,b100111000100000
6320000,b11110111,1,b0,0,0,1,0,1,1,0,0,b101010101010101,b1000,b10000,1,1,0,b101010101010101,b11,b10,b1010010110100101,1,b10,b0,b11,1,b11110111,b10,b1010101010101000,b111010001100101011100110111010000110010010111110111010001111000010111110110001101101111011011010111000001101100011001010111010001100101,b1110100011001010111001101110100010111110111001001111000,b1110100011001010111001101110100010111110111001001111000,b11111010000,b1110100011001010111001101110100010111110111001001111000,b100111000100000
6330000,b11110111,1,b0,0,0,1,1,1,1,0,0,b101010101010101,b1000,b10001,1,1,0,b101010101010101,b11,b11,b1010010110100101,1,b10,b0,b11,1,b11110111,b10,b1010101010101000,b111010001100101011100110111010000110010010111110111010001111000010111110110001101101111011011010111000001101100011001010111010001100101,b1110100011001010111001101110100010111110111001001111000,b1110100011001010111001101110100010111110111001001111000,b11111010000,b1110100011001010111001101110100010111110111001001111000,b100111000100000
6340000,b11110111,1,b0,0,0,1,0,1,1,0,0,b101010101010101,b1000,b10001,1,1,0,b101010101010101,b11,b11,b1010010110100101,1,b10,b0,b11,1,b11110111,b10,b1010101010101000,b111010001100101011100110111010000110010010111110111010001111000010111110110001101101111011011010111000001101100011001010111010001100101,b1110100011001010111001101110100010111110111001001111000,b1110100011001010111001101110100010111110111001001111000,b11111010000,b1110100011001010111001101110100010111110111001001111000,b100111000100000
6350000,b11110111,1,b0,0,0,1,1,1,1,0,0,b101010101010101,b1000,b10010,1,1,0,b101010101010101,b11,b0,b1010010110100101,1,b10,b0,b11,0,b11110111,b10,b1010101010101000,b111010001100101011100110111010000110010010111110111010001111000010111110110001101101111011011010111000001101100011001010111010001100101,b1110100011001010111001101110100010111110111001001111000,b1110100011001010111001101110100010111110111001001111000,b11111010000,b1110100011001010111001101110100010111110111001001111000,b100111000100000
6360000,b11110111,1,b0,0,0,1,0,1,1,0,0,b101010101010101,b1000,b10010,1,1,0,b101010101010101,b11,b0,b1010010110100101,1,b10,b0,b11,0,b11110111,b10,b1010101010101000,b111010001100101011100110111010000110010010111110111010001111000010111110110001101101111011011010111000001101100011001010111010001100101,b1110100011001010111001101110100010111110111001001111000,b1110100011001010111001101110100010111110111001001111000,b11111010000,b1110100011001010111001101110100010111110111001001111000,b100111000100000
6370000,b11110111,0,b0,1,0,1,1,1,1,0,0,b101010101010101,b1000,b10011,1,1,0,b101010101010101,b100,b1,b1010010110100101,0,b10,b0,b11,0,b11110111,b10,b101010101010000,b111010001100101011100110111010000110010010111110111010001111000010111110110001101101111011011010111000001101100011001010111010001100101,b1110100011001010111001101110100010111110111001001111000,b1110100011001010111001101110100010111110111001001111000,b11111010000,b1110100011001010111001101110100010111110111001001111000,b100111000100000
6380000,b11110111,0,b0,1,0,1,0,1,1,0,0,b101010101010101,b1000,b10011,1,1,0,b101010101010101,b100,b1,b1010010110100101,0,b10,b0,b11,0,b11110111,b10,b101010101010000,b111010001100101011100110111010000110010010111110111010001111000010111110110001101101111011011010111000001101100011001010111010001100101,b1110100011001010111001101110100010111110111001001111000,b1110100011001010111001101110100010111110111001001111000,b11111010000,b1110100011001010111001101110100010111110111001001111000,b100111000100000
6390000,b11110111,0,b0,1,0,1,1,1,1,0,0,b101010101010101,b1000,b10100,1,1,0,b101010101010101,b100,b10,b1010010110100101,0,b10,b0,b11,0,b11110111,b10,b101010101010000,b111010001100101011100110111010000110010010111110111010001111000010111110110001101101111011011010111000001101100011001010111010001100101,b1110100011001010111001101110100010111110111001001111000,b1110100011001010111001101110100010111110111001001111000,b11111010000,b1110100011001010111001101110100010111110111001001111000,b100111000100000
6400000,b11110111,0,b0,1,0,1,0,1,1,0,0,b101010101010101,b1000,b10100,1,1,0,b101010101010101,b100,b10,b1010010110100101,0,b10,b0,b11,0,b11110111,b10,b101010101010000,b111010001100101011100110111010000110010010111110111010001111000010111110110001101101111011011010111000001101100011001010111010001100101,b1110100011001010111001101110100010111110111001001111000,b1110100011001010111001101110100010111110111001001111000,b11111010000,b1110100011001010111001101110100010111110111001001111000,b100111000100000
6410000,b11110111,0,b0,1,0,1,1,1,1,0,0,b101010101010101,b1000,b10101,1,1,0,b101010101010101,b100,b11,b1010010110100101,0,b10,b0,b11,0,b11110111,b10,b101010101010000,b111010001100101011100110111010000110010010111110111010001111000010111110110001101101111011011010111000001101100011001010111010001100101,b1110100011001010111001101110100010111110111001001111000,b1110100011001010111001101110100010111110111001001111000,b11111010000,b1110100011001010111001101110100010111110111001001111000,b100111000100000
6420000,b11110111,0,b0,1,0,1,0,1,1,0,0,b101010101010101,b1000,b10101,1,1,0,b101010101010101,b100,b11,b1010010110100101,0,b10,b0,b11,0,b11110111,b10,b101010101010000,b111010001100101011100110111010000110010010111110111010001111000010111110110001101101111011011010111000001101100011001010111010001100101,b1110100011001010111001101110100010111110111001001111000,b1110100011001010111001101110100010111110111001001111000,b11111010000,b1110100011001010111001101110100010111110111001001111000,b100111000100000
6430000,b11110111,0,b0,1,0,1,1,1,1,0,0,b101010101010101,b1000,b10110,1,1,0,b101010101010101,b100,b0,b1010010110100101,0,b10,b0,b11,1,b11110111,b10,b101010101010000,b111010001100101011100110111010000110010010111110111010001111000010111110110001101101111011011010111000001101100011001010111010001100101,b1110100011001010111001101110100010111110111001001111000,b1110100011001010111001101110100010111110111001001111000,b11111010000,b1110100011001010111001101110100010111110111001001111000,b100111000100000
6440000,b11110111,0,b0,1,0,1,0,1,1,0,0,b101010101010101,b1000,b10110,1,1,0,b101010101010101,b100,b0,b1010010110100101,0,b10,b0,b11,1,b11110111,b10,b101010101010000,b111010001100101011100110111010000110010010111110111010001111000010111110110001101101111011011010111000001101100011001010111010001100101,b1110100011001010111001101110100010111110111001001111000,b1110100011001010111001101110100010111110111001001111000,b11111010000,b1110100011001010111001101110100010111110111001001111000,b100111000100000
6450000,b11110111,1,b0,1,0,1,1,1,1,0,0,b101010101010101,b1000,b10111,1,1,0,b101010101010101,b100,b1,b1010010110100101,1,b10,b0,b111,1,b11110111,b10,b101010101010000,b111010001100101011100110111010000110010010111110111010001111000010111110110001101101111011011010111000001101100011001010111010001100101,b1110100011001010111001101110100010111110111001001111000,b1110100011001010111001101110100010111110111001001111000,b11111010000,b1110100011001010111001101110100010111110111001001111000,b100111000100000
6460000,b11110111,1,b0,1,0,1,0,1,1,0,0,b101010101010101,b1000,b10111,1,1,0,b101010101010101,b100,b1,b1010010110100101,1,b10,b0,b111,1,b11110111,b10,b101010101010000,b111010001100101011100110111010000110010010111110111010001111000010111110110001101101111011011010111000001101100011001010111010001100101,b1110100011001010111001101110100010111110111001001111000,b1110100011001010111001101110100010111110111001001111000,b11111010000,b1110100011001010111001101110100010111110111001001111000,b100111000100000
6470000,b11110111,1,b0,1,0,1,1,1,1,0,0,b101010101010101,b1000,b11000,1,1,0,b101010101010101,b100,b10,b1010010110100101,1,b10,b0,b111,1,b11110111,b10,b101010101010000,b111010001100101011100110111010000110010010111110111010001111000010111110110001101101111011011010111000001101100011001010111010001100101,b1110100011001010111001101110100010111110111001001111000,b1110100011001010111001101110100010111110111001001111000,b11111010000,b1110100011001010111001101110100010111110111001001111000,b100111000100000
6480000,b11110111,1,b0,1,0,1,0,1,1,0,0,b101010101010101,b1000,b11000,1,1,0,b101010101010101,b100,b10,b1010010110100101,1,b10,b0,b111,1,b11110111,b10,b101010101010000,b111010001100101011100110111010000110010010111110111010001111000010111110110001101101111011011010111000001101100011001010111010001100101,b1110100011001010111001101110100010111110111001001111000,b1110100011001010111001101110100010111110111001001111000,b11111010000,b1110100011001010111001101110100010111110111001001111000,b100111000100000
6490000,b11110111,1,b0,1,0,1,1,1,1,0,0,b101010101010101,b1000,b11001,1,1,0,b101010101010101,b100,b11,b1010010110100101,1,b10,b0,b111,1,b11110111,b10,b101010101010000,b111010001100101011100110111010000110010010111110111010001111000010111110110001101101111011011010111000001101100011001010111010001100101,b1110100011001010111001101110100010111110111001001111000,b1110100011001010111001101110100010111110111001001111000,b11111010000,b1110100011001010111001101110100010111110111001001111000,b100111000100000
6500000,b11110111,1,b0,1,0,1,0,1,1,0,0,b101010101010101,b1000,b11001,1,1,0,b101010101010101,b100,b11,b1010010110100101,1,b10,b0,b111,1,b11110111,b10,b101010101010000,b111010001100101011100110111010000110010010111110111010001111000010111110110001101101111011011010111000001101100011001010111010001100101,b1110100011001010111001101110100010111110111001001111000,b1110100011001010111001101110100010111110111001001111000,b11111010000,b1110100011001010111001101110100010111110111001001111000,b100111000100000
6510000,b11110111,1,b0,1,0,1,1,1,1,0,0,b101010101010101,b1000,b11010,1,1,0,b101010101010101,b100,b0,b1010010110100101,1,b10,b0,b111,0,b11110111,b10,b101010101010000,b111010001100101011100110111010000110010010111110111010001111000010111110110001101101111011011010111000001101100011001010111010001100101,b1110100011001010111001101110100010111110111001001111000,b1110100011001010111001101110100010111110111001001111000,b11111010000,b1110100011001010111001101110100010111110111001001111000,b100111000100000
6520000,b11110111,1,b0,1,0,1,0,1,1,0,0,b101010101010101,b1000,b11010,1,1,0,b101010101010101,b100,b0,b1010010110100101,1,b10,b0,b111,0,b11110111,b10,b101010101010000,b111010001100101011100110111010000110010010111110111010001111000010111110110001101101111011011010111000001101100011001010111010001100101,b1110100011001010111001101110100010111110111001001111000,b1110100011001010111001101110100010111110111001001111000,b11111010000,b1110100011001010111001101110100010111110111001001111000,b100111000100000
6530000,b11110111,0,b0,0,0,1,1,1,1,0,0,b101010101010101,b1000,b11011,1,1,0,b101010101010101,b101,b1,b1010010110100101,0,b10,b0,b111,0,b11110111,b10,b1010101010100000,b111010001100101011100110111010000110010010111110111010001111000010111110110001101101111011011010111000001101100011001010111010001100101,b1110100011001010111001101110100010111110111001001111000,b1110100011001010111001101110100010111110111001001111000,b11111010000,b1110100011001010111001101110100010111110111001001111000,b100111000100000
6540000,b11110111,0,b0,0,0,1,0,1,1,0,0,b101010101010101,b1000,b11011,1,1,0,b101010101010101,b101,b1,b1010010110100101,0,b10,b0,b111,0,b11110111,b10,b1010101010100000,b111010001100101011100110111010000110010010111110111010001111000010111110110001101101111011011010111000001101100011001010111010001100101,b1110100011001010111001101110100010111110111001001111000,b1110100011001010111001101110100010111110111001001111000,b11111010000,b1110100011001010111001101110100010111110111001001111000,b100111000100000
6550000,b11110111,0,b0,0,0,1,1,1,1,0,0,b101010101010101,b1000,b11100,1,1,0,b101010101010101,b101,b10,b1010010110100101,0,b10,b0,b111,0,b11110111,b10,b1010101010100000,b111010001100101011100110111010000110010010111110111010001111000010111110110001101101111011011010111000001101100011001010111010001100101,b1110100011001010111001101110100010111110111001001111000,b1110100011001010111001101110100010111110111001001111000,b11111010000,b1110100011001010111001101110100010111110111001001111000,b100111000100000
6560000,b11110111,0,b0,0,0,1,0,1,1,0,0,b101010101010101,b1000,b11100,1,1,0,b101010101010101,b101,b10,b1010010110100101,0,b10,b0,b111,0,b11110111,b10,b1010101010100000,b111010001100101011100110111010000110010010111110111010001111000010111110110001101101111011011010111000001101100011001010111010001100101,b1110100011001010111001101110100010111110111001001111000,b1110100011001010111001101110100010111110111001001111000,b11111010000,b1110100011001010111001101110100010111110111001001111000,b100111000100000
6570000,b11110111,0,b0,0,0,1,1,1,1,0,0,b101010101010101,b1000,b11101,1,1,0,b101010101010101,b101,b11,b1010010110100101,0,b10,b0,b111,0,b11110111,b10,b1010101010100000,b111010001100101011100110111010000110010010111110111010001111000010111110110001101101111011011010111000001101100011001010111010001100101,b1110100011001010111001101110100010111110111001001111000,b1110100011001010111001101110100010111110111001001111000,b11111010000,b1110100011001010111001101110100010111110111001001111000,b100111000100000
6580000,b11110111,0,b0,0,0,1,0,1,1,0,0,b101010101010101,b1000,b11101,1,1,0,b101010101010101,b101,b11,b1010010110100101,0,b10,b0,b111,0,b11110111,b10,b1010101010100000,b111010001100101011100110111010000110010010111110111010001111000010111110110001101101111011011010111000001101100011001010111010001100101,b1110100011001010111001101110100010111110111001001111000,b1110100011001010111001101110100010111110111001001111000,b11111010000,b1110100011001010111001101110100010111110111001001111000,b100111000100000
6590000,b11110111,0,b0,0,0,1,1,1,1,0,0,b101010101010101,b1000,b11110,1,1,0,b101010101010101,b101,b0,b1010010110100101,0,b10,b0,b111,1,b11110111,b10,b1010101010100000,b111010001100101011100110111010000110010010111110111010001111000010111110110001101101111011011010111000001101100011001010111010001100101,b1110100011001010111001101110100010111110111001001111000,b1110100011001010111001101110100010111110111001001111000,b11111010000,b1110100011001010111001101110100010111110111001001111000,b100111000100000
6600000,b11110111,0,b0,0,0,1,0,1,1,0,0,b101010101010101,b1000,b11110,1,1,0,b101010101010101,b101,b0,b1010010110100101,0,b10,b0,b111,1,b11110111,b10,b1010101010100000,b111010001100101011100110111010000110010010111110111010001111000010111110110001101101111011011010111000001101100011001010111010001100101,b1110100011001010111001101110100010111110111001001111000,b1110100011001010111001101110100010111110111001001111000,b11111010000,b1110100011001010111001101110100010111110111001001111000,b100111000100000
6610000,b11110111,1,b0,0,0,1,1,1,1,0,0,b101010101010101,b1000,b11111,1,1,0,b101010101010101,b101,b1,b1010010110100101,1,b10,b0,b1111,1,b11110111,b10,b1010101010100000,b111010001100101011100110111010000110010010111110111010001111000010111110110001101101111011011010111000001101100011001010111010001100101,b1110100011001010111001101110100010111110111001001111000,b1110100011001010111001101110100010111110111001001111000,b11111010000,b1110100011001010111001101110100010111110111001001111000,b100111000100000
6620000,b11110111,1,b0,0,0,1,0,1,1,0,0,b101010101010101,b1000,b11111,1,1,0,b101010101010101,b101,b1,b1010010110100101,1,b10,b0,b1111,1,b11110111,b10,b1010101010100000,b111010001100101011100110111010000110010010111110111010001111000010111110110001101101111011011010111000001101100011001010111010001100101,b1110100011001010111001101110100010111110111001001111000,b1110100011001010111001101110100010111110111001001111000,b11111010000,b1110100011001010111001101110100010111110111001001111000,b100111000100000
6630000,b11110111,1,b0,0,0,1,1,1,1,0,0,b101010101010101,b1000,b100000,1,1,0,b101010101010101,b101,b10,b1010010110100101,1,b10,b0,b1111,1,b11110111,b10,b1010101010100000,b111010001100101011100110111010000110010010111110111010001111000010111110110001101101111011011010111000001101100011001010111010001100101,b1110100011001010111001101110100010111110111001001111000,b1110100011001010111001101110100010111110111001001111000,b11111010000,b1110100011001010111001101110100010111110111001001111000,b100111000100000
6640000,b11110111,1,b0,0,0,1,0,1,1,0,0,b101010101010101,b1000,b100000,1,1,0,b101010101010101,b101,b10,b1010010110100101,1,b10,b0,b1111,1,b11110111,b10,b1010101010100000,b111010001100101011100110111010000110010010111110111010001111000010111110110001101101111011011010111000001101100011001010111010001100101,b1110100011001010111001101110100010111110111001001111000,b1110100011001010111001101110100010111110111001001111000,b11111010000,b1110100011001010111001101110100010111110111001001111000,b100111000100000
6650000,b11110111,1,b0,0,0,1,1,1,1,0,0,b101010101010101,b1000,b100001,1,1,0,b101010101010101,b101,b11,b1010010110100101,1,b10,b0,b1111,1,b11110111,b10,b1010101010100000,b111010001100101011100110111010000110010010111110111010001111000010111110110001101101111011011010111000001101100011001010111010001100101,b1110100011001010111001101110100010111110111001001111000,b1110100011001010111001101110100010111110111001001111000,b11111010000,b1110100011001010111001101110100010111110111001001111000,b100111000100000
6660000,b11110111,1,b0,0,0,1,0,1,1,0,0,b101010101010101,b1000,b100001,1,1,0,b101010101010101,b101,b11,b1010010110100101,1,b10,b0,b1111,1,b11110111,b10,b1010101010100000,b111010001100101011100110111010000110010010111110111010001111000010111110110001101101111011011010111000001101100011001010111010001100101,b1110100011001010111001101110100010111110111001001111000,b1110100011001010111001101110100010111110111001001111000,b11111010000,b1110100011001010111001101110100010111110111001001111000,b100111000100000
6670000,b11110111,1,b0,0,0,1,1,1,1,0,0,b101010101010101,b1000,b100010,1,1,0,b101010101010101,b101,b0,b1010010110100101,1,b10,b0,b1111,0,b11110111,b10,b1010101010100000,b111010001100101011100110111010000110010010111110111010001111000010111110110001101101111011011010111000001101100011001010111010001100101,b1110100011001010111001101110100010111110111001001111000,b1110100011001010111001101110100010111110111001001111000,b11111010000,b1110100011001010111001101110100010111110111001001111000,b100111000100000
6680000,b11110111,1,b0,0,0,1,0,1,1,0,0,b101010101010101,b1000,b100010,1,1,0,b101010101010101,b101,b0,b1010010110100101,1,b10,b0,b1111,0,b11110111,b10,b1010101010100000,b111010001100101011100110111010000110010010111110111010001111000010111110110001101101111011011010111000001101100011001010111010001100101,b1110100011001010111001101110100010111110111001001111000,b1110100011001010111001101110100010111110111001001111000,b11111010000,b1110100011001010111001101110100010111110111001001111000,b100111000100000
6690000,b11110111,0,b0,1,0,1,1,1,1,0,0,b101010101010101,b1000,b100011,1,1,0,b101010101010101,b110,b1,b1010010110100101,0,b10,b0,b1111,0,b11110111,b10,b101010101000000,b111010001100101011100110111010000110010010111110111010001111000010111110110001101101111011011010111000001101100011001010111010001100101,b1110100011001010111001101110100010111110111001001111000,b1110100011001010111001101110100010111110111001001111000,b11111010000,b1110100011001010111001101110100010111110111001001111000,b100111000100000
6700000,b11110111,0,b0,1,0,1,0,1,1,0,0,b101010101010101,b1000,b100011,1,1,0,b101010101010101,b110,b1,b1010010110100101,0,b10,b0,b1111,0,b11110111,b10,b101010101000000,b111010001100101011100110111010000110010010111110111010001111000010111110110001101101111011011010111000001101100011001010111010001100101,b1110100011001010111001101110100010111110111001001111000,b1110100011001010111001101110100010111110111001001111000,b11111010000,b1110100011001010111001101110100010111110111001001111000,b100111000100000
6710000,b11110111,0,b0,1,0,1,1,1,1,0,0,b101010101010101,b1000,b100100,1,1,0,b101010101010101,b110,b10,b1010010110100101,0,b10,b0,b1111,0,b11110111,b10,b101010101000000,b111010001100101011100110111010000110010010111110111010001111000010111110110001101101111011011010111000001101100011001010111010001100101,b1110100011001010111001101110100010111110111001001111000,b1110100011001010111001101110100010111110111001001111000,b11111010000,b1110100011001010111001101110100010111110111001001111000,b100111000100000
6720000,b11110111,0,b0,1,0,1,0,1,1,0,0,b101010101010101,b1000,b100100,1,1,0,b101010101010101,b110,b10,b1010010110100101,0,b10,b0,b1111,0,b11110111,b10,b101010101000000,b111010001100101011100110111010000110010010111110111010001111000010111110110001101101111011011010111000001101100011001010111010001100101,b1110100011001010111001101110100010111110111001001111000,b1110100011001010111001101110100010111110111001001111000,b11111010000,b1110100011001010111001101110100010111110111001001111000,b100111000100000
6730000,b11110111,0,b0,1,0,1,1,1,1,0,0,b101010101010101,b1000,b100101,1,1,0,b101010101010101,b110,b11,b1010010110100101,0,b10,b0,b1111,0,b11110111,b10,b101010101000000,b111010001100101011100110111010000110010010111110111010001111000010111110110001101101111011011010111000001101100011001010111010001100101,b1110100011001010111001101110100010111110111001001111000,b1110100011001010111001101110100010111110111001001111000,b11111010000,b1110100011001010111001101110100010111110111001001111000,b100111000100000
6740000,b11110111,0,b0,1,0,1,0,1,1,0,0,b101010101010101,b1000,b100101,1,1,0,b101010101010101,b110,b11,b1010010110100101,0,b10,b0,b1111,0,b11110111,b10,b101010101000000,b111010001100101011100110111010000110010010111110111010001111000010111110110001101101111011011010111000001101100011001010111010001100101,b1110100011001010111001101110100010111110111001001111000,b1110100011001010111001101110100010111110111001001111000,b11111010000,b1110100011001010111001101110100010111110111001001111000,b100111000100000
6750000,b11110111,0,b0,1,0,1,1,1,1,0,0,b101010101010101,b1000,b100110,1,1,0,b101010101010101,b110,b0,b1010010110100101,0,b10,b0,b1111,1,b11110111,b10,b101010101000000,b111010001100101011100110111010000110010010111110111010001111000010111110110001101101111011011010111000001101100011001010111010001100101,b1110100011001010111001101110100010111110111001001111000,b1110100011001010111001101110100010111110111001001111000,b11111010000,b1110100011001010111001101110100010111110111001001111000,b100111000100000
6760000,b11110111,0,b0,1,0,1,0,1,1,0,0,b101010101010101,b1000,b100110,1,1,0,b101010101010101,b110,b0,b1010010110100101,0,b10,b0,b1111,1,b11110111,b10,b101010101000000,b111010001100101011100110111010000110010010111110111010001111000010111110110001101101111011011010111000001101100011001010111010001100101,b1110100011001010111001101110100010111110111001001111000,b1110100011001010111001101110100010111110111001001111000,b11111010000,b1110100011001010111001101110100010111110111001001111000,b100111000100000
6770000,b11110111,1,b0,1,0,1,1,1,1,0,0,b101010101010101,b1000,b100111,1,1,0,b101010101010101,b110,b1,b1010010110100101,1,b10,b0,b11111,1,b11110111,b10,b101010101000000,b111010001100101011100110111010000110010010111110111010001111000010111110110001101101111011011010111000001101100011001010111010001100101,b1110100011001010111001101110100010111110111001001111000,b1110100011001010111001101110100010111110111001001111000,b11111010000,b1110100011001010111001101110100010111110111001001111000,b100111000100000
6780000,b11110111,1,b0,1,0,1,0,1,1,0,0,b101010101010101,b1000,b100111,1,1,0,b101010101010101,b110,b1,b1010010110100101,1,b10,b0,b11111,1,b11110111,b10,b101010101000000,b111010001100101011100110111010000110010010111110111010001111000010111110110001101101111011011010111000001101100011001010111010001100101,b1110100011001010111001101110100010111110111001001111000,b1110100011001010111001101110100010111110111001001111000,b11111010000,b1110100011001010111001101110100010111110111001001111000,b100111000100000
6790000,b11110111,1,b0,1,0,1,1,1,1,0,0,b101010101010101,b1000,b101000,1,1,0,b101010101010101,b110,b10,b1010010110100101,1,b10,b0,b11111,1,b11110111,b10,b101010101000000,b111010001100101011100110111010000110010010111110111010001111000010111110110001101101111011011010111000001101100011001010111010001100101,b1110100011001010111001101110100010111110111001001111000,b1110100011001010111001101110100010111110111001001111000,b11111010000,b1110100011001010111001101110100010111110111001001111000,b100111000100000
6800000,b11110111,1,b0,1,0,1,0,1,1,0,0,b101010101010101,b1000,b101000,1,1,0,b101010101010101,b110,b10,b1010010110100101,1,b10,b0,b11111,1,b11110111,b10,b101010101000000,b111010001100101011100110111010000110010010111110111010001111000010111110110001101101111011011010111000001101100011001010111010001100101,b1110100011001010111001101110100010111110111001001111000,b1110100011001010111001101110100010111110111001001111000,b11111010000,b1110100011001010111001101110100010111110111001001111000,b100111000100000
6810000,b11110111,1,b0,1,0,1,1,1,1,0,0,b101010101010101,b1000,b101001,1,1,0,b101010101010101,b110,b11,b1010010110100101,1,b10,b0,b11111,1,b11110111,b10,b101010101000000,b111010001100101011100110111010000110010010111110111010001111000010111110110001101101111011011010111000001101100011001010111010001100101,b1110100011001010111001101110100010111110111001001111000,b1110100011001010111001101110100010111110111001001111000,b11111010000,b1110100011001010111001101110100010111110111001001111000,b100111000100000
6820000,b11110111,1,b0,1,0,1,0,1,1,0,0,b101010101010101,b1000,b101001,1,1,0,b101010101010101,b110,b11,b1010010110100101,1,b10,b0,b11111,1,b11110111,b10,b101010101000000,b111010001100101011100110111010000110010010111110111010001111000010111110110001101101111011011010111000001101100011001010111010001100101,b1110100011001010111001101110100010111110111001001111000,b1110100011001010111001101110100010111110111001001111000,b11111010000,b1110100011001010111001101110100010111110111001001111000,b100111000100000
6830000,b11110111,1,b0,1,0,1,1,1,1,0,0,b101010101010101,b1000,b101010,1,1,0,b101010101010101,b110,b0,b1010010110100101,1,b10,b0,b11111,0,b11110111,b10,b101010101000000,b111010001100101011100110111010000110010010111110111010001111000010111110110001101101111011011010111000001101100011001010111010001100101,b1110100011001010111001101110100010111110111001001111000,b1110100011001010111001101110100010111110111001001111000,b11111010000,b1110100011001010111001101110100010111110111001001111000,b100111000100000
6840000,b11110111,1,b0,1,0,1,0,1,1,0,0,b101010101010101,b1000,b101010,1,1,0,b101010101010101,b110,b0,b1010010110100101,1,b10,b0,b11111,0,b11110111,b10,b101010101000000,b111010001100101011100110111010000110010010111110111010001111000010111110110001101101111011011010111000001101100011001010111010001100101,b1110100011001010111001101110100010111110111001001111000,b1110100011001010111001101110100010111110111001001111000,b11111010000,b1110100011001010111001101110100010111110111001001111000,b100111000100000
6850000,b11110111,0,b0,0,0,1,1,1,1,0,0,b101010101010101,b1000,b101011,1,1,0,b101010101010101,b111,b1,b1010010110100101,0,b10,b0,b11111,0,b11110111,b10,b1010101010000000,b111010001100101011100110111010000110010010111110111010001111000010111110110001101101111011011010111000001101100011001010111010001100101,b1110100011001010111001101110100010111110111001001111000,b1110100011001010111001101110100010111110111001001111000,b11111010000,b1110100011001010111001101110100010111110111001001111000,b100111000100000
6860000,b11110111,0,b0,0,0,1,0,1,1,0,0,b101010101010101,b1000,b101011,1,1,0,b101010101010101,b111,b1,b1010010110100101,0,b10,b0,b11111,0,b11110111,b10,b1010101010000000,b111010001100101011100110111010000110010010111110111010001111000010111110110001101101111011011010111000001101100011001010111010001100101,b1110100011001010111001101110100010111110111001001111000,b1110100011001010111001101110100010111110111001001111000,b11111010000,b1110100011001010111001101110100010111110111001001111000,b100111000100000
6870000,b11110111,0,b0,0,0,1,1,1,1,0,0,b101010101010101,b1000,b101100,1,1,0,b101010101010101,b111,b10,b1010010110100101,0,b10,b0,b11111,0,b11110111,b10,b1010101010000000,b111010001100101011100110111010000110010010111110111010001111000010111110110001101101111011011010111000001101100011001010111010001100101,b1110100011001010111001101110100010111110111001001111000,b1110100011001010111001101110100010111110111001001111000,b11111010000,b1110100011001010111001101110100010111110111001001111000,b100111000100000
6880000,b11110111,0,b0,0,0,1,0,1,1,0,0,b101010101010101,b1000,b101100,1,1,0,b101010101010101,b111,b10,b1010010110100101,0,b10,b0,b11111,0,b11110111,b10,b1010101010000000,b111010001100101011100110111010000110010010111110111010001111000010111110110001101101111011011010111000001101100011001010111010001100101,b1110100011001010111001101110100010111110111001001111000,b1110100011001010111001101110100010111110111001001111000,b11111010000,b1110100011001010111001101110100010111110111001001111000,b100111000100000
6890000,b11110111,0,b0,0,0,1,1,1,1,0,0,b101010101010101,b1000,b101101,1,1,0,b101010101010101,b111,b11,b1010010110100101,0,b10,b0,b11111,0,b11110111,b10,b1010101010000000,b111010001100101011100110111010000110010010111110111010001111000010111110110001101101111011011010111000001101100011001010111010001100101,b1110100011001010111001101110100010111110111001001111000,b1110100011001010111001101110100010111110111001001111000,b11111010000,b1110100011001010111001101110100010111110111001001111000,b100111000100000
6900000,b11110111,0,b0,0,0,1,0,1,1,0,0,b101010101010101,b1000,b101101,1,1,0,b101010101010101,b111,b11,b1010010110100101,0,b10,b0,b11111,0,b11110111,b10,b1010101010000000,b111010001100101011100110111010000110010010111110111010001111000010111110110001101101111011011010111000001101100011001010111010001100101,b1110100011001010111001101110100010111110111001001111000,b1110100011001010111001101110100010111110111001001111000,b11111010000,b1110100011001010111001101110100010111110111001001111000,b100111000100000
6910000,b11110111,0,b0,0,0,1,1,1,1,0,0,b101010101010101,b1000,b101110,1,1,0,b101010101010101,b111,b0,b1010010110100101,0,b10,b0,b11111,1,b11110111,b10,b1010101010000000,b111010001100101011100110111010000110010010111110111010001111000010111110110001101101111011011010111000001101100011001010111010001100101,b1110100011001010111001101110100010111110111001001111000,b1110100011001010111001101110100010111110111001001111000,b11111010000,b1110100011001010111001101110100010111110111001001111000,b100111000100000
6920000,b11110111,0,b0,0,0,1,0,1,1,0,0,b101010101010101,b1000,b101110,1,1,0,b101010101010101,b111,b0,b1010010110100101,0,b10,b0,b11111,1,b11110111,b10,b1010101010000000,b111010001100101011100110111010000110010010111110111010001111000010111110110001101101111011011010111000001101100011001010111010001100101,b1110100011001010111001101110100010111110111001001111000,b1110100011001010111001101110100010111110111001001111000,b11111010000,b1110100011001010111001101110100010111110111001001111000,b100111000100000
6930000,b11110111,1,b0,0,0,1,1,1,1,0,0,b101010101010101,b1000,b101111,1,1,0,b101010101010101,b111,b1,b1010010110100101,1,b10,b0,b111111,1,b11110111,b10,b1010101010000000,b111010001100101011100110111010000110010010111110111010001111000010111110110001101101111011011010111000001101100011001010111010001100101,b1110100011001010111001101110100010111110111001001111000,b1110100011001010111001101110100010111110111001001111000,b11111010000,b1110100011001010111001101110100010111110111001001111000,b100111000100000
6940000,b11110111,1,b0,0,0,1,0,1,1,0,0,b101010101010101,b1000,b101111,1,1,0,b101010101010101,b111,b1,b1010010110100101,1,b10,b0,b111111,1,b11110111,b10,b1010101010000000,b111010001100101011100110111010000110010010111110111010001111000010111110110001101101111011011010111000001101100011001010111010001100101,b1110100011001010111001101110100010111110111001001111000,b1110100011001010111001101110100010111110111001001111000,b11111010000,b1110100011001010111001101110100010111110111001001111000,b100111000100000
6950000,b11110111,1,b0,0,0,1,1,1,1,0,0,b101010101010101,b1000,b110000,1,1,0,b101010101010101,b111,b10,b1010010110100101,1,b10,b0,b111111,1,b11110111,b10,b1010101010000000,b111010001100101011100110111010000110010010111110111010001111000010111110110001101101111011011010111000001101100011001010111010001100101,b1110100011001010111001101110100010111110111001001111000,b1110100011001010111001101110100010111110111001001111000,b11111010000,b1110100011001010111001101110100010111110111001001111000,b100111000100000
6960000,b11110111,1,b0,0,0,1,0,1,1,0,0,b101010101010101,b1000,b110000,1,1,0,b101010101010101,b111,b10,b1010010110100101,1,b10,b0,b111111,1,b11110111,b10,b1010101010000000,b111010001100101011100110111010000110010010111110111010001111000010111110110001101101111011011010111000001101100011001010111010001100101,b1110100011001010111001101110100010111110111001001111000,b1110100011001010111001101110100010111110111001001111000,b11111010000,b1110100011001010111001101110100010111110111001001111000,b100111000100000
6970000,b11110111,1,b0,0,0,1,1,1,1,0,0,b101010101010101,b1000,b110001,1,1,0,b101010101010101,b111,b11,b1010010110100101,1,b10,b0,b111111,1,b11110111,b10,b1010101010000000,b111010001100101011100110111010000110010010111110111010001111000010111110110001101101111011011010111000001101100011001010111010001100101,b1110100011001010111001101110100010111110111001001111000,b1110100011001010111001101110100010111110111001001111000,b11111010000,b1110100011001010111001101110100010111110111001001111000,b100111000100000
6980000,b11110111,1,b0,0,0,1,0,1,1,0,0,b101010101010101,b1000,b110001,1,1,0,b101010101010101,b111,b11,b1010010110100101,1,b10,b0,b111111,1,b11110111,b10,b1010101010000000,b111010001100101011100110111010000110010010111110111010001111000010111110110001101101111011011010111000001101100011001010111010001100101,b1110100011001010111001101110100010111110111001001111000,b1110100011001010111001101110100010111110111001001111000,b11111010000,b1110100011001010111001101110100010111110111001001111000,b100111000100000
6990000,b11110111,1,b0,0,0,1,1,1,1,0,0,b101010101010101,b1000,b110010,1,1,0,b101010101010101,b111,b0,b1010010110100101,1,b10,b0,b111111,0,b11110111,b10,b1010101010000000,b111010001100101011100110111010000110010010111110111010001111000010111110110001101101111011011010111000001101100011001010111010001100101,b1110100011001010111001101110100010111110111001001111000,b1110100011001010111001101110100010111110111001001111000,b11111010000,b1110100011001010111001101110100010111110111001001111000,b100111000100000
7000000,b11110111,1,b0,0,0,1,0,1,1,0,0,b101010101010101,b1000,b110010,1,1,0,b101010101010101,b111,b0,b1010010110100101,1,b10,b0,b111111,0,b11110111,b10,b1010101010000000,b111010001100101011100110111010000110010010111110111010001111000010111110110001101101111011011010111000001101100011001010111010001100101,b1110100011001010111001101110100010111110111001001111000,b1110100011001010111001101110100010111110111001001111000,b11111010000,b1110100011001010111001101110100010111110111001001111000,b100111000100000
7010000,b11110111,0,b0,1,0,1,1,1,1,0,0,b101010101010101,b1000,b110011,1,1,0,b101010101010101,b1000,b1,b1010010110100101,0,b10,b0,b111111,0,b11110111,b10,b101010100000000,b111010001100101011100110111010000110010010111110111010001111000010111110110001101101111011011010111000001101100011001010111010001100101,b1110100011001010111001101110100010111110111001001111000,b1110100011001010111001101110100010111110111001001111000,b11111010000,b1110100011001010111001101110100010111110111001001111000,b100111000100000
7020000,b11110111,0,b0,1,0,1,0,1,1,0,0,b101010101010101,b1000,b110011,1,1,0,b101010101010101,b1000,b1,b1010010110100101,0,b10,b0,b111111,0,b11110111,b10,b101010100000000,b111010001100101011100110111010000110010010111110111010001111000010111110110001101101111011011010111000001101100011001010111010001100101,b1110100011001010111001101110100010111110111001001111000,b1110100011001010111001101110100010111110111001001111000,b11111010000,b1110100011001010111001101110100010111110111001001111000,b100111000100000
7030000,b11110111,0,b0,1,0,1,1,1,1,0,0,b101010101010101,b1000,b110100,1,1,0,b101010101010101,b1000,b10,b1010010110100101,0,b10,b0,b111111,0,b11110111,b10,b101010100000000,b111010001100101011100110111010000110010010111110111010001111000010111110110001101101111011011010111000001101100011001010111010001100101,b1110100011001010111001101110100010111110111001001111000,b1110100011001010111001101110100010111110111001001111000,b11111010000,b1110100011001010111001101110100010111110111001001111000,b100111000100000
7040000,b11110111,0,b0,1,0,1,0,1,1,0,0,b101010101010101,b1000,b110100,1,1,0,b101010101010101,b1000,b10,b1010010110100101,0,b10,b0,b111111,0,b11110111,b10,b101010100000000,b111010001100101011100110111010000110010010111110111010001111000010111110110001101101111011011010111000001101100011001010111010001100101,b1110100011001010111001101110100010111110111001001111000,b1110100011001010111001101110100010111110111001001111000,b11111010000,b1110100011001010111001101110100010111110111001001111000,b100111000100000
7050000,b11110111,0,b0,1,0,1,1,1,1,0,0,b101010101010101,b1000,b110101,1,1,0,b101010101010101,b1000,b11,b1010010110100101,0,b10,b0,b111111,0,b11110111,b10,b101010100000000,b111010001100101011100110111010000110010010111110111010001111000010111110110001101101111011011010111000001101100011001010111010001100101,b1110100011001010111001101110100010111110111001001111000,b1110100011001010111001101110100010111110111001001111000,b11111010000,b1110100011001010111001101110100010111110111001001111000,b100111000100000
7060000,b11110111,0,b0,1,0,1,0,1,1,0,0,b101010101010101,b1000,b110101,1,1,0,b101010101010101,b1000,b11,b1010010110100101,0,b10,b0,b111111,0,b11110111,b10,b101010100000000,b111010001100101011100110111010000110010010111110111010001111000010111110110001101101111011011010111000001101100011001010111010001100101,b1110100011001010111001101110100010111110111001001111000,b1110100011001010111001101110100010111110111001001111000,b11111010000,b1110100011001010111001101110100010111110111001001111000,b100111000100000
7070000,b11110111,0,b0,1,0,1,1,1,1,0,0,b101010101010101,b1000,b110110,1,1,0,b101010101010101,b1000,b0,b1010010110100101,0,b10,b0,b111111,1,b11110111,b10,b101010100000000,b111010001100101011100110111010000110010010111110111010001111000010111110110001101101111011011010111000001101100011001010111010001100101,b1110100011001010111001101110100010111110111001001111000,b1110100011001010111001101110100010111110111001001111000,b11111010000,b1110100011001010111001101110100010111110111001001111000,b100111000100000
7080000,b11110111,0,b0,1,0,1,0,1,1,0,0,b101010101010101,b1000,b110110,1,1,0,b101010101010101,b1000,b0,b1010010110100101,0,b10,b0,b111111,1,b11110111,b10,b101010100000000,b111010001100101011100110111010000110010010111110111010001111000010111110110001101101111011011010111000001101100011001010111010001100101,b1110100011001010111001101110100010111110111001001111000,b1110100011001010111001101110100010111110111001001111000,b11111010000,b1110100011001010111001101110100010111110111001001111000,b100111000100000
7090000,b11110111,1,b0,1,0,1,1,1,1,0,0,b101010101010101,b1000,b110111,1,1,0,b101010101010101,b1000,b1,b1010010110100101,1,b10,b0,b1111111,1,b11110111,b10,b101010100000000,b111010001100101011100110111010000110010010111110111010001111000010111110110001101101111011011010111000001101100011001010111010001100101,b1110100011001010111001101110100010111110111001001111000,b1110100011001010111001101110100010111110111001001111000,b11111010000,b1110100011001010111001101110100010111110111001001111000,b100111000100000
7100000,b11110111,1,b0,1,0,1,0,1,1,0,0,b101010101010101,b1000,b110111,1,1,0,b101010101010101,b1000,b1,b1010010110100101,1,b10,b0,b1111111,1,b11110111,b10,b101010100000000,b111010001100101011100110111010000110010010111110111010001111000010111110110001101101111011011010111000001101100011001010111010001100101,b1110100011001010111001101110100010111110111001001111000,b1110100011001010111001101110100010111110111001001111000,b11111010000,b1110100011001010111001101110100010111110111001001111000,b100111000100000
7110000,b11110111,1,b0,1,0,1,1,1,1,0,0,b101010101010101,b1000,b111000,1,1,0,b101010101010101,b1000,b10,b1010010110100101,1,b10,b0,b1111111,1,b11110111,b10,b101010100000000,b111010001100101011100110111010000110010010111110111010001111000010111110110001101101111011011010111000001101100011001010111010001100101,b1110100011001010111001101110100010111110111001001111000,b1110100011001010111001101110100010111110111001001111000,b11111010000,b1110100011001010111001101110100010111110111001001111000,b100111000100000
7120000,b11110111,1,b0,1,0,1,0,1,1,0,0,b101010101010101,b1000,b111000,1,1,0,b101010101010101,b1000,b10,b1010010110100101,1,b10,b0,b1111111,1,b11110111,b10,b101010100000000,b111010001100101011100110111010000110010010111110111010001111000010111110110001101101111011011010111000001101100011001010111010001100101,b1110100011001010111001101110100010111110111001001111000,b1110100011001010111001101110100010111110111001001111000,b11111010000,b1110100011001010111001101110100010111110111001001111000,b100111000100000
7130000,b11110111,1,b0,1,0,1,1,1,1,0,0,b101010101010101,b1000,b111001,1,1,0,b101010101010101,b1000,b11,b1010010110100101,1,b10,b0,b1111111,1,b11110111,b10,b101010100000000,b111010001100101011100110111010000110010010111110111010001111000010111110110001101101111011011010111000001101100011001010111010001100101,b1110100011001010111001101110100010111110111001001111000,b1110100011001010111001101110100010111110111001001111000,b11111010000,b1110100011001010111001101110100010111110111001001111000,b100111000100000
7140000,b11110111,1,b0,1,0,1,0,1,1,0,0,b101010101010101,b1000,b111001,1,1,0,b101010101010101,b1000,b11,b1010010110100101,1,b10,b0,b1111111,1,b11110111,b10,b101010100000000,b111010001100101011100110111010000110010010111110111010001111000010111110110001101101111011011010111000001101100011001010111010001100101,b1110100011001010111001101110100010111110111001001111000,b1110100011001010111001101110100010111110111001001111000,b11111010000,b1110100011001010111001101110100010111110111001001111000,b100111000100000
7150000,b11110111,1,b0,1,0,1,1,1,1,0,0,b101010101010101,b1000,b111010,1,1,0,b101010101010101,b1000,b0,b1010010110100101,1,b10,b0,b1111111,0,b11110111,b10,b101010100000000,b111010001100101011100110111010000110010010111110111010001111000010111110110001101101111011011010111000001101100011001010111010001100101,b1110100011001010111001101110100010111110111001001111000,b1110100011001010111001101110100010111110111001001111000,b11111010000,b1110100011001010111001101110100010111110111001001111000,b100111000100000
7160000,b11110111,1,b0,1,0,1,0,1,1,0,0,b101010101010101,b1000,b111010,1,1,0,b101010101010101,b1000,b0,b1010010110100101,1,b10,b0,b1111111,0,b11110111,b10,b101010100000000,b111010001100101011100110111010000110010010111110111010001111000010111110110001101101111011011010111000001101100011001010111010001100101,b1110100011001010111001101110100010111110111001001111000,b1110100011001010111001101110100010111110111001001111000,b11111010000,b1110100011001010111001101110100010111110111001001111000,b100111000100000
7170000,b11110111,0,b0,0,0,1,1,1,1,0,0,b101010101010101,b1000,b111011,1,1,0,b101010101010101,b1001,b1,b1010010110100101,0,b10,b0,b1111111,0,b11110111,b10,b1010101000000000,b111010001100101011100110111010000110010010111110111010001111000010111110110001101101111011011010111000001101100011001010111010001100101,b1110100011001010111001101110100010111110111001001111000,b1110100011001010111001101110100010111110111001001111000,b11111010000,b1110100011001010111001101110100010111110111001001111000,b100111000100000
7180000,b11110111,0,b0,0,0,1,0,1,1,0,0,b101010101010101,b1000,b111011,1,1,0,b101010101010101,b1001,b1,b1010010110100101,0,b10,b0,b1111111,0,b11110111,b10,b1010101000000000,b111010001100101011100110111010000110010010111110111010001111000010111110110001101101111011011010111000001101100011001010111010001100101,b1110100011001010111001101110100010111110111001001111000,b1110100011001010111001101110100010111110111001001111000,b11111010000,b1110100011001010111001101110100010111110111001001111000,b100111000100000
7190000,b11110111,0,b0,0,0,1,1,1,1,0,0,b101010101010101,b1000,b111100,1,1,0,b101010101010101,b1001,b10,b1010010110100101,0,b10,b0,b1111111,0,b11110111,b10,b1010101000000000,b111010001100101011100110111010000110010010111110111010001111000010111110110001101101111011011010111000001101100011001010111010001100101,b1110100011001010111001101110100010111110111001001111000,b1110100011001010111001101110100010111110111001001111000,b11111010000,b1110100011001010111001101110100010111110111001001111000,b100111000100000
7200000,b11110111,0,b0,0,0,1,0,1,1,0,0,b101010101010101,b1000,b111100,1,1,0,b101010101010101,b1001,b10,b1010010110100101,0,b10,b0,b1111111,0,b11110111,b10,b1010101000000000,b111010001100101011100110111010000110010010111110111010001111000010111110110001101101111011011010111000001101100011001010111010001100101,b1110100011001010111001101110100010111110111001001111000,b1110100011001010111001101110100010111110111001001111000,b11111010000,b1110100011001010111001101110100010111110111001001111000,b100111000100000
7210000,b11110111,0,b0,0,0,1,1,1,1,0,0,b101010101010101,b1000,b111101,1,1,0,b101010101010101,b1001,b11,b1010010110100101,0,b10,b0,b1111111,0,b11110111,b10,b1010101000000000,b111010001100101011100110111010000110010010111110111010001111000010111110110001101101111011011010111000001101100011001010111010001100101,b1110100011001010111001101110100010111110111001001111000,b1110100011001010111001101110100010111110111001001111000,b11111010000,b1110100011001010111001101110100010111110111001001111000,b100111000100000
7220000,b11110111,0,b0,0,0,1,0,1,1,0,0,b101010101010101,b1000,b111101,1,1,0,b101010101010101,b1001,b11,b1010010110100101,0,b10,b0,b1111111,0,b11110111,b10,b1010101000000000,b111010001100101011100110111010000110010010111110111010001111000010111110110001101101111011011010111000001101100011001010111010001100101,b1110100011001010111001101110100010111110111001001111000,b1110100011001010111001101110100010111110111001001111000,b11111010000,b1110100011001010111001101110100010111110111001001111000,b100111000100000
7230000,b11110111,0,b0,0,0,1,1,1,1,0,0,b101010101010101,b1000,b111110,1,1,0,b101010101010101,b1001,b0,b1010010110100101,0,b10,b0,b1111111,1,b11110111,b10,b1010101000000000,b111010001100101011100110111010000110010010111110111010001111000010111110110001101101111011011010111000001101100011001010111010001100101,b1110100011001010111001101110100010111110111001001111000,b1110100011001010111001101110100010111110111001001111000,b11111010000,b1110100011001010111001101110100010111110111001001111000,b100111000100000
7240000,b11110111,0,b0,0,0,1,0,1,1,0,0,b101010101010101,b1000,b111110,1,1,0,b101010101010101,b1001,b0,b1010010110100101,0,b10,b0,b1111111,1,b11110111,b10,b1010101000000000,b111010001100101011100110111010000110010010111110111010001111000010111110110001101101111011011010111000001101100011001010111010001100101,b1110100011001010111001101110100010111110111001001111000,b1110100011001010111001101110100010111110111001001111000,b11111010000,b1110100011001010111001101110100010111110111001001111000,b100111000100000
7250000,b11110111,1,b0,0,0,1,1,1,1,0,0,b101010101010101,b1000,b111111,1,1,0,b101010101010101,b1001,b1,b1010010110100101,1,b10,b0,b11111111,1,b11110111,b10,b1010101000000000,b111010001100101011100110111010000110010010111110111010001111000010111110110001101101111011011010111000001101100011001010111010001100101,b1110100011001010111001101110100010111110111001001111000,b1110100011001010111001101110100010111110111001001111000,b11111010000,b1110100011001010111001101110100010111110111001001111000,b100111000100000
7260000,b11110111,1,b0,0,0,1,0,1,1,0,0,b101010101010101,b1000,b111111,1,1,0,b101010101010101,b1001,b1,b1010010110100101,1,b10,b0,b11111111,1,b11110111,b10,b1010101000000000,b111010001100101011100110111010000110010010111110111010001111000010111110110001101101111011011010111000001101100011001010111010001100101,b1110100011001010111001101110100010111110111001001111000,b1110100011001010111001101110100010111110111001001111000,b11111010000,b1110100011001010111001101110100010111110111001001111000,b100111000100000
7270000,b11110111,1,b0,0,0,1,1,1,1,0,0,b101010101010101,b1000,b1000000,1,1,0,b101010101010101,b1001,b10,b1010010110100101,1,b10,b0,b11111111,1,b11110111,b10,b1010101000000000,b111010001100101011100110111010000110010010111110111010001111000010111110110001101101111011011010111000001101100011001010111010001100101,b1110100011001010111001101110100010111110111001001111000,b1110100011001010111001101110100010111110111001001111000,b11111010000,b1110100011001010111001101110100010111110111001001111000,b100111000100000
7280000,b11110111,1,b0,0,0,1,0,1,1,0,0,b101010101010101,b1000,b1000000,1,1,0,b101010101010101,b1001,b10,b1010010110100101,1,b10,b0,b11111111,1,b11110111,b10,b1010101000000000,b111010001100101011100110111010000110010010111110111010001111000010111110110001101101111011011010111000001101100011001010111010001100101,b1110100011001010111001101110100010111110111001001111000,b1110100011001010111001101110100010111110111001001111000,b11111010000,b1110100011001010111001101110100010111110111001001111000,b100111000100000
7290000,b11110111,1,b0,0,0,1,1,1,1,0,0,b101010101010101,b1000,b1000001,1,1,0,b101010101010101,b1001,b11,b1010010110100101,1,b10,b0,b11111111,1,b11110111,b10,b1010101000000000,b111010001100101011100110111010000110010010111110111010001111000010111110110001101101111011011010111000001101100011001010111010001100101,b1110100011001010111001101110100010111110111001001111000,b1110100011001010111001101110100010111110111001001111000,b11111010000,b1110100011001010111001101110100010111110111001001111000,b100111000100000
7300000,b11110111,1,b0,0,0,1,0,1,1,0,0,b101010101010101,b1000,b1000001,1,1,0,b101010101010101,b1001,b11,b1010010110100101,1,b10,b0,b11111111,1,b11110111,b10,b1010101000000000,b111010001100101011100110111010000110010010111110111010001111000010111110110001101101111011011010111000001101100011001010111010001100101,b1110100011001010111001101110100010111110111001001111000,b1110100011001010111001101110100010111110111001001111000,b11111010000,b1110100011001010111001101110100010111110111001001111000,b100111000100000
7310000,b11110111,1,b0,0,0,1,1,1,1,0,0,b101010101010101,b1000,b1000010,1,1,0,b101010101010101,b1001,b0,b1010010110100101,1,b10,b0,b11111111,0,b11110111,b10,b1010101000000000,b111010001100101011100110111010000110010010111110111010001111000010111110110001101101111011011010111000001101100011001010111010001100101,b1110100011001010111001101110100010111110111001001111000,b1110100011001010111001101110100010111110111001001111000,b11111010000,b1110100011001010111001101110100010111110111001001111000,b100111000100000
7320000,b11110111,1,b0,0,0,1,0,1,1,0,0,b101010101010101,b1000,b1000010,1,1,0,b101010101010101,b1001,b0,b1010010110100101,1,b10,b0,b11111111,0,b11110111,b10,b1010101000000000,b111010001100101011100110111010000110010010111110111010001111000010111110110001101101111011011010111000001101100011001010111010001100101,b1110100011001010111001101110100010111110111001001111000,b1110100011001010111001101110100010111110111001001111000,b11111010000,b1110100011001010111001101110100010111110111001001111000,b100111000100000
7330000,b11110111,0,b0,1,0,1,1,1,1,0,0,b101010101010101,b1000,b1000011,1,1,0,b101010101010101,b1010,b1,b1010010110100101,0,b10,b0,b11111111,0,b11110111,b10,b101010000000000,b111010001100101011100110111010000110010010111110111010001111000010111110110001101101111011011010111000001101100011001010111010001100101,b1110100011001010111001101110100010111110111001001111000,b1110100011001010111001101110100010111110111001001111000,b11111010000,b1110100011001010111001101110100010111110111001001111000,b100111000100000
7340000,b11110111,0,b0,1,0,1,0,1,1,0,0,b101010101010101,b1000,b1000011,1,1,0,b101010101010101,b1010,b1,b1010010110100101,0,b10,b0,b11111111,0,b11110111,b10,b101010000000000,b111010001100101011100110111010000110010010111110111010001111000010111110110001101101111011011010111000001101100011001010111010001100101,b1110100011001010111001101110100010111110111001001111000,b1110100011001010111001101110100010111110111001001111000,b11111010000,b1110100011001010111001101110100010111110111001001111000,b100111000100000
7350000,b11110111,0,b0,1,0,1,1,1,1,0,0,b101010101010101,b1000,b1000100,1,1,0,b101010101010101,b1010,b10,b1010010110100101,0,b10,b0,b11111111,0,b11110111,b10,b101010000000000,b111010001100101011100110111010000110010010111110111010001111000010111110110001101101111011011010111000001101100011001010111010001100101,b1110100011001010111001101110100010111110111001001111000,b1110100011001010111001101110100010111110111001001111000,b11111010000,b1110100011001010111001101110100010111110111001001111000,b100111000100000
7360000,b11110111,0,b0,1,0,1,0,1,1,0,0,b101010101010101,b1000,b1000100,1,1,0,b101010101010101,b1010,b10,b1010010110100101,0,b10,b0,b11111111,0,b11110111,b10,b101010000000000,b111010001100101011100110111010000110010010111110111010001111000010111110110001101101111011011010111000001101100011001010111010001100101,b1110100011001010111001101110100010111110111001001111000,b1110100011001010111001101110100010111110111001001111000,b11111010000,b1110100011001010111001101110100010111110111001001111000,b100111000100000
7370000,b11110111,0,b0,1,0,1,1,1,1,0,0,b101010101010101,b1000,b1000101,1,1,0,b101010101010101,b1010,b11,b1010010110100101,0,b10,b0,b11111111,0,b11110111,b10,b101010000000000,b111010001100101011100110111010000110010010111110111010001111000010111110110001101101111011011010111000001101100011001010111010001100101,b1110100011001010111001101110100010111110111001001111000,b1110100011001010111001101110100010111110111001001111000,b11111010000,b1110100011001010111001101110100010111110111001001111000,b100111000100000
7380000,b11110111,0,b0,1,0,1,0,1,1,0,0,b101010101010101,b1000,b1000101,1,1,0,b101010101010101,b1010,b11,b1010010110100101,0,b10,b0,b11111111,0,b11110111,b10,b101010000000000,b111010001100101011100110111010000110010010111110111010001111000010111110110001101101111011011010111000001101100011001010111010001100101,b1110100011001010111001101110100010111110111001001111000,b1110100011001010111001101110100010111110111001001111000,b11111010000,b1110100011001010111001101110100010111110111001001111000,b100111000100000
7390000,b11110111,0,b0,1,0,1,1,1,1,0,0,b101010101010101,b1000,b1000110,1,1,0,b101010101010101,b1010,b0,b1010010110100101,0,b10,b0,b11111111,1,b11110111,b10,b101010000000000,b111010001100101011100110111010000110010010111110111010001111000010111110110001101101111011011010111000001101100011001010111010001100101,b1110100011001010111001101110100010111110111001001111000,b1110100011001010111001101110100010111110111001001111000,b11111010000,b1110100011001010111001101110100010111110111001001111000,b100111000100000
7400000,b11110111,0,b0,1,0,1,0,1,1,0,0,b101010101010101,b1000,b1000110,1,1,0,b101010101010101,b1010,b0,b1010010110100101,0,b10,b0,b11111111,1,b11110111,b10,b101010000000000,b111010001100101011100110111010000110010010111110111010001111000010111110110001101101111011011010111000001101100011001010111010001100101,b1110100011001010111001101110100010111110111001001111000,b1110100011001010111001101110100010111110111001001111000,b11111010000,b1110100011001010111001101110100010111110111001001111000,b100111000100000
7410000,b11110111,1,b0,1,0,1,1,1,1,0,0,b101010101010101,b1000,b1000111,1,1,0,b101010101010101,b1010,b1,b1010010110100101,1,b10,b0,b111111111,1,b11110111,b10,b101010000000000,b111010001100101011100110111010000110010010111110111010001111000010111110110001101101111011011010111000001101100011001010111010001100101,b1110100011001010111001101110100010111110111001001111000,b1110100011001010111001101110100010111110111001001111000,b11111010000,b1110100011001010111001101110100010111110111001001111000,b100111000100000
7420000,b11110111,1,b0,1,0,1,0,1,1,0,0,b101010101010101,b1000,b1000111,1,1,0,b101010101010101,b1010,b1,b1010010110100101,1,b10,b0,b111111111,1,b11110111,b10,b101010000000000,b111010001100101011100110111010000110010010111110111010001111000010111110110001101101111011011010111000001101100011001010111010001100101,b1110100011001010111001101110100010111110111001001111000,b1110100011001010111001101110100010111110111001001111000,b11111010000,b1110100011001010111001101110100010111110111001001111000,b100111000100000
7430000,b11110111,1,b0,1,0,1,1,1,1,0,0,b101010101010101,b1000,b1001000,1,1,0,b101010101010101,b1010,b10,b1010010110100101,1,b10,b0,b111111111,1,b11110111,b10,b101010000000000,b111010001100101011100110111010000110010010111110111010001111000010111110110001101101111011011010111000001101100011001010111010001100101,b1110100011001010111001101110100010111110111001001111000,b1110100011001010111001101110100010111110111001001111000,b11111010000,b1110100011001010111001101110100010111110111001001111000,b100111000100000
7440000,b11110111,1,b0,1,0,1,0,1,1,0,0,b101010101010101,b1000,b1001000,1,1,0,b101010101010101,b1010,b10,b1010010110100101,1,b10,b0,b111111111,1,b11110111,b10,b101010000000000,b111010001100101011100110111010000110010010111110111010001111000010111110110001101101111011011010111000001101100011001010111010001100101,b1110100011001010111001101110100010111110111001001111000,b1110100011001010111001101110100010111110111001001111000,b11111010000,b1110100011001010111001101110100010111110111001001111000,b100111000100000
7450000,b11110111,1,b0,1,0,1,1,1,1,0,0,b101010101010101,b1000,b1001001,1,1,0,b101010101010101,b1010,b11,b1010010110100101,1,b10,b0,b111111111,1,b11110111,b10,b101010000000000,b111010001100101011100110111010000110010010111110111010001111000010111110110001101101111011011010111000001101100011001010111010001100101,b1110100011001010111001101110100010111110111001001111000,b1110100011001010111001101110100010111110111001001111000,b11111010000,b1110100011001010111001101110100010111110111001001111000,b100111000100000
7460000,b11110111,1,b0,1,0,1,0,1,1,0,0,b101010101010101,b1000,b1001001,1,1,0,b101010101010101,b1010,b11,b1010010110100101,1,b10,b0,b111111111,1,b11110111,b10,b101010000000000,b111010001100101011100110111010000110010010111110111010001111000010111110110001101101111011011010111000001101100011001010111010001100101,b1110100011001010111001101110100010111110111001001111000,b1110100011001010111001101110100010111110111001001111000,b11111010000,b1110100011001010111001101110100010111110111001001111000,b100111000100000
7470000,b11110111,1,b0,1,0,1,1,1,1,0,0,b101010101010101,b1000,b1001010,1,1,0,b101010101010101,b1010,b0,b1010010110100101,1,b10,b0,b111111111,0,b11110111,b10,b101010000000000,b111010001100101011100110111010000110010010111110111010001111000010111110110001101101111011011010111000001101100011001010111010001100101,b1110100011001010111001101110100010111110111001001111000,b1110100011001010111001101110100010111110111001001111000,b11111010000,b1110100011001010111001101110100010111110111001001111000,b100111000100000
7480000,b11110111,1,b0,1,0,1,0,1,1,0,0,b101010101010101,b1000,b1001010,1,1,0,b101010101010101,b1010,b0,b1010010110100101,1,b10,b0,b111111111,0,b11110111,b10,b101010000000000,b111010001100101011100110111010000110010010111110111010001111000010111110110001101101111011011010111000001101100011001010111010001100101,b1110100011001010111001101110100010111110111001001111000,b1110100011001010111001101110100010111110111001001111000,b11111010000,b1110100011001010111001101110100010111110111001001111000,b100111000100000
7490000,b11110111,0,b0,0,0,1,1,1,1,0,0,b101010101010101,b1000,b1001011,1,1,0,b101010101010101,b1011,b1,b1010010110100101,0,b10,b0,b111111111,0,b11110111,b10,b1010100000000000,b111010001100101011100110111010000110010010111110111010001111000010111110110001101101111011011010111000001101100011001010111010001100101,b1110100011001010111001101110100010111110111001001111000,b1110100011001010111001101110100010111110111001001111000,b11111010000,b1110100011001010111001101110100010111110111001001111000,b100111000100000
7500000,b11110111,0,b0,0,0,1,0,1,1,0,0,b101010101010101,b1000,b1001011,1,1,0,b101010101010101,b1011,b1,b1010010110100101,0,b10,b0,b111111111,0,b11110111,b10,b1010100000000000,b111010001100101011100110111010000110010010111110111010001111000010111110110001101101111011011010111000001101100011001010111010001100101,b1110100011001010111001101110100010111110111001001111000,b1110100011001010111001101110100010111110111001001111000,b11111010000,b1110100011001010111001101110100010111110111001001111000,b100111000100000
7510000,b11110111,0,b0,0,0,1,1,1,1,0,0,b101010101010101,b1000,b1001100,1,1,0,b101010101010101,b1011,b10,b1010010110100101,0,b10,b0,b111111111,0,b11110111,b10,b1010100000000000,b111010001100101011100110111010000110010010111110111010001111000010111110110001101101111011011010111000001101100011001010111010001100101,b1110100011001010111001101110100010111110111001001111000,b1110100011001010111001101110100010111110111001001111000,b11111010000,b1110100011001010111001101110100010111110111001001111000,b100111000100000
7520000,b11110111,0,b0,0,0,1,0,1,1,0,0,b101010101010101,b1000,b1001100,1,1,0,b101010101010101,b1011,b10,b1010010110100101,0,b10,b0,b111111111,0,b11110111,b10,b1010100000000000,b111010001100101011100110111010000110010010111110111010001111000010111110110001101101111011011010111000001101100011001010111010001100101,b1110100011001010111001101110100010111110111001001111000,b1110100011001010111001101110100010111110111001001111000,b11111010000,b1110100011001010111001101110100010111110111001001111000,b100111000100000
7530000,b11110111,0,b0,0,0,1,1,1,1,0,0,b101010101010101,b1000,b1001101,1,1,0,b101010101010101,b1011,b11,b1010010110100101,0,b10,b0,b111111111,0,b11110111,b10,b1010100000000000,b111010001100101011100110111010000110010010111110111010001111000010111110110001101101111011011010111000001101100011001010111010001100101,b1110100011001010111001101110100010111110111001001111000,b1110100011001010111001101110100010111110111001001111000,b11111010000,b1110100011001010111001101110100010111110111001001111000,b100111000100000
7540000,b11110111,0,b0,0,0,1,0,1,1,0,0,b101010101010101,b1000,b1001101,1,1,0,b101010101010101,b1011,b11,b1010010110100101,0,b10,b0,b111111111,0,b11110111,b10,b1010100000000000,b111010001100101011100110111010000110010010111110111010001111000010111110110001101101111011011010111000001101100011001010111010001100101,b1110100011001010111001101110100010111110111001001111000,b1110100011001010111001101110100010111110111001001111000,b11111010000,b1110100011001010111001101110100010111110111001001111000,b100111000100000
7550000,b11110111,0,b0,0,0,1,1,1,1,0,0,b101010101010101,b1000,b1001110,1,1,0,b101010101010101,b1011,b0,b1010010110100101,0,b10,b0,b111111111,1,b11110111,b10,b1010100000000000,b111010001100101011100110111010000110010010111110111010001111000010111110110001101101111011011010111000001101100011001010111010001100101,b1110100011001010111001101110100010111110111001001111000,b1110100011001010111001101110100010111110111001001111000,b11111010000,b1110100011001010111001101110100010111110111001001111000,b100111000100000
7560000,b11110111,0,b0,0,0,1,0,1,1,0,0,b101010101010101,b1000,b1001110,1,1,0,b101010101010101,b1011,b0,b1010010110100101,0,b10,b0,b111111111,1,b11110111,b10,b1010100000000000,b111010001100101011100110111010000110010010111110111010001111000010111110110001101101111011011010111000001101100011001010111010001100101,b1110100011001010111001101110100010111110111001001111000,b1110100011001010111001101110100010111110111001001111000,b11111010000,b1110100011001010111001101110100010111110111001001111000,b100111000100000
7570000,b11110111,1,b0,0,0,1,1,1,1,0,0,b101010101010101,b1000,b1001111,1,1,0,b101010101010101,b1011,b1,b1010010110100101,1,b10,b0,b1111111111,1,b11110111,b10,b1010100000000000,b111010001100101011100110111010000110010010111110111010001111000010111110110001101101111011011010111000001101100011001010111010001100101,b1110100011001010111001101110100010111110111001001111000,b1110100011001010111001101110100010111110111001001111000,b11111010000,b1110100011001010111001101110100010111110111001001111000,b100111000100000
7580000,b11110111,1,b0,0,0,1,0,1,1,0,0,b101010101010101,b1000,b1001111,1,1,0,b101010101010101,b1011,b1,b1010010110100101,1,b10,b0,b1111111111,1,b11110111,b10,b1010100000000000,b111010001100101011100110111010000110010010111110111010001111000010111110110001101101111011011010111000001101100011001010111010001100101,b1110100011001010111001101110100010111110111001001111000,b1110100011001010111001101110100010111110111001001111000,b11111010000,b1110100011001010111001101110100010111110111001001111000,b100111000100000
7590000,b11110111,1,b0,0,0,1,1,1,1,0,0,b101010101010101,b1000,b1010000,1,1,0,b101010101010101,b1011,b10,b1010010110100101,1,b10,b0,b1111111111,1,b11110111,b10,b1010100000000000,b111010001100101011100110111010000110010010111110111010001111000010111110110001101101111011011010111000001101100011001010111010001100101,b1110100011001010111001101110100010111110111001001111000,b1110100011001010111001101110100010111110111001001111000,b11111010000,b1110100011001010111001101110100010111110111001001111000,b100111000100000
7600000,b11110111,1,b0,0,0,1,0,1,1,0,0,b101010101010101,b1000,b1010000,1,1,0,b101010101010101,b1011,b10,b1010010110100101,1,b10,b0,b1111111111,1,b11110111,b10,b1010100000000000,b111010001100101011100110111010000110010010111110111010001111000010111110110001101101111011011010111000001101100011001010111010001100101,b1110100011001010111001101110100010111110111001001111000,b1110100011001010111001101110100010111110111001001111000,b11111010000,b1110100011001010111001101110100010111110111001001111000,b100111000100000
7610000,b11110111,1,b0,0,0,1,1,1,1,0,0,b101010101010101,b1000,b1010001,1,1,0,b101010101010101,b1011,b11,b1010010110100101,1,b10,b0,b1111111111,1,b11110111,b10,b1010100000000000,b111010001100101011100110111010000110010010111110111010001111000010111110110001101101111011011010111000001101100011001010111010001100101,b1110100011001010111001101110100010111110111001001111000,b1110100011001010111001101110100010111110111001001111000,b11111010000,b1110100011001010111001101110100010111110111001001111000,b100111000100000
7620000,b11110111,1,b0,0,0,1,0,1,1,0,0,b101010101010101,b1000,b1010001,1,1,0,b101010101010101,b1011,b11,b1010010110100101,1,b10,b0,b1111111111,1,b11110111,b10,b1010100000000000,b111010001100101011100110111010000110010010111110111010001111000010111110110001101101111011011010111000001101100011001010111010001100101,b1110100011001010111001101110100010111110111001001111000,b1110100011001010111001101110100010111110111001001111000,b11111010000,b1110100011001010111001101110100010111110111001001111000,b100111000100000
7630000,b11110111,1,b0,0,0,1,1,1,1,0,0,b101010101010101,b1000,b1010010,1,1,0,b101010101010101,b1011,b0,b1010010110100101,1,b10,b0,b1111111111,0,b11110111,b10,b1010100000000000,b111010001100101011100110111010000110010010111110111010001111000010111110110001101101111011011010111000001101100011001010111010001100101,b1110100011001010111001101110100010111110111001001111000,b1110100011001010111001101110100010111110111001001111000,b11111010000,b1110100011001010111001101110100010111110111001001111000,b100111000100000
7640000,b11110111,1,b0,0,0,1,0,1,1,0,0,b101010101010101,b1000,b1010010,1,1,0,b101010101010101,b1011,b0,b1010010110100101,1,b10,b0,b1111111111,0,b11110111,b10,b1010100000000000,b111010001100101011100110111010000110010010111110111010001111000010111110110001101101111011011010111000001101100011001010111010001100101,b1110100011001010111001101110100010111110111001001111000,b1110100011001010111001101110100010111110111001001111000,b11111010000,b1110100011001010111001101110100010111110111001001111000,b100111000100000
7650000,b11110111,0,b0,1,0,1,1,1,1,0,0,b101010101010101,b1000,b1010011,1,1,0,b101010101010101,b1100,b1,b1010010110100101,0,b10,b0,b1111111111,0,b11110111,b10,b101000000000000,b111010001100101011100110111010000110010010111110111010001111000010111110110001101101111011011010111000001101100011001010111010001100101,b1110100011001010111001101110100010111110111001001111000,b1110100011001010111001101110100010111110111001001111000,b11111010000,b1110100011001010111001101110100010111110111001001111000,b100111000100000
7660000,b11110111,0,b0,1,0,1,0,1,1,0,0,b101010101010101,b1000,b1010011,1,1,0,b101010101010101,b1100,b1,b1010010110100101,0,b10,b0,b1111111111,0,b11110111,b10,b101000000000000,b111010001100101011100110111010000110010010111110111010001111000010111110110001101101111011011010111000001101100011001010111010001100101,b1110100011001010111001101110100010111110111001001111000,b1110100011001010111001101110100010111110111001001111000,b11111010000,b1110100011001010111001101110100010111110111001001111000,b100111000100000
7670000,b11110111,0,b0,1,0,1,1,1,1,0,0,b101010101010101,b1000,b1010100,1,1,0,b101010101010101,b1100,b10,b1010010110100101,0,b10,b0,b1111111111,0,b11110111,b10,b101000000000000,b111010001100101011100110111010000110010010111110111010001111000010111110110001101101111011011010111000001101100011001010111010001100101,b1110100011001010111001101110100010111110111001001111000,b1110100011001010111001101110100010111110111001001111000,b11111010000,b1110100011001010111001101110100010111110111001001111000,b100111000100000
7680000,b11110111,0,b0,1,0,1,0,1,1,0,0,b101010101010101,b1000,b1010100,1,1,0,b101010101010101,b1100,b10,b1010010110100101,0,b10,b0,b1111111111,0,b11110111,b10,b101000000000000,b111010001100101011100110111010000110010010111110111010001111000010111110110001101101111011011010111000001101100011001010111010001100101,b1110100011001010111001101110100010111110111001001111000,b1110100011001010111001101110100010111110111001001111000,b11111010000,b1110100011001010111001101110100010111110111001001111000,b100111000100000
7690000,b11110111,0,b0,1,0,1,1,1,1,0,0,b101010101010101,b1000,b1010101,1,1,0,b101010101010101,b1100,b11,b1010010110100101,0,b10,b0,b1111111111,0,b11110111,b10,b101000000000000,b111010001100101011100110111010000110010010111110111010001111000010111110110001101101111011011010111000001101100011001010111010001100101,b1110100011001010111001101110100010111110111001001111000,b1110100011001010111001101110100010111110111001001111000,b11111010000,b1110100011001010111001101110100010111110111001001111000,b100111000100000
7700000,b11110111,0,b0,1,0,1,0,1,1,0,0,b101010101010101,b1000,b1010101,1,1,0,b101010101010101,b1100,b11,b1010010110100101,0,b10,b0,b1111111111,0,b11110111,b10,b101000000000000,b111010001100101011100110111010000110010010111110111010001111000010111110110001101101111011011010111000001101100011001010111010001100101,b1110100011001010111001101110100010111110111001001111000,b1110100011001010111001101110100010111110111001001111000,b11111010000,b1110100011001010111001101110100010111110111001001111000,b100111000100000
7710000,b11110111,0,b0,1,0,1,1,1,1,0,0,b101010101010101,b1000,b1010110,1,1,0,b101010101010101,b1100,b0,b1010010110100101,0,b10,b0,b1111111111,1,b11110111,b10,b101000000000000,b111010001100101011100110111010000110010010111110111010001111000010111110110001101101111011011010111000001101100011001010111010001100101,b1110100011001010111001101110100010111110111001001111000,b1110100011001010111001101110100010111110111001001111000,b11111010000,b1110100011001010111001101110100010111110111001001111000,b100111000100000
7720000,b11110111,0,b0,1,0,1,0,1,1,0,0,b101010101010101,b1000,b1010110,1,1,0,b101010101010101,b1100,b0,b1010010110100101,0,b10,b0,b1111111111,1,b11110111,b10,b101000000000000,b111010001100101011100110111010000110010010111110111010001111000010111110110001101101111011011010111000001101100011001010111010001100101,b1110100011001010111001101110100010111110111001001111000,b1110100011001010111001101110100010111110111001001111000,b11111010000,b1110100011001010111001101110100010111110111001001111000,b100111000100000
7730000,b11110111,1,b0,1,0,1,1,1,1,0,0,b101010101010101,b1000,b1010111,1,1,0,b101010101010101,b1100,b1,b1010010110100101,1,b10,b0,b11111111111,1,b11110111,b10,b101000000000000,b111010001100101011100110111010000110010010111110111010001111000010111110110001101101111011011010111000001101100011001010111010001100101,b1110100011001010111001101110100010111110111001001111000,b1110100011001010111001101110100010111110111001001111000,b11111010000,b1110100011001010111001101110100010111110111001001111000,b100111000100000
7740000,b11110111,1,b0,1,0,1,0,1,1,0,0,b101010101010101,b1000,b1010111,1,1,0,b101010101010101,b1100,b1,b1010010110100101,1,b10,b0,b11111111111,1,b11110111,b10,b101000000000000,b111010001100101011100110111010000110010010111110111010001111000010111110110001101101111011011010111000001101100011001010111010001100101,b1110100011001010111001101110100010111110111001001111000,b1110100011001010111001101110100010111110111001001111000,b11111010000,b1110100011001010111001101110100010111110111001001111000,b100111000100000
7750000,b11110111,1,b0,1,0,1,1,1,1,0,0,b101010101010101,b1000,b1011000,1,1,0,b101010101010101,b1100,b10,b1010010110100101,1,b10,b0,b11111111111,1,b11110111,b10,b101000000000000,b111010001100101011100110111010000110010010111110111010001111000010111110110001101101111011011010111000001101100011001010111010001100101,b1110100011001010111001101110100010111110111001001111000,b1110100011001010111001101110100010111110111001001111000,b11111010000,b1110100011001010111001101110100010111110111001001111000,b100111000100000
7760000,b11110111,1,b0,1,0,1,0,1,1,0,0,b101010101010101,b1000,b1011000,1,1,0,b101010101010101,b1100,b10,b1010010110100101,1,b10,b0,b11111111111,1,b11110111,b10,b101000000000000,b111010001100101011100110111010000110010010111110111010001111000010111110110001101101111011011010111000001101100011001010111010001100101,b1110100011001010111001101110100010111110111001001111000,b1110100011001010111001101110100010111110111001001111000,b11111010000,b1110100011001010111001101110100010111110111001001111000,b100111000100000
7770000,b11110111,1,b0,1,0,1,1,1,1,0,0,b101010101010101,b1000,b1011001,1,1,0,b101010101010101,b1100,b11,b1010010110100101,1,b10,b0,b11111111111,1,b11110111,b10,b101000000000000,b111010001100101011100110111010000110010010111110111010001111000010111110110001101101111011011010111000001101100011001010111010001100101,b1110100011001010111001101110100010111110111001001111000,b1110100011001010111001101110100010111110111001001111000,b11111010000,b1110100011001010111001101110100010111110111001001111000,b100111000100000
7780000,b11110111,1,b0,1,0,1,0,1,1,0,0,b101010101010101,b1000,b1011001,1,1,0,b101010101010101,b1100,b11,b1010010110100101,1,b10,b0,b11111111111,1,b11110111,b10,b101000000000000,b111010001100101011100110111010000110010010111110111010001111000010111110110001101101111011011010111000001101100011001010111010001100101,b1110100011001010111001101110100010111110111001001111000,b1110100011001010111001101110100010111110111001001111000,b11111010000,b1110100011001010111001101110100010111110111001001111000,b100111000100000
7790000,b11110111,1,b0,1,0,1,1,1,1,0,0,b101010101010101,b1000,b1011010,1,1,0,b101010101010101,b1100,b0,b1010010110100101,1,b10,b0,b11111111111,0,b11110111,b10,b101000000000000,b111010001100101011100110111010000110010010111110111010001111000010111110110001101101111011011010111000001101100011001010111010001100101,b1110100011001010111001101110100010111110111001001111000,b1110100011001010111001101110100010111110111001001111000,b11111010000,b1110100011001010111001101110100010111110111001001111000,b100111000100000
7800000,b11110111,1,b0,1,0,1,0,1,1,0,0,b101010101010101,b1000,b1011010,1,1,0,b101010101010101,b1100,b0,b1010010110100101,1,b10,b0,b11111111111,0,b11110111,b10,b101000000000000,b111010001100101011100110111010000110010010111110111010001111000010111110110001101101111011011010111000001101100011001010111010001100101,b1110100011001010111001101110100010111110111001001111000,b1110100011001010111001101110100010111110111001001111000,b11111010000,b1110100011001010111001101110100010111110111001001111000,b100111000100000
7810000,b11110111,0,b0,0,0,1,1,1,1,0,0,b101010101010101,b1000,b1011011,1,1,0,b101010101010101,b1101,b1,b1010010110100101,0,b10,b0,b11111111111,0,b11110111,b10,b1010000000000000,b111010001100101011100110111010000110010010111110111010001111000010111110110001101101111011011010111000001101100011001010111010001100101,b1110100011001010111001101110100010111110111001001111000,b1110100011001010111001101110100010111110111001001111000,b11111010000,b1110100011001010111001101110100010111110111001001111000,b100111000100000
7820000,b11110111,0,b0,0,0,1,0,1,1,0,0,b101010101010101,b1000,b1011011,1,1,0,b101010101010101,b1101,b1,b1010010110100101,0,b10,b0,b11111111111,0,b11110111,b10,b1010000000000000,b111010001100101011100110111010000110010010111110111010001111000010111110110001101101111011011010111000001101100011001010111010001100101,b1110100011001010111001101110100010111110111001001111000,b1110100011001010111001101110100010111110111001001111000,b11111010000,b1110100011001010111001101110100010111110111001001111000,b100111000100000
7830000,b11110111,0,b0,0,0,1,1,1,1,0,0,b101010101010101,b1000,b1011100,1,1,0,b101010101010101,b1101,b10,b1010010110100101,0,b10,b0,b11111111111,0,b11110111,b10,b1010000000000000,b111010001100101011100110111010000110010010111110111010001111000010111110110001101101111011011010111000001101100011001010111010001100101,b1110100011001010111001101110100010111110111001001111000,b1110100011001010111001101110100010111110111001001111000,b11111010000,b1110100011001010111001101110100010111110111001001111000,b100111000100000
7840000,b11110111,0,b0,0,0,1,0,1,1,0,0,b101010101010101,b1000,b1011100,1,1,0,b101010101010101,b1101,b10,b1010010110100101,0,b10,b0,b11111111111,0,b11110111,b10,b1010000000000000,b111010001100101011100110111010000110010010111110111010001111000010111110110001101101111011011010111000001101100011001010111010001100101,b1110100011001010111001101110100010111110111001001111000,b1110100011001010111001101110100010111110111001001111000,b11111010000,b1110100011001010111001101110100010111110111001001111000,b100111000100000
7850000,b11110111,0,b0,0,0,1,1,1,1,0,0,b101010101010101,b1000,b1011101,1,1,0,b101010101010101,b1101,b11,b1010010110100101,0,b10,b0,b11111111111,0,b11110111,b10,b1010000000000000,b111010001100101011100110111010000110010010111110111010001111000010111110110001101101111011011010111000001101100011001010111010001100101,b1110100011001010111001101110100010111110111001001111000,b1110100011001010111001101110100010111110111001001111000,b11111010000,b1110100011001010111001101110100010111110111001001111000,b100111000100000
7860000,b11110111,0,b0,0,0,1,0,1,1,0,0,b101010101010101,b1000,b1011101,1,1,0,b101010101010101,b1101,b11,b1010010110100101,0,b10,b0,b11111111111,0,b11110111,b10,b1010000000000000,b111010001100101011100110111010000110010010111110111010001111000010111110110001101101111011011010111000001101100011001010111010001100101,b1110100011001010111001101110100010111110111001001111000,b1110100011001010111001101110100010111110111001001111000,b11111010000,b1110100011001010111001101110100010111110111001001111000,b100111000100000
7870000,b11110111,0,b0,0,0,1,1,1,1,0,0,b101010101010101,b1000,b1011110,1,1,0,b101010101010101,b1101,b0,b1010010110100101,0,b10,b0,b11111111111,1,b11110111,b10,b1010000000000000,b111010001100101011100110111010000110010010111110111010001111000010111110110001101101111011011010111000001101100011001010111010001100101,b1110100011001010111001101110100010111110111001001111000,b1110100011001010111001101110100010111110111001001111000,b11111010000,b1110100011001010111001101110100010111110111001001111000,b100111000100000
7880000,b11110111,0,b0,0,0,1,0,1,1,0,0,b101010101010101,b1000,b1011110,1,1,0,b101010101010101,b1101,b0,b1010010110100101,0,b10,b0,b11111111111,1,b11110111,b10,b1010000000000000,b111010001100101011100110111010000110010010111110111010001111000010111110110001101101111011011010111000001101100011001010111010001100101,b1110100011001010111001101110100010111110111001001111000,b1110100011001010111001101110100010111110111001001111000,b11111010000,b1110100011001010111001101110100010111110111001001111000,b100111000100000
7890000,b11110111,1,b0,0,0,1,1,1,1,0,0,b101010101010101,b1000,b1011111,1,1,0,b101010101010101,b1101,b1,b1010010110100101,1,b10,b0,b111111111111,1,b11110111,b10,b1010000000000000,b111010001100101011100110111010000110010010111110111010001111000010111110110001101101111011011010111000001101100011001010111010001100101,b1110100011001010111001101110100010111110111001001111000,b1110100011001010111001101110100010111110111001001111000,b11111010000,b1110100011001010111001101110100010111110111001001111000,b100111000100000
7900000,b11110111,1,b0,0,0,1,0,1,1,0,0,b101010101010101,b1000,b1011111,1,1,0,b101010101010101,b1101,b1,b1010010110100101,1,b10,b0,b111111111111,1,b11110111,b10,b1010000000000000,b111010001100101011100110111010000110010010111110111010001111000010111110110001101101111011011010111000001101100011001010111010001100101,b1110100011001010111001101110100010111110111001001111000,b1110100011001010111001101110100010111110111001001111000,b11111010000,b1110100011001010111001101110100010111110111001001111000,b100111000100000
7910000,b11110111,1,b0,0,0,1,1,1,1,0,0,b101010101010101,b1000,b1100000,1,1,0,b101010101010101,b1101,b10,b1010010110100101,1,b10,b0,b111111111111,1,b11110111,b10,b1010000000000000,b111010001100101011100110111010000110010010111110111010001111000010111110110001101101111011011010111000001101100011001010111010001100101,b1110100011001010111001101110100010111110111001001111000,b1110100011001010111001101110100010111110111001001111000,b11111010000,b1110100011001010111001101110100010111110111001001111000,b100111000100000
7920000,b11110111,1,b0,0,0,1,0,1,1,0,0,b101010101010101,b1000,b1100000,1,1,0,b101010101010101,b1101,b10,b1010010110100101,1,b10,b0,b111111111111,1,b11110111,b10,b1010000000000000,b111010001100101011100110111010000110010010111110111010001111000010111110110001101101111011011010111000001101100011001010111010001100101,b1110100011001010111001101110100010111110111001001111000,b1110100011001010111001101110100010111110111001001111000,b11111010000,b1110100011001010111001101110100010111110111001001111000,b100111000100000
7930000,b11110111,1,b0,0,0,1,1,1,1,0,0,b101010101010101,b1000,b1100001,1,1,0,b101010101010101,b1101,b11,b1010010110100101,1,b10,b0,b111111111111,1,b11110111,b10,b1010000000000000,b111010001100101011100110111010000110010010111110111010001111000010111110110001101101111011011010111000001101100011001010111010001100101,b1110100011001010111001101110100010111110111001001111000,b1110100011001010111001101110100010111110111001001111000,b11111010000,b1110100011001010111001101110100010111110111001001111000,b100111000100000
7940000,b11110111,1,b0,0,0,1,0,1,1,0,0,b101010101010101,b1000,b1100001,1,1,0,b101010101010101,b1101,b11,b1010010110100101,1,b10,b0,b111111111111,1,b11110111,b10,b1010000000000000,b111010001100101011100110111010000110010010111110111010001111000010111110110001101101111011011010111000001101100011001010111010001100101,b1110100011001010111001101110100010111110111001001111000,b1110100011001010111001101110100010111110111001001111000,b11111010000,b1110100011001010111001101110100010111110111001001111000,b100111000100000
7950000,b11110111,1,b0,0,0,1,1,1,1,0,0,b101010101010101,b1000,b1100010,1,1,0,b101010101010101,b1101,b0,b1010010110100101,1,b10,b0,b111111111111,0,b11110111,b10,b1010000000000000,b111010001100101011100110111010000110010010111110111010001111000010111110110001101101111011011010111000001101100011001010111010001100101,b1110100011001010111001101110100010111110111001001111000,b1110100011001010111001101110100010111110111001001111000,b11111010000,b1110100011001010111001101110100010111110111001001111000,b100111000100000
7960000,b11110111,1,b0,0,0,1,0,1,1,0,0,b101010101010101,b1000,b1100010,1,1,0,b101010101010101,b1101,b0,b1010010110100101,1,b10,b0,b111111111111,0,b11110111,b10,b1010000000000000,b111010001100101011100110111010000110010010111110111010001111000010111110110001101101111011011010111000001101100011001010111010001100101,b1110100011001010111001101110100010111110111001001111000,b1110100011001010111001101110100010111110111001001111000,b11111010000,b1110100011001010111001101110100010111110111001001111000,b100111000100000
7970000,b11110111,0,b0,1,0,1,1,1,1,0,0,b101010101010101,b1000,b1100011,1,1,0,b101010101010101,b1110,b1,b1010010110100101,0,b10,b0,b111111111111,0,b11110111,b10,b100000000000000,b111010001100101011100110111010000110010010111110111010001111000010111110110001101101111011011010111000001101100011001010111010001100101,b1110100011001010111001101110100010111110111001001111000,b1110100011001010111001101110100010111110111001001111000,b11111010000,b1110100011001010111001101110100010111110111001001111000,b100111000100000
7980000,b11110111,0,b0,1,0,1,0,1,1,0,0,b101010101010101,b1000,b1100011,1,1,0,b101010101010101,b1110,b1,b1010010110100101,0,b10,b0,b111111111111,0,b11110111,b10,b100000000000000,b111010001100101011100110111010000110010010111110111010001111000010111110110001101101111011011010111000001101100011001010111010001100101,b1110100011001010111001101110100010111110111001001111000,b1110100011001010111001101110100010111110111001001111000,b11111010000,b1110100011001010111001101110100010111110111001001111000,b100111000100000
7990000,b11110111,0,b0,1,0,1,1,1,1,0,0,b101010101010101,b1000,b1100100,1,1,0,b101010101010101,b1110,b10,b1010010110100101,0,b10,b0,b111111111111,0,b11110111,b10,b100000000000000,b111010001100101011100110111010000110010010111110111010001111000010111110110001101101111011011010111000001101100011001010111010001100101,b1110100011001010111001101110100010111110111001001111000,b1110100011001010111001101110100010111110111001001111000,b11111010000,b1110100011001010111001101110100010111110111001001111000,b100111000100000
8000000,b11110111,0,b0,1,0,1,0,1,1,0,0,b101010101010101,b1000,b1100100,1,1,0,b101010101010101,b1110,b10,b1010010110100101,0,b10,b0,b111111111111,0,b11110111,b10,b100000000000000,b111010001100101011100110111010000110010010111110111010001111000010111110110001101101111011011010111000001101100011001010111010001100101,b1110100011001010111001101110100010111110111001001111000,b1110100011001010111001101110100010111110111001001111000,b11111010000,b1110100011001010111001101110100010111110111001001111000,b100111000100000
8010000,b11110111,0,b0,1,0,1,1,1,1,0,0,b101010101010101,b1000,b1100101,1,1,0,b101010101010101,b1110,b11,b1010010110100101,0,b10,b0,b111111111111,0,b11110111,b10,b100000000000000,b111010001100101011100110111010000110010010111110111010001111000010111110110001101101111011011010111000001101100011001010111010001100101,b1110100011001010111001101110100010111110111001001111000,b1110100011001010111001101110100010111110111001001111000,b11111010000,b1110100011001010111001101110100010111110111001001111000,b100111000100000
8020000,b11110111,0,b0,1,0,1,0,1,1,0,0,b101010101010101,b1000,b1100101,1,1,0,b101010101010101,b1110,b11,b1010010110100101,0,b10,b0,b111111111111,0,b11110111,b10,b100000000000000,b111010001100101011100110111010000110010010111110111010001111000010111110110001101101111011011010111000001101100011001010111010001100101,b1110100011001010111001101110100010111110111001001111000,b1110100011001010111001101110100010111110111001001111000,b11111010000,b1110100011001010111001101110100010111110111001001111000,b100111000100000
8030000,b11110111,0,b0,1,0,1,1,1,1,0,0,b101010101010101,b1000,b1100110,1,1,0,b101010101010101,b1110,b0,b1010010110100101,0,b10,b0,b111111111111,1,b11110111,b10,b100000000000000,b111010001100101011100110111010000110010010111110111010001111000010111110110001101101111011011010111000001101100011001010111010001100101,b1110100011001010111001101110100010111110111001001111000,b1110100011001010111001101110100010111110111001001111000,b11111010000,b1110100011001010111001101110100010111110111001001111000,b100111000100000
8040000,b11110111,0,b0,1,0,1,0,1,1,0,0,b101010101010101,b1000,b1100110,1,1,0,b101010101010101,b1110,b0,b1010010110100101,0,b10,b0,b111111111111,1,b11110111,b10,b100000000000000,b111010001100101011100110111010000110010010111110111010001111000010111110110001101101111011011010111000001101100011001010111010001100101,b1110100011001010111001101110100010111110111001001111000,b1110100011001010111001101110100010111110111001001111000,b11111010000,b1110100011001010111001101110100010111110111001001111000,b100111000100000
8050000,b11110111,1,b0,1,0,1,1,1,1,0,0,b101010101010101,b1000,b1100111,1,1,0,b101010101010101,b1110,b1,b1010010110100101,1,b10,b0,b1111111111111,1,b11110111,b10,b100000000000000,b111010001100101011100110111010000110010010111110111010001111000010111110110001101101111011011010111000001101100011001010111010001100101,b1110100011001010111001101110100010111110111001001111000,b1110100011001010111001101110100010111110111001001111000,b11111010000,b1110100011001010111001101110100010111110111001001111000,b100111000100000
8060000,b11110111,1,b0,1,0,1,0,1,1,0,0,b101010101010101,b1000,b1100111,1,1,0,b101010101010101,b1110,b1,b1010010110100101,1,b10,b0,b1111111111111,1,b11110111,b10,b100000000000000,b111010001100101011100110111010000110010010111110111010001111000010111110110001101101111011011010111000001101100011001010111010001100101,b1110100011001010111001101110100010111110111001001111000,b1110100011001010111001101110100010111110111001001111000,b11111010000,b1110100011001010111001101110100010111110111001001111000,b100111000100000
8070000,b11110111,1,b0,1,0,1,1,1,1,0,0,b101010101010101,b1000,b1101000,1,1,0,b101010101010101,b1110,b10,b1010010110100101,1,b10,b0,b1111111111111,1,b11110111,b10,b100000000000000,b111010001100101011100110111010000110010010111110111010001111000010111110110001101101111011011010111000001101100011001010111010001100101,b1110100011001010111001101110100010111110111001001111000,b1110100011001010111001101110100010111110111001001111000,b11111010000,b1110100011001010111001101110100010111110111001001111000,b100111000100000
8080000,b11110111,1,b0,1,0,1,0,1,1,0,0,b101010101010101,b1000,b1101000,1,1,0,b101010101010101,b1110,b10,b1010010110100101,1,b10,b0,b1111111111111,1,b11110111,b10,b100000000000000,b111010001100101011100110111010000110010010111110111010001111000010111110110001101101111011011010111000001101100011001010111010001100101,b1110100011001010111001101110100010111110111001001111000,b1110100011001010111001101110100010111110111001001111000,b11111010000,b1110100011001010111001101110100010111110111001001111000,b100111000100000
8090000,b11110111,1,b0,1,0,1,1,1,1,0,0,b101010101010101,b1000,b1101001,1,1,0,b101010101010101,b1110,b11,b1010010110100101,1,b10,b0,b1111111111111,1,b11110111,b10,b100000000000000,b111010001100101011100110111010000110010010111110111010001111000010111110110001101101111011011010111000001101100011001010111010001100101,b1110100011001010111001101110100010111110111001001111000,b1110100011001010111001101110100010111110111001001111000,b11111010000,b1110100011001010111001101110100010111110111001001111000,b100111000100000
8100000,b11110111,1,b0,1,0,1,0,1,1,0,0,b101010101010101,b1000,b1101001,1,1,0,b101010101010101,b1110,b11,b1010010110100101,1,b10,b0,b1111111111111,1,b11110111,b10,b100000000000000,b111010001100101011100110111010000110010010111110111010001111000010111110110001101101111011011010111000001101100011001010111010001100101,b1110100011001010111001101110100010111110111001001111000,b1110100011001010111001101110100010111110111001001111000,b11111010000,b1110100011001010111001101110100010111110111001001111000,b100111000100000
8110000,b11110111,1,b0,1,0,1,1,1,1,0,0,b101010101010101,b1000,b1101010,1,1,0,b101010101010101,b1110,b0,b1010010110100101,1,b10,b0,b1111111111111,0,b11110111,b10,b100000000000000,b111010001100101011100110111010000110010010111110111010001111000010111110110001101101111011011010111000001101100011001010111010001100101,b1110100011001010111001101110100010111110111001001111000,b1110100011001010111001101110100010111110111001001111000,b11111010000,b1110100011001010111001101110100010111110111001001111000,b100111000100000
8120000,b11110111,1,b0,1,0,1,0,1,1,0,0,b101010101010101,b1000,b1101010,1,1,0,b101010101010101,b1110,b0,b1010010110100101,1,b10,b0,b1111111111111,0,b11110111,b10,b100000000000000,b111010001100101011100110111010000110010010111110111010001111000010111110110001101101111011011010111000001101100011001010111010001100101,b1110100011001010111001101110100010111110111001001111000,b1110100011001010111001101110100010111110111001001111000,b11111010000,b1110100011001010111001101110100010111110111001001111000,b100111000100000
8130000,b11110111,0,b0,0,0,1,1,1,1,0,0,b101010101010101,b1000,b1101011,1,1,0,b101010101010101,b1111,b1,b1010010110100101,0,b10,b0,b1111111111111,0,b11110111,b10,b1000000000000000,b111010001100101011100110111010000110010010111110111010001111000010111110110001101101111011011010111000001101100011001010111010001100101,b1110100011001010111001101110100010111110111001001111000,b1110100011001010111001101110100010111110111001001111000,b11111010000,b1110100011001010111001101110100010111110111001001111000,b100111000100000
8140000,b11110111,0,b0,0,0,1,0,1,1,0,0,b101010101010101,b1000,b1101011,1,1,0,b101010101010101,b1111,b1,b1010010110100101,0,b10,b0,b1111111111111,0,b11110111,b10,b1000000000000000,b111010001100101011100110111010000110010010111110111010001111000010111110110001101101111011011010111000001101100011001010111010001100101,b1110100011001010111001101110100010111110111001001111000,b1110100011001010111001101110100010111110111001001111000,b11111010000,b1110100011001010111001101110100010111110111001001111000,b100111000100000
8150000,b11110111,0,b0,0,0,1,1,1,1,0,0,b101010101010101,b1000,b1101100,1,1,0,b101010101010101,b1111,b10,b1010010110100101,0,b10,b0,b1111111111111,0,b11110111,b10,b1000000000000000,b111010001100101011100110111010000110010010111110111010001111000010111110110001101101111011011010111000001101100011001010111010001100101,b1110100011001010111001101110100010111110111001001111000,b1110100011001010111001101110100010111110111001001111000,b11111010000,b1110100011001010111001101110100010111110111001001111000,b100111000100000
8160000,b11110111,0,b0,0,0,1,0,1,1,0,0,b101010101010101,b1000,b1101100,1,1,0,b101010101010101,b1111,b10,b1010010110100101,0,b10,b0,b1111111111111,0,b11110111,b10,b1000000000000000,b111010001100101011100110111010000110010010111110111010001111000010111110110001101101111011011010111000001101100011001010111010001100101,b1110100011001010111001101110100010111110111001001111000,b1110100011001010111001101110100010111110111001001111000,b11111010000,b1110100011001010111001101110100010111110111001001111000,b100111000100000
8170000,b11110111,0,b0,0,0,1,1,1,1,0,0,b101010101010101,b1000,b1101101,1,1,0,b101010101010101,b1111,b11,b1010010110100101,0,b10,b0,b1111111111111,0,b11110111,b10,b1000000000000000,b111010001100101011100110111010000110010010111110111010001111000010111110110001101101111011011010111000001101100011001010111010001100101,b1110100011001010111001101110100010111110111001001111000,b1110100011001010111001101110100010111110111001001111000,b11111010000,b1110100011001010111001101110100010111110111001001111000,b100111000100000
8180000,b11110111,0,b0,0,0,1,0,1,1,0,0,b101010101010101,b1000,b1101101,1,1,0,b101010101010101,b1111,b11,b1010010110100101,0,b10,b0,b1111111111111,0,b11110111,b10,b1000000000000000,b111010001100101011100110111010000110010010111110111010001111000010111110110001101101111011011010111000001101100011001010111010001100101,b1110100011001010111001101110100010111110111001001111000,b1110100011001010111001101110100010111110111001001111000,b11111010000,b1110100011001010111001101110100010111110111001001111000,b100111000100000
8190000,b11110111,0,b0,0,0,1,1,1,1,0,0,b101010101010101,b1000,b1101110,1,1,0,b101010101010101,b1111,b0,b1010010110100101,0,b10,b0,b1111111111111,1,b11110111,b10,b1000000000000000,b111010001100101011100110111010000110010010111110111010001111000010111110110001101101111011011010111000001101100011001010111010001100101,b1110100011001010111001101110100010111110111001001111000,b1110100011001010111001101110100010111110111001001111000,b11111010000,b1110100011001010111001101110100010111110111001001111000,b100111000100000
8200000,b11110111,0,b0,0,0,1,0,1,1,0,0,b101010101010101,b1000,b1101110,1,1,0,b101010101010101,b1111,b0,b1010010110100101,0,b10,b0,b1111111111111,1,b11110111,b10,b1000000000000000,b111010001100101011100110111010000110010010111110111010001111000010111110110001101101111011011010111000001101100011001010111010001100101,b1110100011001010111001101110100010111110111001001111000,b1110100011001010111001101110100010111110111001001111000,b11111010000,b1110100011001010111001101110100010111110111001001111000,b100111000100000
8210000,b11110111,1,b0,0,0,1,1,1,1,0,0,b101010101010101,b1000,b1101111,1,1,0,b101010101010101,b1111,b1,b1010010110100101,1,b10,b0,b11111111111111,1,b11110111,b10,b1000000000000000,b111010001100101011100110111010000110010010111110111010001111000010111110110001101101111011011010111000001101100011001010111010001100101,b1110100011001010111001101110100010111110111001001111000,b1110100011001010111001101110100010111110111001001111000,b11111010000,b1110100011001010111001101110100010111110111001001111000,b100111000100000
8220000,b11110111,1,b0,0,0,1,0,1,1,0,0,b101010101010101,b1000,b1101111,1,1,0,b101010101010101,b1111,b1,b1010010110100101,1,b10,b0,b11111111111111,1,b11110111,b10,b1000000000000000,b111010001100101011100110111010000110010010111110111010001111000010111110110001101101111011011010111000001101100011001010111010001100101,b1110100011001010111001101110100010111110111001001111000,b1110100011001010111001101110100010111110111001001111000,b11111010000,b1110100011001010111001101110100010111110111001001111000,b100111000100000
8230000,b11110111,1,b0,0,0,1,1,1,1,0,0,b101010101010101,b1000,b1110000,1,1,0,b101010101010101,b1111,b10,b1010010110100101,1,b10,b0,b11111111111111,1,b11110111,b10,b1000000000000000,b111010001100101011100110111010000110010010111110111010001111000010111110110001101101111011011010111000001101100011001010111010001100101,b1110100011001010111001101110100010111110111001001111000,b1110100011001010111001101110100010111110111001001111000,b11111010000,b1110100011001010111001101110100010111110111001001111000,b100111000100000
8240000,b11110111,1,b0,0,0,1,0,1,1,0,0,b101010101010101,b1000,b1110000,1,1,0,b101010101010101,b1111,b10,b1010010110100101,1,b10,b0,b11111111111111,1,b11110111,b10,b1000000000000000,b111010001100101011100110111010000110010010111110111010001111000010111110110001101101111011011010111000001101100011001010111010001100101,b1110100011001010111001101110100010111110111001001111000,b1110100011001010111001101110100010111110111001001111000,b11111010000,b1110100011001010111001101110100010111110111001001111000,b100111000100000
8250000,b11110111,1,b0,0,0,1,1,1,1,0,0,b101010101010101,b1000,b1110001,1,1,0,b101010101010101,b1111,b11,b1010010110100101,1,b10,b0,b11111111111111,1,b11110111,b10,b1000000000000000,b111010001100101011100110111010000110010010111110111010001111000010111110110001101101111011011010111000001101100011001010111010001100101,b1110100011001010111001101110100010111110111001001111000,b1110100011001010111001101110100010111110111001001111000,b11111010000,b1110100011001010111001101110100010111110111001001111000,b100111000100000
8260000,b11110111,1,b0,0,0,1,0,1,1,0,0,b101010101010101,b1000,b1110001,1,1,0,b101010101010101,b1111,b11,b1010010110100101,1,b10,b0,b11111111111111,1,b11110111,b10,b1000000000000000,b111010001100101011100110111010000110010010111110111010001111000010111110110001101101111011011010111000001101100011001010111010001100101,b1110100011001010111001101110100010111110111001001111000,b1110100011001010111001101110100010111110111001001111000,b11111010000,b1110100011001010111001101110100010111110111001001111000,b100111000100000
8270000,b11110111,1,b0,0,0,1,1,1,1,0,0,b101010101010101,b1000,b1110010,1,1,0,b101010101010101,b1111,b0,b1010010110100101,1,b10,b0,b11111111111111,0,b11110111,b10,b1000000000000000,b111010001100101011100110111010000110010010111110111010001111000010111110110001101101111011011010111000001101100011001010111010001100101,b1110100011001010111001101110100010111110111001001111000,b1110100011001010111001101110100010111110111001001111000,b11111010000,b1110100011001010111001101110100010111110111001001111000,b100111000100000
8280000,b11110111,1,b0,0,0,1,0,1,1,0,0,b101010101010101,b1000,b1110010,1,1,0,b101010101010101,b1111,b0,b1010010110100101,1,b10,b0,b11111111111111,0,b11110111,b10,b1000000000000000,b111010001100101011100110111010000110010010111110111010001111000010111110110001101101111011011010111000001101100011001010111010001100101,b1110100011001010111001101110100010111110111001001111000,b1110100011001010111001101110100010111110111001001111000,b11111010000,b1110100011001010111001101110100010111110111001001111000,b100111000100000
8290000,b11110111,0,b0,1,0,1,1,1,1,0,0,b101010101010101,b1000,b1110011,1,1,0,b101010101010101,b10000,b1,b1010010110100101,0,b10,b0,b11111111111111,0,b11110111,b10,b0,b111010001100101011100110111010000110010010111110111010001111000010111110110001101101111011011010111000001101100011001010111010001100101,b1110100011001010111001101110100010111110111001001111000,b1110100011001010111001101110100010111110111001001111000,b11111010000,b1110100011001010111001101110100010111110111001001111000,b100111000100000
8300000,b11110111,0,b0,1,0,1,0,1,1,0,0,b101010101010101,b1000,b1110011,1,1,0,b101010101010101,b10000,b1,b1010010110100101,0,b10,b0,b11111111111111,0,b11110111,b10,b0,b111010001100101011100110111010000110010010111110111010001111000010111110110001101101111011011010111000001101100011001010111010001100101,b1110100011001010111001101110100010111110111001001111000,b1110100011001010111001101110100010111110111001001111000,b11111010000,b1110100011001010111001101110100010111110111001001111000,b100111000100000
8310000,b11110111,0,b0,1,0,1,1,1,1,0,0,b101010101010101,b1000,b1110100,1,1,0,b101010101010101,b10000,b10,b1010010110100101,0,b10,b0,b11111111111111,0,b11110111,b10,b0,b111010001100101011100110111010000110010010111110111010001111000010111110110001101101111011011010111000001101100011001010111010001100101,b1110100011001010111001101110100010111110111001001111000,b1110100011001010111001101110100010111110111001001111000,b11111010000,b1110100011001010111001101110100010111110111001001111000,b100111000100000
8320000,b11110111,0,b0,1,0,1,0,1,1,0,0,b101010101010101,b1000,b1110100,1,1,0,b101010101010101,b10000,b10,b1010010110100101,0,b10,b0,b11111111111111,0,b11110111,b10,b0,b111010001100101011100110111010000110010010111110111010001111000010111110110001101101111011011010111000001101100011001010111010001100101,b1110100011001010111001101110100010111110111001001111000,b1110100011001010111001101110100010111110111001001111000,b11111010000,b1110100011001010111001101110100010111110111001001111000,b100111000100000
8330000,b11110111,0,b0,1,0,1,1,1,1,0,0,b101010101010101,b1000,b1110101,1,1,0,b101010101010101,b10000,b11,b1010010110100101,0,b10,b0,b11111111111111,0,b11110111,b10,b0,b111010001100101011100110111010000110010010111110111010001111000010111110110001101101111011011010111000001101100011001010111010001100101,b1110100011001010111001101110100010111110111001001111000,b1110100011001010111001101110100010111110111001001111000,b11111010000,b1110100011001010111001101110100010111110111001001111000,b100111000100000
8340000,b11110111,0,b0,1,0,1,0,1,1,0,0,b101010101010101,b1000,b1110101,1,1,0,b101010101010101,b10000,b11,b1010010110100101,0,b10,b0,b11111111111111,0,b11110111,b10,b0,b111010001100101011100110111010000110010010111110111010001111000010111110110001101101111011011010111000001101100011001010111010001100101,b1110100011001010111001101110100010111110111001001111000,b1110100011001010111001101110100010111110111001001111000,b11111010000,b1110100011001010111001101110100010111110111001001111000,b100111000100000
8350000,b11110111,0,b0,1,0,1,1,1,1,0,0,b101010101010101,b1000,b1110110,1,1,0,b101010101010101,b10000,b0,b1010010110100101,0,b100,b0,b11111111111111,1,b11110111,b10,b0,b111010001100101011100110111010000110010010111110111010001111000010111110110001101101111011011010111000001101100011001010111010001100101,b1110100011001010111001101110100010111110111001001111000,b1110100011001010111001101110100010111110111001001111000,b11111010000,b1110100011001010111001101110100010111110111001001111000,b100111000100000
8360000,b11110111,0,b0,1,0,1,0,1,1,0,0,b101010101010101,b1000,b1110110,1,1,0,b101010101010101,b10000,b0,b1010010110100101,0,b100,b0,b11111111111111,1,b11110111,b10,b0,b111010001100101011100110111010000110010010111110111010001111000010111110110001101101111011011010111000001101100011001010111010001100101,b1110100011001010111001101110100010111110111001001111000,b1110100011001010111001101110100010111110111001001111000,b11111010000,b1110100011001010111001101110100010111110111001001111000,b100111000100000
8370000,b11111111,1,b111111111111111,1,1,0,1,1,1,0,0,b101010101010101,b1000,b1110111,1,1,0,b101010101010101,b10000,b1,b1010010110100101,1,b0,b111111111111111,b111111111111111,1,b11111111,b100,b0,b111010001100101011100110111010000110010010111110111010001111000010111110110001101101111011011010111000001101100011001010111010001100101,b1110100011001010111001101110100010111110111001001111000,b1110100011001010111001101110100010111110111001001111000,b11111010000,b1110100011001010111001101110100010111110111001001111000,b100111000100000
8380000,b11111111,1,b111111111111111,1,1,0,0,1,1,0,0,b101010101010101,b1000,b1110111,1,1,0,b101010101010101,b10000,b1,b1010010110100101,1,b0,b111111111111111,b111111111111111,1,b11111111,b100,b0,b111010001100101011100110111010000110010010111110111010001111000010111110110001101101111011011010111000001101100011001010111010001100101,b1110100011001010111001101110100010111110111001001111000,b1110100011001010111001101110100010111110111001001111000,b11111010000,b1110100011001010111001101110100010111110111001001111000,b100111000100000
8390000,b11111111,1,b111111111111111,1,0,0,1,1,1,0,1,b1111111100000000,b1000,b1111000,1,1,0,b1111111100000000,b10000,b0,b1010010110100101,1,b1,b111111111111111,b111111111111111,1,b11111111,b0,b0,b1110100011001010111001101110100010111110111001001111000010111110110001101101111011011010111000001101100011001010111010001100101,b1110100011001010111001101110100010111110111001001111000,b1110100011001010111001101110100010111110111001001111000,b11111010000,b1110100011001010111001101110100010111110111001001111000,b100111000100000
8400000,b11111111,1,b111111111111111,1,0,0,0,1,1,0,1,b1111111100000000,b1000,b1111000,1,1,0,b1111111100000000,b10000,b0,b1010010110100101,1,b1,b111111111111111,b111111111111111,1,b11111111,b0,b0,b1110100011001010111001101110100010111110111001001111000010111110110001101101111011011010111000001101100011001010111010001100101,b1110100011001010111001101110100010111110111001001111000,b1110100011001010111001101110100010111110111001001111000,b11111010000,b1110100011001010111001101110100010111110111001001111000,b100111000100000
8410000,b11110111,1,b111111111111111,1,0,1,1,1,1,0,1,b1111111100000000,b1000,b1111000,1,1,0,b1111111100000000,b10000,b0,b1010010110100101,1,b10,b111111111111111,b111111111111111,1,b11110111,b1,b0,b1110100011001010111001101110100010111110111001001111000010111110110001101101111011011010111000001101100011001010111010001100101,b1110100011001010111001101110100010111110111001001111000,b1110100011001010111001101110100010111110111001001111000,b11111010000,b1110100011001010111001101110100010111110111001001111000,b100111000100000
8420000,b11110111,1,b111111111111111,1,0,1,0,1,1,0,1,b1111111100000000,b1000,b1111000,1,1,0,b1111111100000000,b10000,b0,b1010010110100101,1,b10,b111111111111111,b111111111111111,1,b11110111,b1,b0,b1110100011001010111001101110100010111110111001001111000010111110110001101101111011011010111000001101100011001010111010001100101,b1110100011001010111001101110100010111110111001001111000,b1110100011001010111001101110100010111110111001001111000,b11111010000,b1110100011001010111001101110100010111110111001001111000,b100111000100000
8430000,b11110111,1,b111111111111111,1,0,1,1,1,1,0,1,b1111111100000000,b1000,b1111000,1,1,0,b1111111100000000,b0,b0,b1010010110100101,1,b10,b111111111111111,b0,1,b11110111,b10,b1111111100000000,b1110100011001010111001101110100010111110111001001111000010111110110001101101111011011010111000001101100011001010111010001100101,b1110100011001010111001101110100010111110111001001111000,b1110100011001010111001101110100010111110111001001111000,b11111010000,b1110100011001010111001101110100010111110111001001111000,b100111000100000
8440000,b11110111,1,b111111111111111,1,0,1,0,1,1,0,0,b1111111100000000,b1000,b0,1,1,0,b1111111100000000,b0,b0,b1010010110100101,1,b10,b111111111111111,b0,1,b11110111,b10,b1111111100000000,b1110100011001010111001101110100010111110111001001111000010111110110001101101111011011010111000001101100011001010111010001100101,b111010001100101011100110111010000110011010111110110001001110101011100100111001101110100,b111010001100101011100110111010000110011010111110110001001110101011100100111001101110100,b11111010000,b111010001100101011100110111010000110011010111110110001001110101011100100111001101110100,b100111000100000
8450000,b11110111,1,b111111111111111,1,0,1,1,1,1,0,0,b1111111100000000,b1000,b0,1,1,0,b1111111100000000,b0,b1,b1010010110100101,1,b10,b111111111111111,b0,1,b11110111,b10,b1111111100000000,b1110100011001010111001101110100010111110111001001111000010111110110001101101111011011010111000001101100011001010111010001100101,b111010001100101011100110111010000110011010111110110001001110101011100100111001101110100,b111010001100101011100110111010000110011010111110110001001110101011100100111001101110100,b11111010000,b111010001100101011100110111010000110011010111110110001001110101011100100111001101110100,b100111000100000
8460000,b11110111,1,b111111111111111,1,0,1,0,1,1,0,0,b1111111100000000,b1000,b1,1,1,0,b1111111100000000,b0,b1,b1010010110100101,1,b10,b111111111111111,b0,1,b11110111,b10,b1111111100000000,b1110100011001010111001101110100010111110111001001111000010111110110001101101111011011010111000001101100011001010111010001100101,b111010001100101011100110111010000110011010111110110001001110101011100100111001101110100,b111010001100101011100110111010000110011010111110110001001110101011100100111001101110100,b11111010000,b111010001100101011100110111010000110011010111110110001001110101011100100111001101110100,b100111000100000
8470000,b11110111,1,b111111111111111,1,0,1,1,1,1,0,0,b1111111100000000,b1000,b1,1,1,0,b1111111100000000,b0,b10,b1010010110100101,1,b10,b111111111111111,b0,1,b11110111,b10,b1111111100000000,b1110100011001010111001101110100010111110111001001111000010111110110001101101111011011010111000001101100011001010111010001100101,b111010001100101011100110111010000110011010111110110001001110101011100100111001101110100,b111010001100101011100110111010000110011010111110110001001110101011100100111001101110100,b11111010000,b111010001100101011100110111010000110011010111110110001001110101011100100111001101110100,b100111000100000
8480000,b11110111,1,b111111111111111,1,0,1,0,1,1,0,0,b1111111100000000,b1000,b10,1,1,0,b1111111100000000,b0,b10,b1010010110100101,1,b10,b111111111111111,b0,1,b11110111,b10,b1111111100000000,b1110100011001010111001101110100010111110111001001111000010111110110001101101111011011010111000001101100011001010111010001100101,b111010001100101011100110111010000110011010111110110001001110101011100100111001101110100,b111010001100101011100110111010000110011010111110110001001110101011100100111001101110100,b11111010000,b111010001100101011100110111010000110011010111110110001001110101011100100111001101110100,b100111000100000
8490000,b11110111,1,b111111111111111,1,0,1,1,1,1,0,0,b1111111100000000,b1000,b10,1,1,0,b1111111100000000,b0,b11,b1010010110100101,1,b10,b111111111111111,b0,1,b11110111,b10,b1111111100000000,b1110100011001010111001101110100010111110111001001111000010111110110001101101111011011010111000001101100011001010111010001100101,b111010001100101011100110111010000110011010111110110001001110101011100100111001101110100,b111010001100101011100110111010000110011010111110110001001110101011100100111001101110100,b11111010000,b111010001100101011100110111010000110011010111110110001001110101011100100111001101110100,b100111000100000
8500000,b11110111,1,b111111111111111,1,0,1,0,1,1,0,0,b1111111100000000,b1000,b11,1,1,0,b1111111100000000,b0,b11,b1010010110100101,1,b10,b111111111111111,b0,1,b11110111,b10,b1111111100000000,b1110100011001010111001101110100010111110111001001111000010111110110001101101111011011010111000001101100011001010111010001100101,b111010001100101011100110111010000110011010111110110001001110101011100100111001101110100,b111010001100101011100110111010000110011010111110110001001110101011100100111001101110100,b11111010000,b111010001100101011100110111010000110011010111110110001001110101011100100111001101110100,b100111000100000
8510000,b11110111,1,b111111111111111,1,0,1,1,1,1,0,0,b1111111100000000,b1000,b11,1,1,0,b1111111100000000,b0,b0,b1010010110100101,1,b10,b111111111111111,b0,0,b11110111,b10,b1111111100000000,b1110100011001010111001101110100010111110111001001111000010111110110001101101111011011010111000001101100011001010111010001100101,b111010001100101011100110111010000110011010111110110001001110101011100100111001101110100,b111010001100101011100110111010000110011010111110110001001110101011100100111001101110100,b11111010000,b111010001100101011100110111010000110011010111110110001001110101011100100111001101110100,b100111000100000
8520000,b11110111,1,b111111111111111,1,0,1,0,1,1,0,0,b1111111100000000,b1000,b100,1,1,0,b1111111100000000,b0,b0,b1010010110100101,1,b10,b111111111111111,b0,0,b11110111,b10,b1111111100000000,b1110100011001010111001101110100010111110111001001111000010111110110001101101111011011010111000001101100011001010111010001100101,b111010001100101011100110111010000110011010111110110001001110101011100100111001101110100,b111010001100101011100110111010000110011010111110110001001110101011100100111001101110100,b11111010000,b111010001100101011100110111010000110011010111110110001001110101011100100111001101110100,b100111000100000
8530000,b11110111,0,b111111111111111,1,0,1,1,1,1,0,0,b1111111100000000,b1000,b100,1,1,0,b1111111100000000,b1,b1,b1010010110100101,0,b10,b111111111111111,b0,0,b11110111,b10,b1111111000000000,b1110100011001010111001101110100010111110111001001111000010111110110001101101111011011010111000001101100011001010111010001100101,b111010001100101011100110111010000110011010111110110001001110101011100100111001101110100,b111010001100101011100110111010000110011010111110110001001110101011100100111001101110100,b11111010000,b111010001100101011100110111010000110011010111110110001001110101011100100111001101110100,b100111000100000
8540000,b11110111,0,b111111111111111,1,0,1,0,1,1,0,0,b1111111100000000,b1000,b101,1,1,0,b1111111100000000,b1,b1,b1010010110100101,0,b10,b111111111111111,b0,0,b11110111,b10,b1111111000000000,b1110100011001010111001101110100010111110111001001111000010111110110001101101111011011010111000001101100011001010111010001100101,b111010001100101011100110111010000110011010111110110001001110101011100100111001101110100,b111010001100101011100110111010000110011010111110110001001110101011100100111001101110100,b11111010000,b111010001100101011100110111010000110011010111110110001001110101011100100111001101110100,b100111000100000
8550000,b11110111,0,b111111111111111,1,0,1,1,1,1,0,0,b1111111100000000,b1000,b101,1,1,0,b1111111100000000,b1,b10,b1010010110100101,0,b10,b111111111111111,b0,0,b11110111,b10,b1111111000000000,b1110100011001010111001101110100010111110111001001111000010111110110001101101111011011010111000001101100011001010111010001100101,b111010001100101011100110111010000110011010111110110001001110101011100100111001101110100,b111010001100101011100110111010000110011010111110110001001110101011100100111001101110100,b11111010000,b111010001100101011100110111010000110011010111110110001001110101011100100111001101110100,b100111000100000
8560000,b11110111,0,b111111111111111,1,0,1,0,1,1,0,0,b1111111100000000,b1000,b110,1,1,0,b1111111100000000,b1,b10,b1010010110100101,0,b10,b111111111111111,b0,0,b11110111,b10,b1111111000000000,b1110100011001010111001101110100010111110111001001111000010111110110001101101111011011010111000001101100011001010111010001100101,b111010001100101011100110111010000110011010111110110001001110101011100100111001101110100,b111010001100101011100110111010000110011010111110110001001110101011100100111001101110100,b11111010000,b111010001100101011100110111010000110011010111110110001001110101011100100111001101110100,b100111000100000
8570000,b11110111,0,b111111111111111,1,0,1,1,1,1,0,0,b1111111100000000,b1000,b110,1,1,0,b1111111100000000,b1,b11,b1010010110100101,0,b10,b111111111111111,b0,0,b11110111,b10,b1111111000000000,b1110100011001010111001101110100010111110111001001111000010111110110001101101111011011010111000001101100011001010111010001100101,b111010001100101011100110111010000110011010111110110001001110101011100100111001101110100,b111010001100101011100110111010000110011010111110110001001110101011100100111001101110100,b11111010000,b111010001100101011100110111010000110011010111110110001001110101011100100111001101110100,b100111000100000
8580000,b11110111,0,b111111111111111,1,0,1,0,1,1,0,0,b1111111100000000,b1000,b111,1,1,0,b1111111100000000,b1,b11,b1010010110100101,0,b10,b111111111111111,b0,0,b11110111,b10,b1111111000000000,b1110100011001010111001101110100010111110111001001111000010111110110001101101111011011010111000001101100011001010111010001100101,b111010001100101011100110111010000110011010111110110001001110101011100100111001101110100,b111010001100101011100110111010000110011010111110110001001110101011100100111001101110100,b11111010000,b111010001100101011100110111010000110011010111110110001001110101011100100111001101110100,b100111000100000
8590000,b11110111,0,b111111111111111,1,0,1,1,1,1,0,0,b1111111100000000,b1000,b111,1,1,0,b1111111100000000,b1,b0,b1010010110100101,0,b10,b111111111111111,b0,1,b11110111,b10,b1111111000000000,b1110100011001010111001101110100010111110111001001111000010111110110001101101111011011010111000001101100011001010111010001100101,b111010001100101011100110111010000110011010111110110001001110101011100100111001101110100,b111010001100101011100110111010000110011010111110110001001110101011100100111001101110100,b11111010000,b111010001100101011100110111010000110011010111110110001001110101011100100111001101110100,b100111000100000
8600000,b11110111,0,b111111111111111,1,0,1,0,1,1,0,0,b1111111100000000,b1000,b1000,1,1,0,b1111111100000000,b1,b0,b1010010110100101,0,b10,b111111111111111,b0,1,b11110111,b10,b1111111000000000,b1110100011001010111001101110100010111110111001001111000010111110110001101101111011011010111000001101100011001010111010001100101,b111010001100101011100110111010000110011010111110110001001110101011100100111001101110100,b111010001100101011100110111010000110011010111110110001001110101011100100111001101110100,b11111010000,b111010001100101011100110111010000110011010111110110001001110101011100100111001101110100,b100111000100000
8610000,b11110111,1,b111111111111111,1,0,1,1,1,1,0,0,b1111111100000000,b1000,b1000,1,1,0,b1111111100000000,b1,b1,b1010010110100101,1,b10,b111111111111111,b1,1,b11110111,b10,b1111111000000000,b1110100011001010111001101110100010111110111001001111000010111110110001101101111011011010111000001101100011001010111010001100101,b111010001100101011100110111010000110011010111110110001001110101011100100111001101110100,b111010001100101011100110111010000110011010111110110001001110101011100100111001101110100,b11111010000,b111010001100101011100110111010000110011010111110110001001110101011100100111001101110100,b100111000100000
8620000,b11110111,1,b111111111111111,1,0,1,0,1,1,0,0,b1111111100000000,b1000,b1001,1,1,0,b1111111100000000,b1,b1,b1010010110100101,1,b10,b111111111111111,b1,1,b11110111,b10,b1111111000000000,b1110100011001010111001101110100010111110111001001111000010111110110001101101111011011010111000001101100011001010111010001100101,b111010001100101011100110111010000110011010111110110001001110101011100100111001101110100,b111010001100101011100110111010000110011010111110110001001110101011100100111001101110100,b11111010000,b111010001100101011100110111010000110011010111110110001001110101011100100111001101110100,b100111000100000
8630000,b11110111,1,b111111111111111,1,0,1,1,1,1,0,0,b1111111100000000,b1000,b1001,1,1,0,b1111111100000000,b1,b10,b1010010110100101,1,b10,b111111111111111,b1,1,b11110111,b10,b1111111000000000,b1110100011001010111001101110100010111110111001001111000010111110110001101101111011011010111000001101100011001010111010001100101,b111010001100101011100110111010000110011010111110110001001110101011100100111001101110100,b111010001100101011100110111010000110011010111110110001001110101011100100111001101110100,b11111010000,b111010001100101011100110111010000110011010111110110001001110101011100100111001101110100,b100111000100000
8640000,b11110111,1,b111111111111111,1,0,1,0,1,1,0,0,b1111111100000000,b1000,b1010,1,1,0,b1111111100000000,b1,b10,b1010010110100101,1,b10,b111111111111111,b1,1,b11110111,b10,b1111111000000000,b1110100011001010111001101110100010111110111001001111000010111110110001101101111011011010111000001101100011001010111010001100101,b111010001100101011100110111010000110011010111110110001001110101011100100111001101110100,b111010001100101011100110111010000110011010111110110001001110101011100100111001101110100,b11111010000,b111010001100101011100110111010000110011010111110110001001110101011100100111001101110100,b100111000100000
8650000,b11110111,1,b111111111111111,1,0,1,1,1,1,0,0,b1111111100000000,b1000,b1010,1,1,0,b1111111100000000,b1,b11,b1010010110100101,1,b10,b111111111111111,b1,1,b11110111,b10,b1111111000000000,b1110100011001010111001101110100010111110111001001111000010111110110001101101111011011010111000001101100011001010111010001100101,b111010001100101011100110111010000110011010111110110001001110101011100100111001101110100,b111010001100101011100110111010000110011010111110110001001110101011100100111001101110100,b11111010000,b111010001100101011100110111010000110011010111110110001001110101011100100111001101110100,b100111000100000
8660000,b11110111,1,b111111111111111,1,0,1,0,1,1,0,0,b1111111100000000,b1000,b1011,1,1,0,b1111111100000000,b1,b11,b1010010110100101,1,b10,b111111111111111,b1,1,b11110111,b10,b1111111000000000,b1110100011001010111001101110100010111110111001001111000010111110110001101101111011011010111000001101100011001010111010001100101,b111010001100101011100110111010000110011010111110110001001110101011100100111001101110100,b111010001100101011100110111010000110011010111110110001001110101011100100111001101110100,b11111010000,b111010001100101011100110111010000110011010111110110001001110101011100100111001101110100,b100111000100000
8670000,b11110111,1,b111111111111111,1,0,1,1,1,1,0,0,b1111111100000000,b1000,b1011,1,1,0,b1111111100000000,b1,b0,b1010010110100101,1,b10,b111111111111111,b1,0,b11110111,b10,b1111111000000000,b1110100011001010111001101110100010111110111001001111000010111110110001101101111011011010111000001101100011001010111010001100101,b111010001100101011100110111010000110011010111110110001001110101011100100111001101110100,b111010001100101011100110111010000110011010111110110001001110101011100100111001101110100,b11111010000,b111010001100101011100110111010000110011010111110110001001110101011100100111001101110100,b100111000100000
8680000,b11110111,1,b111111111111111,1,0,1,0,1,1,0,0,b1111111100000000,b1000,b1100,1,1,0,b1111111100000000,b1,b0,b1010010110100101,1,b10,b111111111111111,b1,0,b11110111,b10,b1111111000000000,b1110100011001010111001101110100010111110111001001111000010111110110001101101111011011010111000001101100011001010111010001100101,b111010001100101011100110111010000110011010111110110001001110101011100100111001101110100,b111010001100101011100110111010000110011010111110110001001110101011100100111001101110100,b11111010000,b111010001100101011100110111010000110011010111110110001001110101011100100111001101110100,b100111000100000
8690000,b11110111,0,b111111111111111,1,0,1,1,1,1,0,0,b1111111100000000,b1000,b1100,1,1,0,b1111111100000000,b10,b1,b1010010110100101,0,b10,b111111111111111,b1,0,b11110111,b10,b1111110000000000,b1110100011001010111001101110100010111110111001001111000010111110110001101101111011011010111000001101100011001010111010001100101,b111010001100101011100110111010000110011010111110110001001110101011100100111001101110100,b111010001100101011100110111010000110011010111110110001001110101011100100111001101110100,b11111010000,b111010001100101011100110111010000110011010111110110001001110101011100100111001101110100,b100111000100000
8700000,b11110111,0,b111111111111111,1,0,1,0,1,1,0,0,b1111111100000000,b1000,b1101,1,1,0,b1111111100000000,b10,b1,b1010010110100101,0,b10,b111111111111111,b1,0,b11110111,b10,b1111110000000000,b1110100011001010111001101110100010111110111001001111000010111110110001101101111011011010111000001101100011001010111010001100101,b111010001100101011100110111010000110011010111110110001001110101011100100111001101110100,b111010001100101011100110111010000110011010111110110001001110101011100100111001101110100,b11111010000,b111010001100101011100110111010000110011010111110110001001110101011100100111001101110100,b100111000100000
8710000,b11110111,0,b111111111111111,1,0,1,1,1,1,0,0,b1111111100000000,b1000,b1101,1,1,0,b1111111100000000,b10,b10,b1010010110100101,0,b10,b111111111111111,b1,0,b11110111,b10,b1111110000000000,b1110100011001010111001101110100010111110111001001111000010111110110001101101111011011010111000001101100011001010111010001100101,b111010001100101011100110111010000110011010111110110001001110101011100100111001101110100,b111010001100101011100110111010000110011010111110110001001110101011100100111001101110100,b11111010000,b111010001100101011100110111010000110011010111110110001001110101011100100111001101110100,b100111000100000
8720000,b11110111,0,b111111111111111,1,0,1,0,1,1,0,0,b1111111100000000,b1000,b1110,1,1,0,b1111111100000000,b10,b10,b1010010110100101,0,b10,b111111111111111,b1,0,b11110111,b10,b1111110000000000,b1110100011001010111001101110100010111110111001001111000010111110110001101101111011011010111000001101100011001010111010001100101,b111010001100101011100110111010000110011010111110110001001110101011100100111001101110100,b111010001100101011100110111010000110011010111110110001001110101011100100111001101110100,b11111010000,b111010001100101011100110111010000110011010111110110001001110101011100100111001101110100,b100111000100000
8730000,b11110111,0,b111111111111111,1,0,1,1,1,1,0,0,b1111111100000000,b1000,b1110,1,1,0,b1111111100000000,b10,b11,b1010010110100101,0,b10,b111111111111111,b1,0,b11110111,b10,b1111110000000000,b1110100011001010111001101110100010111110111001001111000010111110110001101101111011011010111000001101100011001010111010001100101,b111010001100101011100110111010000110011010111110110001001110101011100100111001101110100,b111010001100101011100110111010000110011010111110110001001110101011100100111001101110100,b11111010000,b111010001100101011100110111010000110011010111110110001001110101011100100111001101110100,b100111000100000
8740000,b11110111,0,b111111111111111,1,0,1,0,1,1,0,0,b1111111100000000,b1000,b1111,1,1,0,b1111111100000000,b10,b11,b1010010110100101,0,b10,b111111111111111,b1,0,b11110111,b10,b1111110000000000,b1110100011001010111001101110100010111110111001001111000010111110110001101101111011011010111000001101100011001010111010001100101,b111010001100101011100110111010000110011010111110110001001110101011100100111001101110100,b111010001100101011100110111010000110011010111110110001001110101011100100111001101110100,b11111010000,b111010001100101011100110111010000110011010111110110001001110101011100100111001101110100,b100111000100000
8750000,b11110111,0,b111111111111111,1,0,1,1,1,1,0,0,b1111111100000000,b1000,b1111,1,1,0,b1111111100000000,b10,b0,b1010010110100101,0,b10,b111111111111111,b1,1,b11110111,b10,b1111110000000000,b1110100011001010111001101110100010111110111001001111000010111110110001101101111011011010111000001101100011001010111010001100101,b111010001100101011100110111010000110011010111110110001001110101011100100111001101110100,b111010001100101011100110111010000110011010111110110001001110101011100100111001101110100,b11111010000,b111010001100101011100110111010000110011010111110110001001110101011100100111001101110100,b100111000100000
8760000,b11110111,0,b111111111111111,1,0,1,0,1,1,0,0,b1111111100000000,b1000,b10000,1,1,0,b1111111100000000,b10,b0,b1010010110100101,0,b10,b111111111111111,b1,1,b11110111,b10,b1111110000000000,b1110100011001010111001101110100010111110111001001111000010111110110001101101111011011010111000001101100011001010111010001100101,b111010001100101011100110111010000110011010111110110001001110101011100100111001101110100,b111010001100101011100110111010000110011010111110110001001110101011100100111001101110100,b11111010000,b111010001100101011100110111010000110011010111110110001001110101011100100111001101110100,b100111000100000
8770000,b11110111,1,b111111111111111,1,0,1,1,1,1,0,0,b1111111100000000,b1000,b10000,1,1,0,b1111111100000000,b10,b1,b1010010110100101,1,b10,b111111111111111,b11,1,b11110111,b10,b1111110000000000,b1110100011001010111001101110100010111110111001001111000010111110110001101101111011011010111000001101100011001010111010001100101,b111010001100101011100110111010000110011010111110110001001110101011100100111001101110100,b111010001100101011100110111010000110011010111110110001001110101011100100111001101110100,b11111010000,b111010001100101011100110111010000110011010111110110001001110101011100100111001101110100,b100111000100000
8780000,b11110111,1,b111111111111111,1,0,1,0,1,1,0,0,b1111111100000000,b1000,b10001,1,1,0,b1111111100000000,b10,b1,b1010010110100101,1,b10,b111111111111111,b11,1,b11110111,b10,b1111110000000000,b1110100011001010111001101110100010111110111001001111000010111110110001101101111011011010111000001101100011001010111010001100101,b111010001100101011100110111010000110011010111110110001001110101011100100111001101110100,b111010001100101011100110111010000110011010111110110001001110101011100100111001101110100,b11111010000,b111010001100101011100110111010000110011010111110110001001110101011100100111001101110100,b100111000100000
8790000,b11110111,1,b111111111111111,1,0,1,1,1,1,0,0,b1111111100000000,b1000,b10001,1,1,0,b1111111100000000,b10,b10,b1010010110100101,1,b10,b111111111111111,b11,1,b11110111,b10,b1111110000000000,b1110100011001010111001101110100010111110111001001111000010111110110001101101111011011010111000001101100011001010111010001100101,b111010001100101011100110111010000110011010111110110001001110101011100100111001101110100,b111010001100101011100110111010000110011010111110110001001110101011100100111001101110100,b11111010000,b111010001100101011100110111010000110011010111110110001001110101011100100111001101110100,b100111000100000
8800000,b11110111,1,b111111111111111,1,0,1,0,1,1,0,0,b1111111100000000,b1000,b10010,1,1,0,b1111111100000000,b10,b10,b1010010110100101,1,b10,b111111111111111,b11,1,b11110111,b10,b1111110000000000,b1110100011001010111001101110100010111110111001001111000010111110110001101101111011011010111000001101100011001010111010001100101,b111010001100101011100110111010000110011010111110110001001110101011100100111001101110100,b111010001100101011100110111010000110011010111110110001001110101011100100111001101110100,b11111010000,b111010001100101011100110111010000110011010111110110001001110101011100100111001101110100,b100111000100000
8810000,b11110111,1,b111111111111111,1,0,1,1,1,1,0,0,b1111111100000000,b1000,b10010,1,1,0,b1111111100000000,b10,b11,b1010010110100101,1,b10,b111111111111111,b11,1,b11110111,b10,b1111110000000000,b1110100011001010111001101110100010111110111001001111000010111110110001101101111011011010111000001101100011001010111010001100101,b111010001100101011100110111010000110011010111110110001001110101011100100111001101110100,b111010001100101011100110111010000110011010111110110001001110101011100100111001101110100,b11111010000,b111010001100101011100110111010000110011010111110110001001110101011100100111001101110100,b100111000100000
8820000,b11110111,1,b111111111111111,1,0,1,0,1,1,0,0,b1111111100000000,b1000,b10011,1,1,0,b1111111100000000,b10,b11,b1010010110100101,1,b10,b111111111111111,b11,1,b11110111,b10,b1111110000000000,b1110100011001010111001101110100010111110111001001111000010111110110001101101111011011010111000001101100011001010111010001100101,b111010001100101011100110111010000110011010111110110001001110101011100100111001101110100,b111010001100101011100110111010000110011010111110110001001110101011100100111001101110100,b11111010000,b111010001100101011100110111010000110011010111110110001001110101011100100111001101110100,b100111000100000
8830000,b11110111,1,b111111111111111,1,0,1,1,1,1,0,0,b1111111100000000,b1000,b10011,1,1,0,b1111111100000000,b10,b0,b1010010110100101,1,b10,b111111111111111,b11,0,b11110111,b10,b1111110000000000,b1110100011001010111001101110100010111110111001001111000010111110110001101101111011011010111000001101100011001010111010001100101,b111010001100101011100110111010000110011010111110110001001110101011100100111001101110100,b111010001100101011100110111010000110011010111110110001001110101011100100111001101110100,b11111010000,b111010001100101011100110111010000110011010111110110001001110101011100100111001101110100,b100111000100000
8840000,b11110111,1,b111111111111111,1,0,1,0,1,1,0,0,b1111111100000000,b1000,b10100,1,1,0,b1111111100000000,b10,b0,b1010010110100101,1,b10,b111111111111111,b11,0,b11110111,b10,b1111110000000000,b1110100011001010111001101110100010111110111001001111000010111110110001101101111011011010111000001101100011001010111010001100101,b111010001100101011100110111010000110011010111110110001001110101011100100111001101110100,b111010001100101011100110111010000110011010111110110001001110101011100100111001101110100,b11111010000,b111010001100101011100110111010000110011010111110110001001110101011100100111001101110100,b100111000100000
8850000,b11110111,0,b111111111111111,1,0,1,1,1,1,0,0,b1111111100000000,b1000,b10100,1,1,0,b1111111100000000,b11,b1,b1010010110100101,0,b10,b111111111111111,b11,0,b11110111,b10,b1111100000000000,b1110100011001010111001101110100010111110111001001111000010111110110001101101111011011010111000001101100011001010111010001100101,b111010001100101011100110111010000110011010111110110001001110101011100100111001101110100,b111010001100101011100110111010000110011010111110110001001110101011100100111001101110100,b11111010000,b111010001100101011100110111010000110011010111110110001001110101011100100111001101110100,b100111000100000
8860000,b11110111,0,b111111111111111,1,0,1,0,1,1,0,0,b1111111100000000,b1000,b10101,1,1,0,b1111111100000000,b11,b1,b1010010110100101,0,b10,b111111111111111,b11,0,b11110111,b10,b1111100000000000,b1110100011001010111001101110100010111110111001001111000010111110110001101101111011011010111000001101100011001010111010001100101,b111010001100101011100110111010000110011010111110110001001110101011100100111001101110100,b111010001100101011100110111010000110011010111110110001001110101011100100111001101110100,b11111010000,b111010001100101011100110111010000110011010111110110001001110101011100100111001101110100,b100111000100000
8870000,b11110111,0,b111111111111111,1,0,1,1,1,1,0,0,b1111111100000000,b1000,b10101,1,1,0,b1111111100000000,b11,b10,b1010010110100101,0,b10,b111111111111111,b11,0,b11110111,b10,b1111100000000000,b1110100011001010111001101110100010111110111001001111000010111110110001101101111011011010111000001101100011001010111010001100101,b111010001100101011100110111010000110011010111110110001001110101011100100111001101110100,b111010001100101011100110111010000110011010111110110001001110101011100100111001101110100,b11111010000,b111010001100101011100110111010000110011010111110110001001110101011100100111001101110100,b100111000100000
8880000,b11110111,0,b111111111111111,1,0,1,0,1,1,0,0,b1111111100000000,b1000,b10110,1,1,0,b1111111100000000,b11,b10,b1010010110100101,0,b10,b111111111111111,b11,0,b11110111,b10,b1111100000000000,b1110100011001010111001101110100010111110111001001111000010111110110001101101111011011010111000001101100011001010111010001100101,b111010001100101011100110111010000110011010111110110001001110101011100100111001101110100,b111010001100101011100110111010000110011010111110110001001110101011100100111001101110100,b11111010000,b111010001100101011100110111010000110011010111110110001001110101011100100111001101110100,b100111000100000
8890000,b11110111,0,b111111111111111,1,0,1,1,1,1,0,0,b1111111100000000,b1000,b10110,1,1,0,b1111111100000000,b11,b11,b1010010110100101,0,b10,b111111111111111,b11,0,b11110111,b10,b1111100000000000,b1110100011001010111001101110100010111110111001001111000010111110110001101101111011011010111000001101100011001010111010001100101,b111010001100101011100110111010000110011010111110110001001110101011100100111001101110100,b111010001100101011100110111010000110011010111110110001001110101011100100111001101110100,b11111010000,b111010001100101011100110111010000110011010111110110001001110101011100100111001101110100,b100111000100000
8900000,b11110111,0,b111111111111111,1,0,1,0,1,1,0,0,b1111111100000000,b1000,b10111,1,1,0,b1111111100000000,b11,b11,b1010010110100101,0,b10,b111111111111111,b11,0,b11110111,b10,b1111100000000000,b1110100011001010111001101110100010111110111001001111000010111110110001101101111011011010111000001101100011001010111010001100101,b111010001100101011100110111010000110011010111110110001001110101011100100111001101110100,b111010001100101011100110111010000110011010111110110001001110101011100100111001101110100,b11111010000,b111010001100101011100110111010000110011010111110110001001110101011100100111001101110100,b100111000100000
8910000,b11110111,0,b111111111111111,1,0,1,1,1,1,0,0,b1111111100000000,b1000,b10111,1,1,0,b1111111100000000,b11,b0,b1010010110100101,0,b10,b111111111111111,b11,1,b11110111,b10,b1111100000000000,b1110100011001010111001101110100010111110111001001111000010111110110001101101111011011010111000001101100011001010111010001100101,b111010001100101011100110111010000110011010111110110001001110101011100100111001101110100,b111010001100101011100110111010000110011010111110110001001110101011100100111001101110100,b11111010000,b111010001100101011100110111010000110011010111110110001001110101011100100111001101110100,b100111000100000
8920000,b11110111,0,b111111111111111,1,0,1,0,1,1,0,0,b1111111100000000,b1000,b11000,1,1,0,b1111111100000000,b11,b0,b1010010110100101,0,b10,b111111111111111,b11,1,b11110111,b10,b1111100000000000,b1110100011001010111001101110100010111110111001001111000010111110110001101101111011011010111000001101100011001010111010001100101,b111010001100101011100110111010000110011010111110110001001110101011100100111001101110100,b111010001100101011100110111010000110011010111110110001001110101011100100111001101110100,b11111010000,b111010001100101011100110111010000110011010111110110001001110101011100100111001101110100,b100111000100000
8930000,b11110111,1,b111111111111111,1,0,1,1,1,1,0,0,b1111111100000000,b1000,b11000,1,1,0,b1111111100000000,b11,b1,b1010010110100101,1,b10,b111111111111111,b111,1,b11110111,b10,b1111100000000000,b1110100011001010111001101110100010111110111001001111000010111110110001101101111011011010111000001101100011001010111010001100101,b111010001100101011100110111010000110011010111110110001001110101011100100111001101110100,b111010001100101011100110111010000110011010111110110001001110101011100100111001101110100,b11111010000,b111010001100101011100110111010000110011010111110110001001110101011100100111001101110100,b100111000100000
8940000,b11110111,1,b111111111111111,1,0,1,0,1,1,0,0,b1111111100000000,b1000,b11001,1,1,0,b1111111100000000,b11,b1,b1010010110100101,1,b10,b111111111111111,b111,1,b11110111,b10,b1111100000000000,b1110100011001010111001101110100010111110111001001111000010111110110001101101111011011010111000001101100011001010111010001100101,b111010001100101011100110111010000110011010111110110001001110101011100100111001101110100,b111010001100101011100110111010000110011010111110110001001110101011100100111001101110100,b11111010000,b111010001100101011100110111010000110011010111110110001001110101011100100111001101110100,b100111000100000
8950000,b11110111,1,b111111111111111,1,0,1,1,1,1,0,0,b1111111100000000,b1000,b11001,1,1,0,b1111111100000000,b11,b10,b1010010110100101,1,b10,b111111111111111,b111,1,b11110111,b10,b1111100000000000,b1110100011001010111001101110100010111110111001001111000010111110110001101101111011011010111000001101100011001010111010001100101,b111010001100101011100110111010000110011010111110110001001110101011100100111001101110100,b111010001100101011100110111010000110011010111110110001001110101011100100111001101110100,b11111010000,b111010001100101011100110111010000110011010111110110001001110101011100100111001101110100,b100111000100000
8960000,b11110111,1,b111111111111111,1,0,1,0,1,1,0,0,b1111111100000000,b1000,b11010,1,1,0,b1111111100000000,b11,b10,b1010010110100101,1,b10,b111111111111111,b111,1,b11110111,b10,b1111100000000000,b1110100011001010111001101110100010111110111001001111000010111110110001101101111011011010111000001101100011001010111010001100101,b111010001100101011100110111010000110011010111110110001001110101011100100111001101110100,b111010001100101011100110111010000110011010111110110001001110101011100100111001101110100,b11111010000,b111010001100101011100110111010000110011010111110110001001110101011100100111001101110100,b100111000100000
8970000,b11110111,1,b111111111111111,1,0,1,1,1,1,0,0,b1111111100000000,b1000,b11010,1,1,0,b1111111100000000,b11,b11,b1010010110100101,1,b10,b111111111111111,b111,1,b11110111,b10,b1111100000000000,b1110100011001010111001101110100010111110111001001111000010111110110001101101111011011010111000001101100011001010111010001100101,b111010001100101011100110111010000110011010111110110001001110101011100100111001101110100,b111010001100101011100110111010000110011010111110110001001110101011100100111001101110100,b11111010000,b111010001100101011100110111010000110011010111110110001001110101011100100111001101110100,b100111000100000
8980000,b11110111,1,b111111111111111,1,0,1,0,1,1,0,0,b1111111100000000,b1000,b11011,1,1,0,b1111111100000000,b11,b11,b1010010110100101,1,b10,b111111111111111,b111,1,b11110111,b10,b1111100000000000,b1110100011001010111001101110100010111110111001001111000010111110110001101101111011011010111000001101100011001010111010001100101,b111010001100101011100110111010000110011010111110110001001110101011100100111001101110100,b111010001100101011100110111010000110011010111110110001001110101011100100111001101110100,b11111010000,b111010001100101011100110111010000110011010111110110001001110101011100100111001101110100,b100111000100000
8990000,b11110111,1,b111111111111111,1,0,1,1,1,1,0,0,b1111111100000000,b1000,b11011,1,1,0,b1111111100000000,b11,b0,b1010010110100101,1,b10,b111111111111111,b111,0,b11110111,b10,b1111100000000000,b1110100011001010111001101110100010111110111001001111000010111110110001101101111011011010111000001101100011001010111010001100101,b111010001100101011100110111010000110011010111110110001001110101011100100111001101110100,b111010001100101011100110111010000110011010111110110001001110101011100100111001101110100,b11111010000,b111010001100101011100110111010000110011010111110110001001110101011100100111001101110100,b100111000100000
9000000,b11110111,1,b111111111111111,1,0,1,0,1,1,0,0,b1111111100000000,b1000,b11100,1,1,0,b1111111100000000,b11,b0,b1010010110100101,1,b10,b111111111111111,b111,0,b11110111,b10,b1111100000000000,b1110100011001010111001101110100010111110111001001111000010111110110001101101111011011010111000001101100011001010111010001100101,b111010001100101011100110111010000110011010111110110001001110101011100100111001101110100,b111010001100101011100110111010000110011010111110110001001110101011100100111001101110100,b11111010000,b111010001100101011100110111010000110011010111110110001001110101011100100111001101110100,b100111000100000
9010000,b11110111,0,b111111111111111,1,0,1,1,1,1,0,0,b1111111100000000,b1000,b11100,1,1,0,b1111111100000000,b100,b1,b1010010110100101,0,b10,b111111111111111,b111,0,b11110111,b10,b1111000000000000,b1110100011001010111001101110100010111110111001001111000010111110110001101101111011011010111000001101100011001010111010001100101,b111010001100101011100110111010000110011010111110110001001110101011100100111001101110100,b111010001100101011100110111010000110011010111110110001001110101011100100111001101110100,b11111010000,b111010001100101011100110111010000110011010111110110001001110101011100100111001101110100,b100111000100000
9020000,b11110111,0,b111111111111111,1,0,1,0,1,1,0,0,b1111111100000000,b1000,b11101,1,1,0,b1111111100000000,b100,b1,b1010010110100101,0,b10,b111111111111111,b111,0,b11110111,b10,b1111000000000000,b1110100011001010111001101110100010111110111001001111000010111110110001101101111011011010111000001101100011001010111010001100101,b111010001100101011100110111010000110011010111110110001001110101011100100111001101110100,b111010001100101011100110111010000110011010111110110001001110101011100100111001101110100,b11111010000,b111010001100101011100110111010000110011010111110110001001110101011100100111001101110100,b100111000100000
9030000,b11110111,0,b111111111111111,1,0,1,1,1,1,0,0,b1111111100000000,b1000,b11101,1,1,0,b1111111100000000,b100,b10,b1010010110100101,0,b10,b111111111111111,b111,0,b11110111,b10,b1111000000000000,b1110100011001010111001101110100010111110111001001111000010111110110001101101111011011010111000001101100011001010111010001100101,b111010001100101011100110111010000110011010111110110001001110101011100100111001101110100,b111010001100101011100110111010000110011010111110110001001110101011100100111001101110100,b11111010000,b111010001100101011100110111010000110011010111110110001001110101011100100111001101110100,b100111000100000
9040000,b11110111,0,b111111111111111,1,0,1,0,1,1,0,0,b1111111100000000,b1000,b11110,1,1,0,b1111111100000000,b100,b10,b1010010110100101,0,b10,b111111111111111,b111,0,b11110111,b10,b1111000000000000,b1110100011001010111001101110100010111110111001001111000010111110110001101101111011011010111000001101100011001010111010001100101,b111010001100101011100110111010000110011010111110110001001110101011100100111001101110100,b111010001100101011100110111010000110011010111110110001001110101011100100111001101110100,b11111010000,b111010001100101011100110111010000110011010111110110001001110101011100100111001101110100,b100111000100000
9050000,b11110111,0,b111111111111111,1,0,1,1,1,1,0,0,b1111111100000000,b1000,b11110,1,1,0,b1111111100000000,b100,b11,b1010010110100101,0,b10,b111111111111111,b111,0,b11110111,b10,b1111000000000000,b1110100011001010111001101110100010111110111001001111000010111110110001101101111011011010111000001101100011001010111010001100101,b111010001100101011100110111010000110011010111110110001001110101011100100111001101110100,b111010001100101011100110111010000110011010111110110001001110101011100100111001101110100,b11111010000,b111010001100101011100110111010000110011010111110110001001110101011100100111001101110100,b100111000100000
9060000,b11110111,0,b111111111111111,1,0,1,0,1,1,0,0,b1111111100000000,b1000,b11111,1,1,0,b1111111100000000,b100,b11,b1010010110100101,0,b10,b111111111111111,b111,0,b11110111,b10,b1111000000000000,b1110100011001010111001101110100010111110111001001111000010111110110001101101111011011010111000001101100011001010111010001100101,b111010001100101011100110111010000110011010111110110001001110101011100100111001101110100,b111010001100101011100110111010000110011010111110110001001110101011100100111001101110100,b11111010000,b111010001100101011100110111010000110011010111110110001001110101011100100111001101110100,b100111000100000
9070000,b11110111,0,b111111111111111,1,0,1,1,1,1,0,0,b1111111100000000,b1000,b11111,1,1,0,b1111111100000000,b100,b0,b1010010110100101,0,b10,b111111111111111,b111,1,b11110111,b10,b1111000000000000,b1110100011001010111001101110100010111110111001001111000010111110110001101101111011011010111000001101100011001010111010001100101,b111010001100101011100110111010000110011010111110110001001110101011100100111001101110100,b111010001100101011100110111010000110011010111110110001001110101011100100111001101110100,b11111010000,b111010001100101011100110111010000110011010111110110001001110101011100100111001101110100,b100111000100000
9080000,b11110111,0,b111111111111111,1,0,1,0,1,1,0,0,b1111111100000000,b1000,b100000,1,1,0,b1111111100000000,b100,b0,b1010010110100101,0,b10,b111111111111111,b111,1,b11110111,b10,b1111000000000000,b1110100011001010111001101110100010111110111001001111000010111110110001101101111011011010111000001101100011001010111010001100101,b111010001100101011100110111010000110011010111110110001001110101011100100111001101110100,b111010001100101011100110111010000110011010111110110001001110101011100100111001101110100,b11111010000,b111010001100101011100110111010000110011010111110110001001110101011100100111001101110100,b100111000100000
9090000,b11110111,1,b111111111111111,1,0,1,1,1,1,0,0,b1111111100000000,b1000,b100000,1,1,0,b1111111100000000,b100,b1,b1010010110100101,1,b10,b111111111111111,b1111,1,b11110111,b10,b1111000000000000,b1110100011001010111001101110100010111110111001001111000010111110110001101101111011011010111000001101100011001010111010001100101,b111010001100101011100110111010000110011010111110110001001110101011100100111001101110100,b111010001100101011100110111010000110011010111110110001001110101011100100111001101110100,b11111010000,b111010001100101011100110111010000110011010111110110001001110101011100100111001101110100,b100111000100000
9100000,b11110111,1,b111111111111111,1,0,1,0,1,1,0,0,b1111111100000000,b1000,b100001,1,1,0,b1111111100000000,b100,b1,b1010010110100101,1,b10,b111111111111111,b1111,1,b11110111,b10,b1111000000000000,b1110100011001010111001101110100010111110111001001111000010111110110001101101111011011010111000001101100011001010111010001100101,b111010001100101011100110111010000110011010111110110001001110101011100100111001101110100,b111010001100101011100110111010000110011010111110110001001110101011100100111001101110100,b11111010000,b111010001100101011100110111010000110011010111110110001001110101011100100111001101110100,b100111000100000
9110000,b11110111,1,b111111111111111,1,0,1,1,1,1,0,0,b1111111100000000,b1000,b100001,1,1,0,b1111111100000000,b100,b10,b1010010110100101,1,b10,b111111111111111,b1111,1,b11110111,b10,b1111000000000000,b1110100011001010111001101110100010111110111001001111000010111110110001101101111011011010111000001101100011001010111010001100101,b111010001100101011100110111010000110011010111110110001001110101011100100111001101110100,b111010001100101011100110111010000110011010111110110001001110101011100100111001101110100,b11111010000,b111010001100101011100110111010000110011010111110110001001110101011100100111001101110100,b100111000100000
9120000,b11110111,1,b111111111111111,1,0,1,0,1,1,0,0,b1111111100000000,b1000,b100010,1,1,0,b1111111100000000,b100,b10,b1010010110100101,1,b10,b111111111111111,b1111,1,b11110111,b10,b1111000000000000,b1110100011001010111001101110100010111110111001001111000010111110110001101101111011011010111000001101100011001010111010001100101,b111010001100101011100110111010000110011010111110110001001110101011100100111001101110100,b111010001100101011100110111010000110011010111110110001001110101011100100111001101110100,b11111010000,b111010001100101011100110111010000110011010111110110001001110101011100100111001101110100,b100111000100000
9130000,b11110111,1,b111111111111111,1,0,1,1,1,1,0,0,b1111111100000000,b1000,b100010,1,1,0,b1111111100000000,b100,b11,b1010010110100101,1,b10,b111111111111111,b1111,1,b11110111,b10,b1111000000000000,b1110100011001010111001101110100010111110111001001111000010111110110001101101111011011010111000001101100011001010111010001100101,b111010001100101011100110111010000110011010111110110001001110101011100100111001101110100,b111010001100101011100110111010000110011010111110110001001110101011100100111001101110100,b11111010000,b111010001100101011100110111010000110011010111110110001001110101011100100111001101110100,b100111000100000
9140000,b11110111,1,b111111111111111,1,0,1,0,1,1,0,0,b1111111100000000,b1000,b100011,1,1,0,b1111111100000000,b100,b11,b1010010110100101,1,b10,b111111111111111,b1111,1,b11110111,b10,b1111000000000000,b1110100011001010111001101110100010111110111001001111000010111110110001101101111011011010111000001101100011001010111010001100101,b111010001100101011100110111010000110011010111110110001001110101011100100111001101110100,b111010001100101011100110111010000110011010111110110001001110101011100100111001101110100,b11111010000,b111010001100101011100110111010000110011010111110110001001110101011100100111001101110100,b100111000100000
9150000,b11110111,1,b111111111111111,1,0,1,1,1,1,0,0,b1111111100000000,b1000,b100011,1,1,0,b1111111100000000,b100,b0,b1010010110100101,1,b10,b111111111111111,b1111,0,b11110111,b10,b1111000000000000,b1110100011001010111001101110100010111110111001001111000010111110110001101101111011011010111000001101100011001010111010001100101,b111010001100101011100110111010000110011010111110110001001110101011100100111001101110100,b111010001100101011100110111010000110011010111110110001001110101011100100111001101110100,b11111010000,b111010001100101011100110111010000110011010111110110001001110101011100100111001101110100,b100111000100000
9160000,b11110111,1,b111111111111111,1,0,1,0,1,1,0,0,b1111111100000000,b1000,b100100,1,1,0,b1111111100000000,b100,b0,b1010010110100101,1,b10,b111111111111111,b1111,0,b11110111,b10,b1111000000000000,b1110100011001010111001101110100010111110111001001111000010111110110001101101111011011010111000001101100011001010111010001100101,b111010001100101011100110111010000110011010111110110001001110101011100100111001101110100,b111010001100101011100110111010000110011010111110110001001110101011100100111001101110100,b11111010000,b111010001100101011100110111010000110011010111110110001001110101011100100111001101110100,b100111000100000
9170000,b11110111,0,b111111111111111,1,0,1,1,1,1,0,0,b1111111100000000,b1000,b100100,1,1,0,b1111111100000000,b101,b1,b1010010110100101,0,b10,b111111111111111,b1111,0,b11110111,b10,b1110000000000000,b1110100011001010111001101110100010111110111001001111000010111110110001101101111011011010111000001101100011001010111010001100101,b111010001100101011100110111010000110011010111110110001001110101011100100111001101110100,b111010001100101011100110111010000110011010111110110001001110101011100100111001101110100,b11111010000,b111010001100101011100110111010000110011010111110110001001110101011100100111001101110100,b100111000100000
9180000,b11110111,0,b111111111111111,1,0,1,0,1,1,0,0,b1111111100000000,b1000,b100101,1,1,0,b1111111100000000,b101,b1,b1010010110100101,0,b10,b111111111111111,b1111,0,b11110111,b10,b1110000000000000,b1110100011001010111001101110100010111110111001001111000010111110110001101101111011011010111000001101100011001010111010001100101,b111010001100101011100110111010000110011010111110110001001110101011100100111001101110100,b111010001100101011100110111010000110011010111110110001001110101011100100111001101110100,b11111010000,b111010001100101011100110111010000110011010111110110001001110101011100100111001101110100,b100111000100000
9190000,b11110111,0,b111111111111111,1,0,1,1,1,1,0,0,b1111111100000000,b1000,b100101,1,1,0,b1111111100000000,b101,b10,b1010010110100101,0,b10,b111111111111111,b1111,0,b11110111,b10,b1110000000000000,b1110100011001010111001101110100010111110111001001111000010111110110001101101111011011010111000001101100011001010111010001100101,b111010001100101011100110111010000110011010111110110001001110101011100100111001101110100,b111010001100101011100110111010000110011010111110110001001110101011100100111001101110100,b11111010000,b111010001100101011100110111010000110011010111110110001001110101011100100111001101110100,b100111000100000
9200000,b11110111,0,b111111111111111,1,0,1,0,1,1,0,0,b1111111100000000,b1000,b100110,1,1,0,b1111111100000000,b101,b10,b1010010110100101,0,b10,b111111111111111,b1111,0,b11110111,b10,b1110000000000000,b1110100011001010111001101110100010111110111001001111000010111110110001101101111011011010111000001101100011001010111010001100101,b111010001100101011100110111010000110011010111110110001001110101011100100111001101110100,b111010001100101011100110111010000110011010111110110001001110101011100100111001101110100,b11111010000,b111010001100101011100110111010000110011010111110110001001110101011100100111001101110100,b100111000100000
9210000,b11110111,0,b111111111111111,1,0,1,1,1,1,0,0,b1111111100000000,b1000,b100110,1,1,0,b1111111100000000,b101,b11,b1010010110100101,0,b10,b111111111111111,b1111,0,b11110111,b10,b1110000000000000,b1110100011001010111001101110100010111110111001001111000010111110110001101101111011011010111000001101100011001010111010001100101,b111010001100101011100110111010000110011010111110110001001110101011100100111001101110100,b111010001100101011100110111010000110011010111110110001001110101011100100111001101110100,b11111010000,b111010001100101011100110111010000110011010111110110001001110101011100100111001101110100,b100111000100000
9220000,b11110111,0,b111111111111111,1,0,1,0,1,1,0,0,b1111111100000000,b1000,b100111,1,1,0,b1111111100000000,b101,b11,b1010010110100101,0,b10,b111111111111111,b1111,0,b11110111,b10,b1110000000000000,b1110100011001010111001101110100010111110111001001111000010111110110001101101111011011010111000001101100011001010111010001100101,b111010001100101011100110111010000110011010111110110001001110101011100100111001101110100,b111010001100101011100110111010000110011010111110110001001110101011100100111001101110100,b11111010000,b111010001100101011100110111010000110011010111110110001001110101011100100111001101110100,b100111000100000
9230000,b11110111,0,b111111111111111,1,0,1,1,1,1,0,0,b1111111100000000,b1000,b100111,1,1,0,b1111111100000000,b101,b0,b1010010110100101,0,b10,b111111111111111,b1111,1,b11110111,b10,b1110000000000000,b1110100011001010111001101110100010111110111001001111000010111110110001101101111011011010111000001101100011001010111010001100101,b111010001100101011100110111010000110011010111110110001001110101011100100111001101110100,b111010001100101011100110111010000110011010111110110001001110101011100100111001101110100,b11111010000,b111010001100101011100110111010000110011010111110110001001110101011100100111001101110100,b100111000100000
9240000,b11110111,0,b111111111111111,1,0,1,0,1,1,0,0,b1111111100000000,b1000,b101000,1,1,0,b1111111100000000,b101,b0,b1010010110100101,0,b10,b111111111111111,b1111,1,b11110111,b10,b1110000000000000,b1110100011001010111001101110100010111110111001001111000010111110110001101101111011011010111000001101100011001010111010001100101,b111010001100101011100110111010000110011010111110110001001110101011100100111001101110100,b111010001100101011100110111010000110011010111110110001001110101011100100111001101110100,b11111010000,b111010001100101011100110111010000110011010111110110001001110101011100100111001101110100,b100111000100000
9250000,b11110111,1,b111111111111111,1,0,1,1,1,1,0,0,b1111111100000000,b1000,b101000,1,1,0,b1111111100000000,b101,b1,b1010010110100101,1,b10,b111111111111111,b11111,1,b11110111,b10,b1110000000000000,b1110100011001010111001101110100010111110111001001111000010111110110001101101111011011010111000001101100011001010111010001100101,b111010001100101011100110111010000110011010111110110001001110101011100100111001101110100,b111010001100101011100110111010000110011010111110110001001110101011100100111001101110100,b11111010000,b111010001100101011100110111010000110011010111110110001001110101011100100111001101110100,b100111000100000
9260000,b11110111,1,b111111111111111,1,0,1,0,1,1,0,0,b1111111100000000,b1000,b101001,1,1,0,b1111111100000000,b101,b1,b1010010110100101,1,b10,b111111111111111,b11111,1,b11110111,b10,b1110000000000000,b1110100011001010111001101110100010111110111001001111000010111110110001101101111011011010111000001101100011001010111010001100101,b111010001100101011100110111010000110011010111110110001001110101011100100111001101110100,b111010001100101011100110111010000110011010111110110001001110101011100100111001101110100,b11111010000,b111010001100101011100110111010000110011010111110110001001110101011100100111001101110100,b100111000100000
9270000,b11110111,1,b111111111111111,1,0,1,1,1,1,0,0,b1111111100000000,b1000,b101001,1,1,0,b1111111100000000,b101,b10,b1010010110100101,1,b10,b111111111111111,b11111,1,b11110111,b10,b1110000000000000,b1110100011001010111001101110100010111110111001001111000010111110110001101101111011011010111000001101100011001010111010001100101,b111010001100101011100110111010000110011010111110110001001110101011100100111001101110100,b111010001100101011100110111010000110011010111110110001001110101011100100111001101110100,b11111010000,b111010001100101011100110111010000110011010111110110001001110101011100100111001101110100,b100111000100000
9280000,b11110111,1,b111111111111111,1,0,1,0,1,1,0,0,b1111111100000000,b1000,b101010,1,1,0,b1111111100000000,b101,b10,b1010010110100101,1,b10,b111111111111111,b11111,1,b11110111,b10,b1110000000000000,b1110100011001010111001101110100010111110111001001111000010111110110001101101111011011010111000001101100011001010111010001100101,b111010001100101011100110111010000110011010111110110001001110101011100100111001101110100,b111010001100101011100110111010000110011010111110110001001110101011100100111001101110100,b11111010000,b111010001100101011100110111010000110011010111110110001001110101011100100111001101110100,b100111000100000
9290000,b11110111,1,b111111111111111,1,0,1,1,1,1,0,0,b1111111100000000,b1000,b101010,1,1,0,b1111111100000000,b101,b11,b1010010110100101,1,b10,b111111111111111,b11111,1,b11110111,b10,b1110000000000000,b1110100011001010111001101110100010111110111001001111000010111110110001101101111011011010111000001101100011001010111010001100101,b111010001100101011100110111010000110011010111110110001001110101011100100111001101110100,b111010001100101011100110111010000110011010111110110001001110101011100100111001101110100,b11111010000,b111010001100101011100110111010000110011010111110110001001110101011100100111001101110100,b100111000100000
9300000,b11110111,1,b111111111111111,1,0,1,0,1,1,0,0,b1111111100000000,b1000,b101011,1,1,0,b1111111100000000,b101,b11,b1010010110100101,1,b10,b111111111111111,b11111,1,b11110111,b10,b1110000000000000,b1110100011001010111001101110100010111110111001001111000010111110110001101101111011011010111000001101100011001010111010001100101,b111010001100101011100110111010000110011010111110110001001110101011100100111001101110100,b111010001100101011100110111010000110011010111110110001001110101011100100111001101110100,b11111010000,b111010001100101011100110111010000110011010111110110001001110101011100100111001101110100,b100111000100000
9310000,b11110111,1,b111111111111111,1,0,1,1,1,1,0,0,b1111111100000000,b1000,b101011,1,1,0,b1111111100000000,b101,b0,b1010010110100101,1,b10,b111111111111111,b11111,0,b11110111,b10,b1110000000000000,b1110100011001010111001101110100010111110111001001111000010111110110001101101111011011010111000001101100011001010111010001100101,b111010001100101011100110111010000110011010111110110001001110101011100100111001101110100,b111010001100101011100110111010000110011010111110110001001110101011100100111001101110100,b11111010000,b111010001100101011100110111010000110011010111110110001001110101011100100111001101110100,b100111000100000
9320000,b11110111,1,b111111111111111,1,0,1,0,1,1,0,0,b1111111100000000,b1000,b101100,1,1,0,b1111111100000000,b101,b0,b1010010110100101,1,b10,b111111111111111,b11111,0,b11110111,b10,b1110000000000000,b1110100011001010111001101110100010111110111001001111000010111110110001101101111011011010111000001101100011001010111010001100101,b111010001100101011100110111010000110011010111110110001001110101011100100111001101110100,b111010001100101011100110111010000110011010111110110001001110101011100100111001101110100,b11111010000,b111010001100101011100110111010000110011010111110110001001110101011100100111001101110100,b100111000100000
9330000,b11110111,0,b111111111111111,1,0,1,1,1,1,0,0,b1111111100000000,b1000,b101100,1,1,0,b1111111100000000,b110,b1,b1010010110100101,0,b10,b111111111111111,b11111,0,b11110111,b10,b1100000000000000,b1110100011001010111001101110100010111110111001001111000010111110110001101101111011011010111000001101100011001010111010001100101,b111010001100101011100110111010000110011010111110110001001110101011100100111001101110100,b111010001100101011100110111010000110011010111110110001001110101011100100111001101110100,b11111010000,b111010001100101011100110111010000110011010111110110001001110101011100100111001101110100,b100111000100000
9340000,b11110111,0,b111111111111111,1,0,1,0,1,1,0,0,b1111111100000000,b1000,b101101,1,1,0,b1111111100000000,b110,b1,b1010010110100101,0,b10,b111111111111111,b11111,0,b11110111,b10,b1100000000000000,b1110100011001010111001101110100010111110111001001111000010111110110001101101111011011010111000001101100011001010111010001100101,b111010001100101011100110111010000110011010111110110001001110101011100100111001101110100,b111010001100101011100110111010000110011010111110110001001110101011100100111001101110100,b11111010000,b111010001100101011100110111010000110011010111110110001001110101011100100111001101110100,b100111000100000
9350000,b11110111,0,b111111111111111,1,0,1,1,1,1,0,0,b1111111100000000,b1000,b101101,1,1,0,b1111111100000000,b110,b10,b1010010110100101,0,b10,b111111111111111,b11111,0,b11110111,b10,b1100000000000000,b1110100011001010111001101110100010111110111001001111000010111110110001101101111011011010111000001101100011001010111010001100101,b111010001100101011100110111010000110011010111110110001001110101011100100111001101110100,b111010001100101011100110111010000110011010111110110001001110101011100100111001101110100,b11111010000,b111010001100101011100110111010000110011010111110110001001110101011100100111001101110100,b100111000100000
9360000,b11110111,0,b111111111111111,1,0,1,0,1,1,0,0,b1111111100000000,b1000,b101110,1,1,0,b1111111100000000,b110,b10,b1010010110100101,0,b10,b111111111111111,b11111,0,b11110111,b10,b1100000000000000,b1110100011001010111001101110100010111110111001001111000010111110110001101101111011011010111000001101100011001010111010001100101,b111010001100101011100110111010000110011010111110110001001110101011100100111001101110100,b111010001100101011100110111010000110011010111110110001001110101011100100111001101110100,b11111010000,b111010001100101011100110111010000110011010111110110001001110101011100100111001101110100,b100111000100000
9370000,b11110111,0,b111111111111111,1,0,1,1,1,1,0,0,b1111111100000000,b1000,b101110,1,1,0,b1111111100000000,b110,b11,b1010010110100101,0,b10,b111111111111111,b11111,0,b11110111,b10,b1100000000000000,b1110100011001010111001101110100010111110111001001111000010111110110001101101111011011010111000001101100011001010111010001100101,b111010001100101011100110111010000110011010111110110001001110101011100100111001101110100,b111010001100101011100110111010000110011010111110110001001110101011100100111001101110100,b11111010000,b111010001100101011100110111010000110011010111110110001001110101011100100111001101110100,b100111000100000
9380000,b11110111,0,b111111111111111,1,0,1,0,1,1,0,0,b1111111100000000,b1000,b101111,1,1,0,b1111111100000000,b110,b11,b1010010110100101,0,b10,b111111111111111,b11111,0,b11110111,b10,b1100000000000000,b1110100011001010111001101110100010111110111001001111000010111110110001101101111011011010111000001101100011001010111010001100101,b111010001100101011100110111010000110011010111110110001001110101011100100111001101110100,b111010001100101011100110111010000110011010111110110001001110101011100100111001101110100,b11111010000,b111010001100101011100110111010000110011010111110110001001110101011100100111001101110100,b100111000100000
9390000,b11110111,0,b111111111111111,1,0,1,1,1,1,0,0,b1111111100000000,b1000,b101111,1,1,0,b1111111100000000,b110,b0,b1010010110100101,0,b10,b111111111111111,b11111,1,b11110111,b10,b1100000000000000,b1110100011001010111001101110100010111110111001001111000010111110110001101101111011011010111000001101100011001010111010001100101,b111010001100101011100110111010000110011010111110110001001110101011100100111001101110100,b111010001100101011100110111010000110011010111110110001001110101011100100111001101110100,b11111010000,b111010001100101011100110111010000110011010111110110001001110101011100100111001101110100,b100111000100000
9400000,b11110111,0,b111111111111111,1,0,1,0,1,1,0,0,b1111111100000000,b1000,b110000,1,1,0,b1111111100000000,b110,b0,b1010010110100101,0,b10,b111111111111111,b11111,1,b11110111,b10,b1100000000000000,b1110100011001010111001101110100010111110111001001111000010111110110001101101111011011010111000001101100011001010111010001100101,b111010001100101011100110111010000110011010111110110001001110101011100100111001101110100,b111010001100101011100110111010000110011010111110110001001110101011100100111001101110100,b11111010000,b111010001100101011100110111010000110011010111110110001001110101011100100111001101110100,b100111000100000
9410000,b11110111,1,b111111111111111,1,0,1,1,1,1,0,0,b1111111100000000,b1000,b110000,1,1,0,b1111111100000000,b110,b1,b1010010110100101,1,b10,b111111111111111,b111111,1,b11110111,b10,b1100000000000000,b1110100011001010111001101110100010111110111001001111000010111110110001101101111011011010111000001101100011001010111010001100101,b111010001100101011100110111010000110011010111110110001001110101011100100111001101110100,b111010001100101011100110111010000110011010111110110001001110101011100100111001101110100,b11111010000,b111010001100101011100110111010000110011010111110110001001110101011100100111001101110100,b100111000100000
9420000,b11110111,1,b111111111111111,1,0,1,0,1,1,0,0,b1111111100000000,b1000,b110001,1,1,0,b1111111100000000,b110,b1,b1010010110100101,1,b10,b111111111111111,b111111,1,b11110111,b10,b1100000000000000,b1110100011001010111001101110100010111110111001001111000010111110110001101101111011011010111000001101100011001010111010001100101,b111010001100101011100110111010000110011010111110110001001110101011100100111001101110100,b111010001100101011100110111010000110011010111110110001001110101011100100111001101110100,b11111010000,b111010001100101011100110111010000110011010111110110001001110101011100100111001101110100,b100111000100000
9430000,b11110111,1,b111111111111111,1,0,1,1,1,1,0,0,b1111111100000000,b1000,b110001,1,1,0,b1111111100000000,b110,b10,b1010010110100101,1,b10,b111111111111111,b111111,1,b11110111,b10,b1100000000000000,b1110100011001010111001101110100010111110111001001111000010111110110001101101111011011010111000001101100011001010111010001100101,b111010001100101011100110111010000110011010111110110001001110101011100100111001101110100,b111010001100101011100110111010000110011010111110110001001110101011100100111001101110100,b11111010000,b111010001100101011100110111010000110011010111110110001001110101011100100111001101110100,b100111000100000
9440000,b11110111,1,b111111111111111,1,0,1,0,1,1,0,0,b1111111100000000,b1000,b110010,1,1,0,b1111111100000000,b110,b10,b1010010110100101,1,b10,b111111111111111,b111111,1,b11110111,b10,b1100000000000000,b1110100011001010111001101110100010111110111001001111000010111110110001101101111011011010111000001101100011001010111010001100101,b111010001100101011100110111010000110011010111110110001001110101011100100111001101110100,b111010001100101011100110111010000110011010111110110001001110101011100100111001101110100,b11111010000,b111010001100101011100110111010000110011010111110110001001110101011100100111001101110100,b100111000100000
9450000,b11110111,1,b111111111111111,1,0,1,1,1,1,0,0,b1111111100000000,b1000,b110010,1,1,0,b1111111100000000,b110,b11,b1010010110100101,1,b10,b111111111111111,b111111,1,b11110111,b10,b1100000000000000,b1110100011001010111001101110100010111110111001001111000010111110110001101101111011011010111000001101100011001010111010001100101,b111010001100101011100110111010000110011010111110110001001110101011100100111001101110100,b111010001100101011100110111010000110011010111110110001001110101011100100111001101110100,b11111010000,b111010001100101011100110111010000110011010111110110001001110101011100100111001101110100,b100111000100000
9460000,b11110111,1,b111111111111111,1,0,1,0,1,1,0,0,b1111111100000000,b1000,b110011,1,1,0,b1111111100000000,b110,b11,b1010010110100101,1,b10,b111111111111111,b111111,1,b11110111,b10,b1100000000000000,b1110100011001010111001101110100010111110111001001111000010111110110001101101111011011010111000001101100011001010111010001100101,b111010001100101011100110111010000110011010111110110001001110101011100100111001101110100,b111010001100101011100110111010000110011010111110110001001110101011100100111001101110100,b11111010000,b111010001100101011100110111010000110011010111110110001001110101011100100111001101110100,b100111000100000
9470000,b11110111,1,b111111111111111,1,0,1,1,1,1,0,0,b1111111100000000,b1000,b110011,1,1,0,b1111111100000000,b110,b0,b1010010110100101,1,b10,b111111111111111,b111111,0,b11110111,b10,b1100000000000000,b1110100011001010111001101110100010111110111001001111000010111110110001101101111011011010111000001101100011001010111010001100101,b111010001100101011100110111010000110011010111110110001001110101011100100111001101110100,b111010001100101011100110111010000110011010111110110001001110101011100100111001101110100,b11111010000,b111010001100101011100110111010000110011010111110110001001110101011100100111001101110100,b100111000100000
9480000,b11110111,1,b111111111111111,1,0,1,0,1,1,0,0,b1111111100000000,b1000,b110100,1,1,0,b1111111100000000,b110,b0,b1010010110100101,1,b10,b111111111111111,b111111,0,b11110111,b10,b1100000000000000,b1110100011001010111001101110100010111110111001001111000010111110110001101101111011011010111000001101100011001010111010001100101,b111010001100101011100110111010000110011010111110110001001110101011100100111001101110100,b111010001100101011100110111010000110011010111110110001001110101011100100111001101110100,b11111010000,b111010001100101011100110111010000110011010111110110001001110101011100100111001101110100,b100111000100000
9490000,b11110111,0,b111111111111111,1,0,1,1,1,1,0,0,b1111111100000000,b1000,b110100,1,1,0,b1111111100000000,b111,b1,b1010010110100101,0,b10,b111111111111111,b111111,0,b11110111,b10,b1000000000000000,b1110100011001010111001101110100010111110111001001111000010111110110001101101111011011010111000001101100011001010111010001100101,b111010001100101011100110111010000110011010111110110001001110101011100100111001101110100,b111010001100101011100110111010000110011010111110110001001110101011100100111001101110100,b11111010000,b111010001100101011100110111010000110011010111110110001001110101011100100111001101110100,b100111000100000
9500000,b11110111,0,b111111111111111,1,0,1,0,1,1,0,0,b1111111100000000,b1000,b110101,1,1,0,b1111111100000000,b111,b1,b1010010110100101,0,b10,b111111111111111,b111111,0,b11110111,b10,b1000000000000000,b1110100011001010111001101110100010111110111001001111000010111110110001101101111011011010111000001101100011001010111010001100101,b111010001100101011100110111010000110011010111110110001001110101011100100111001101110100,b111010001100101011100110111010000110011010111110110001001110101011100100111001101110100,b11111010000,b111010001100101011100110111010000110011010111110110001001110101011100100111001101110100,b100111000100000
9510000,b11110111,0,b111111111111111,1,0,1,1,1,1,0,0,b1111111100000000,b1000,b110101,1,1,0,b1111111100000000,b111,b10,b1010010110100101,0,b10,b111111111111111,b111111,0,b11110111,b10,b1000000000000000,b1110100011001010111001101110100010111110111001001111000010111110110001101101111011011010111000001101100011001010111010001100101,b111010001100101011100110111010000110011010111110110001001110101011100100111001101110100,b111010001100101011100110111010000110011010111110110001001110101011100100111001101110100,b11111010000,b111010001100101011100110111010000110011010111110110001001110101011100100111001101110100,b100111000100000
9520000,b11110111,0,b111111111111111,1,0,1,0,1,1,0,0,b1111111100000000,b1000,b110110,1,1,0,b1111111100000000,b111,b10,b1010010110100101,0,b10,b111111111111111,b111111,0,b11110111,b10,b1000000000000000,b1110100011001010111001101110100010111110111001001111000010111110110001101101111011011010111000001101100011001010111010001100101,b111010001100101011100110111010000110011010111110110001001110101011100100111001101110100,b111010001100101011100110111010000110011010111110110001001110101011100100111001101110100,b11111010000,b111010001100101011100110111010000110011010111110110001001110101011100100111001101110100,b100111000100000
9530000,b11110111,0,b111111111111111,1,0,1,1,1,1,0,0,b1111111100000000,b1000,b110110,1,1,0,b1111111100000000,b111,b11,b1010010110100101,0,b10,b111111111111111,b111111,0,b11110111,b10,b1000000000000000,b1110100011001010111001101110100010111110111001001111000010111110110001101101111011011010111000001101100011001010111010001100101,b111010001100101011100110111010000110011010111110110001001110101011100100111001101110100,b111010001100101011100110111010000110011010111110110001001110101011100100111001101110100,b11111010000,b111010001100101011100110111010000110011010111110110001001110101011100100111001101110100,b100111000100000
9540000,b11110111,0,b111111111111111,1,0,1,0,1,1,0,0,b1111111100000000,b1000,b110111,1,1,0,b1111111100000000,b111,b11,b1010010110100101,0,b10,b111111111111111,b111111,0,b11110111,b10,b1000000000000000,b1110100011001010111001101110100010111110111001001111000010111110110001101101111011011010111000001101100011001010111010001100101,b111010001100101011100110111010000110011010111110110001001110101011100100111001101110100,b111010001100101011100110111010000110011010111110110001001110101011100100111001101110100,b11111010000,b111010001100101011100110111010000110011010111110110001001110101011100100111001101110100,b100111000100000
9550000,b11110111,0,b111111111111111,1,0,1,1,1,1,0,0,b1111111100000000,b1000,b110111,1,1,0,b1111111100000000,b111,b0,b1010010110100101,0,b10,b111111111111111,b111111,1,b11110111,b10,b1000000000000000,b1110100011001010111001101110100010111110111001001111000010111110110001101101111011011010111000001101100011001010111010001100101,b111010001100101011100110111010000110011010111110110001001110101011100100111001101110100,b111010001100101011100110111010000110011010111110110001001110101011100100111001101110100,b11111010000,b111010001100101011100110111010000110011010111110110001001110101011100100111001101110100,b100111000100000
9560000,b11110111,0,b111111111111111,1,0,1,0,1,1,0,0,b1111111100000000,b1000,b111000,1,1,0,b1111111100000000,b111,b0,b1010010110100101,0,b10,b111111111111111,b111111,1,b11110111,b10,b1000000000000000,b1110100011001010111001101110100010111110111001001111000010111110110001101101111011011010111000001101100011001010111010001100101,b111010001100101011100110111010000110011010111110110001001110101011100100111001101110100,b111010001100101011100110111010000110011010111110110001001110101011100100111001101110100,b11111010000,b111010001100101011100110111010000110011010111110110001001110101011100100111001101110100,b100111000100000
9570000,b11110111,1,b111111111111111,1,0,1,1,1,1,0,0,b1111111100000000,b1000,b111000,1,1,0,b1111111100000000,b111,b1,b1010010110100101,1,b10,b111111111111111,b1111111,1,b11110111,b10,b1000000000000000,b1110100011001010111001101110100010111110111001001111000010111110110001101101111011011010111000001101100011001010111010001100101,b111010001100101011100110111010000110011010111110110001001110101011100100111001101110100,b111010001100101011100110111010000110011010111110110001001110101011100100111001101110100,b11111010000,b111010001100101011100110111010000110011010111110110001001110101011100100111001101110100,b100111000100000
9580000,b11110111,1,b111111111111111,1,0,1,0,1,1,0,0,b1111111100000000,b1000,b111001,1,1,0,b1111111100000000,b111,b1,b1010010110100101,1,b10,b111111111111111,b1111111,1,b11110111,b10,b1000000000000000,b1110100011001010111001101110100010111110111001001111000010111110110001101101111011011010111000001101100011001010111010001100101,b111010001100101011100110111010000110011010111110110001001110101011100100111001101110100,b111010001100101011100110111010000110011010111110110001001110101011100100111001101110100,b11111010000,b111010001100101011100110111010000110011010111110110001001110101011100100111001101110100,b100111000100000
9590000,b11110111,1,b111111111111111,1,0,1,1,1,1,0,0,b1111111100000000,b1000,b111001,1,1,0,b1111111100000000,b111,b10,b1010010110100101,1,b10,b111111111111111,b1111111,1,b11110111,b10,b1000000000000000,b1110100011001010111001101110100010111110111001001111000010111110110001101101111011011010111000001101100011001010111010001100101,b111010001100101011100110111010000110011010111110110001001110101011100100111001101110100,b111010001100101011100110111010000110011010111110110001001110101011100100111001101110100,b11111010000,b111010001100101011100110111010000110011010111110110001001110101011100100111001101110100,b100111000100000
9600000,b11110111,1,b111111111111111,1,0,1,0,1,1,0,0,b1111111100000000,b1000,b111010,1,1,0,b1111111100000000,b111,b10,b1010010110100101,1,b10,b111111111111111,b1111111,1,b11110111,b10,b1000000000000000,b1110100011001010111001101110100010111110111001001111000010111110110001101101111011011010111000001101100011001010111010001100101,b111010001100101011100110111010000110011010111110110001001110101011100100111001101110100,b111010001100101011100110111010000110011010111110110001001110101011100100111001101110100,b11111010000,b111010001100101011100110111010000110011010111110110001001110101011100100111001101110100,b100111000100000
9610000,b11110111,1,b111111111111111,1,0,1,1,1,1,0,0,b1111111100000000,b1000,b111010,1,1,0,b1111111100000000,b111,b11,b1010010110100101,1,b10,b111111111111111,b1111111,1,b11110111,b10,b1000000000000000,b1110100011001010111001101110100010111110111001001111000010111110110001101101111011011010111000001101100011001010111010001100101,b111010001100101011100110111010000110011010111110110001001110101011100100111001101110100,b111010001100101011100110111010000110011010111110110001001110101011100100111001101110100,b11111010000,b111010001100101011100110111010000110011010111110110001001110101011100100111001101110100,b100111000100000
9620000,b11110111,1,b111111111111111,1,0,1,0,1,1,0,0,b1111111100000000,b1000,b111011,1,1,0,b1111111100000000,b111,b11,b1010010110100101,1,b10,b111111111111111,b1111111,1,b11110111,b10,b1000000000000000,b1110100011001010111001101110100010111110111001001111000010111110110001101101111011011010111000001101100011001010111010001100101,b111010001100101011100110111010000110011010111110110001001110101011100100111001101110100,b111010001100101011100110111010000110011010111110110001001110101011100100111001101110100,b11111010000,b111010001100101011100110111010000110011010111110110001001110101011100100111001101110100,b100111000100000
9630000,b11110111,1,b111111111111111,1,0,1,1,1,1,0,0,b1111111100000000,b1000,b111011,1,1,0,b1111111100000000,b111,b0,b1010010110100101,1,b10,b111111111111111,b1111111,0,b11110111,b10,b1000000000000000,b1110100011001010111001101110100010111110111001001111000010111110110001101101111011011010111000001101100011001010111010001100101,b111010001100101011100110111010000110011010111110110001001110101011100100111001101110100,b111010001100101011100110111010000110011010111110110001001110101011100100111001101110100,b11111010000,b111010001100101011100110111010000110011010111110110001001110101011100100111001101110100,b100111000100000
9640000,b11110111,1,b111111111111111,1,0,1,0,1,1,0,0,b1111111100000000,b1000,b111100,1,1,0,b1111111100000000,b111,b0,b1010010110100101,1,b10,b111111111111111,b1111111,0,b11110111,b10,b1000000000000000,b1110100011001010111001101110100010111110111001001111000010111110110001101101111011011010111000001101100011001010111010001100101,b111010001100101011100110111010000110011010111110110001001110101011100100111001101110100,b111010001100101011100110111010000110011010111110110001001110101011100100111001101110100,b11111010000,b111010001100101011100110111010000110011010111110110001001110101011100100111001101110100,b100111000100000
9650000,b11110111,0,b111111111111111,1,0,1,1,1,1,0,0,b1111111100000000,b1000,b111100,1,1,0,b1111111100000000,b1000,b1,b1010010110100101,0,b10,b111111111111111,b1111111,0,b11110111,b10,b0,b1110100011001010111001101110100010111110111001001111000010111110110001101101111011011010111000001101100011001010111010001100101,b111010001100101011100110111010000110011010111110110001001110101011100100111001101110100,b111010001100101011100110111010000110011010111110110001001110101011100100111001101110100,b11111010000,b111010001100101011100110111010000110011010111110110001001110101011100100111001101110100,b100111000100000
9660000,b11110111,0,b111111111111111,1,0,1,0,1,1,0,0,b1111111100000000,b1000,b111101,1,1,0,b1111111100000000,b1000,b1,b1010010110100101,0,b10,b111111111111111,b1111111,0,b11110111,b10,b0,b1110100011001010111001101110100010111110111001001111000010111110110001101101111011011010111000001101100011001010111010001100101,b111010001100101011100110111010000110011010111110110001001110101011100100111001101110100,b111010001100101011100110111010000110011010111110110001001110101011100100111001101110100,b11111010000,b111010001100101011100110111010000110011010111110110001001110101011100100111001101110100,b100111000100000
9670000,b11110111,0,b111111111111111,1,0,1,1,1,1,0,0,b1111111100000000,b1000,b111101,1,1,0,b1111111100000000,b1000,b10,b1010010110100101,0,b10,b111111111111111,b1111111,0,b11110111,b10,b0,b1110100011001010111001101110100010111110111001001111000010111110110001101101111011011010111000001101100011001010111010001100101,b111010001100101011100110111010000110011010111110110001001110101011100100111001101110100,b111010001100101011100110111010000110011010111110110001001110101011100100111001101110100,b11111010000,b111010001100101011100110111010000110011010111110110001001110101011100100111001101110100,b100111000100000
9680000,b11110111,0,b111111111111111,1,0,1,0,1,1,0,0,b1111111100000000,b1000,b111110,1,1,0,b1111111100000000,b1000,b10,b1010010110100101,0,b10,b111111111111111,b1111111,0,b11110111,b10,b0,b1110100011001010111001101110100010111110111001001111000010111110110001101101111011011010111000001101100011001010111010001100101,b111010001100101011100110111010000110011010111110110001001110101011100100111001101110100,b111010001100101011100110111010000110011010111110110001001110101011100100111001101110100,b11111010000,b111010001100101011100110111010000110011010111110110001001110101011100100111001101110100,b100111000100000
9690000,b11110111,0,b111111111111111,1,0,1,1,1,1,0,0,b1111111100000000,b1000,b111110,1,1,0,b1111111100000000,b1000,b11,b1010010110100101,0,b10,b111111111111111,b1111111,0,b11110111,b10,b0,b1110100011001010111001101110100010111110111001001111000010111110110001101101111011011010111000001101100011001010111010001100101,b111010001100101011100110111010000110011010111110110001001110101011100100111001101110100,b111010001100101011100110111010000110011010111110110001001110101011100100111001101110100,b11111010000,b111010001100101011100110111010000110011010111110110001001110101011100100111001101110100,b100111000100000
9700000,b11110111,0,b111111111111111,1,0,1,0,1,1,0,0,b1111111100000000,b1000,b111111,1,1,0,b1111111100000000,b1000,b11,b1010010110100101,0,b10,b111111111111111,b1111111,0,b11110111,b10,b0,b1110100011001010111001101110100010111110111001001111000010111110110001101101111011011010111000001101100011001010111010001100101,b111010001100101011100110111010000110011010111110110001001110101011100100111001101110100,b111010001100101011100110111010000110011010111110110001001110101011100100111001101110100,b11111010000,b111010001100101011100110111010000110011010111110110001001110101011100100111001101110100,b100111000100000
9710000,b11110111,0,b111111111111111,1,0,1,1,1,1,0,0,b1111111100000000,b1000,b111111,1,1,0,b1111111100000000,b1000,b0,b1010010110100101,0,b10,b111111111111111,b1111111,1,b11110111,b10,b0,b1110100011001010111001101110100010111110111001001111000010111110110001101101111011011010111000001101100011001010111010001100101,b111010001100101011100110111010000110011010111110110001001110101011100100111001101110100,b111010001100101011100110111010000110011010111110110001001110101011100100111001101110100,b11111010000,b111010001100101011100110111010000110011010111110110001001110101011100100111001101110100,b100111000100000
9720000,b11110111,0,b111111111111111,1,0,1,0,1,1,0,0,b1111111100000000,b1000,b1000000,1,1,0,b1111111100000000,b1000,b0,b1010010110100101,0,b10,b111111111111111,b1111111,1,b11110111,b10,b0,b1110100011001010111001101110100010111110111001001111000010111110110001101101111011011010111000001101100011001010111010001100101,b111010001100101011100110111010000110011010111110110001001110101011100100111001101110100,b111010001100101011100110111010000110011010111110110001001110101011100100111001101110100,b11111010000,b111010001100101011100110111010000110011010111110110001001110101011100100111001101110100,b100111000100000
9730000,b11110111,1,b111111111111111,1,0,1,1,1,1,0,0,b1111111100000000,b1000,b1000000,1,1,0,b1111111100000000,b1000,b1,b1010010110100101,1,b10,b111111111111111,b11111111,1,b11110111,b10,b0,b1110100011001010111001101110100010111110111001001111000010111110110001101101111011011010111000001101100011001010111010001100101,b111010001100101011100110111010000110011010111110110001001110101011100100111001101110100,b111010001100101011100110111010000110011010111110110001001110101011100100111001101110100,b11111010000,b111010001100101011100110111010000110011010111110110001001110101011100100111001101110100,b100111000100000
9740000,b11110111,1,b111111111111111,1,0,1,0,1,1,0,0,b1111111100000000,b1000,b1000001,1,1,0,b1111111100000000,b1000,b1,b1010010110100101,1,b10,b111111111111111,b11111111,1,b11110111,b10,b0,b1110100011001010111001101110100010111110111001001111000010111110110001101101111011011010111000001101100011001010111010001100101,b111010001100101011100110111010000110011010111110110001001110101011100100111001101110100,b111010001100101011100110111010000110011010111110110001001110101011100100111001101110100,b11111010000,b111010001100101011100110111010000110011010111110110001001110101011100100111001101110100,b100111000100000
9750000,b11110111,1,b111111111111111,1,0,1,1,1,1,0,0,b1111111100000000,b1000,b1000001,1,1,0,b1111111100000000,b1000,b10,b1010010110100101,1,b10,b111111111111111,b11111111,1,b11110111,b10,b0,b1110100011001010111001101110100010111110111001001111000010111110110001101101111011011010111000001101100011001010111010001100101,b111010001100101011100110111010000110011010111110110001001110101011100100111001101110100,b111010001100101011100110111010000110011010111110110001001110101011100100111001101110100,b11111010000,b111010001100101011100110111010000110011010111110110001001110101011100100111001101110100,b100111000100000
9760000,b11110111,1,b111111111111111,1,0,1,0,1,1,0,0,b1111111100000000,b1000,b1000010,1,1,0,b1111111100000000,b1000,b10,b1010010110100101,1,b10,b111111111111111,b11111111,1,b11110111,b10,b0,b1110100011001010111001101110100010111110111001001111000010111110110001101101111011011010111000001101100011001010111010001100101,b111010001100101011100110111010000110011010111110110001001110101011100100111001101110100,b111010001100101011100110111010000110011010111110110001001110101011100100111001101110100,b11111010000,b111010001100101011100110111010000110011010111110110001001110101011100100111001101110100,b100111000100000
9770000,b11110111,1,b111111111111111,1,0,1,1,1,1,0,0,b1111111100000000,b1000,b1000010,1,1,0,b1111111100000000,b1000,b11,b1010010110100101,1,b10,b111111111111111,b11111111,1,b11110111,b10,b0,b1110100011001010111001101110100010111110111001001111000010111110110001101101111011011010111000001101100011001010111010001100101,b111010001100101011100110111010000110011010111110110001001110101011100100111001101110100,b111010001100101011100110111010000110011010111110110001001110101011100100111001101110100,b11111010000,b111010001100101011100110111010000110011010111110110001001110101011100100111001101110100,b100111000100000
9780000,b11110111,1,b111111111111111,1,0,1,0,1,1,0,0,b1111111100000000,b1000,b1000011,1,1,0,b1111111100000000,b1000,b11,b1010010110100101,1,b10,b111111111111111,b11111111,1,b11110111,b10,b0,b1110100011001010111001101110100010111110111001001111000010111110110001101101111011011010111000001101100011001010111010001100101,b111010001100101011100110111010000110011010111110110001001110101011100100111001101110100,b111010001100101011100110111010000110011010111110110001001110101011100100111001101110100,b11111010000,b111010001100101011100110111010000110011010111110110001001110101011100100111001101110100,b100111000100000
9790000,b11110111,1,b111111111111111,1,0,1,1,1,1,0,0,b1111111100000000,b1000,b1000011,1,1,0,b1111111100000000,b1000,b0,b1010010110100101,1,b10,b111111111111111,b11111111,0,b11110111,b10,b0,b1110100011001010111001101110100010111110111001001111000010111110110001101101111011011010111000001101100011001010111010001100101,b111010001100101011100110111010000110011010111110110001001110101011100100111001101110100,b111010001100101011100110111010000110011010111110110001001110101011100100111001101110100,b11111010000,b111010001100101011100110111010000110011010111110110001001110101011100100111001101110100,b100111000100000
9800000,b11110111,1,b111111111111111,1,0,1,0,1,1,0,0,b1111111100000000,b1000,b1000100,1,1,0,b1111111100000000,b1000,b0,b1010010110100101,1,b10,b111111111111111,b11111111,0,b11110111,b10,b0,b1110100011001010111001101110100010111110111001001111000010111110110001101101111011011010111000001101100011001010111010001100101,b111010001100101011100110111010000110011010111110110001001110101011100100111001101110100,b111010001100101011100110111010000110011010111110110001001110101011100100111001101110100,b11111010000,b111010001100101011100110111010000110011010111110110001001110101011100100111001101110100,b100111000100000
9810000,b11110111,0,b111111111111111,0,0,1,1,1,1,0,0,b1111111100000000,b1000,b1000100,1,1,0,b1111111100000000,b1001,b1,b1010010110100101,0,b10,b111111111111111,b11111111,0,b11110111,b10,b0,b1110100011001010111001101110100010111110111001001111000010111110110001101101111011011010111000001101100011001010111010001100101,b111010001100101011100110111010000110011010111110110001001110101011100100111001101110100,b111010001100101011100110111010000110011010111110110001001110101011100100111001101110100,b11111010000,b111010001100101011100110111010000110011010111110110001001110101011100100111001101110100,b100111000100000
9820000,b11110111,0,b111111111111111,0,0,1,0,1,1,0,0,b1111111100000000,b1000,b1000101,1,1,0,b1111111100000000,b1001,b1,b1010010110100101,0,b10,b111111111111111,b11111111,0,b11110111,b10,b0,b1110100011001010111001101110100010111110111001001111000010111110110001101101111011011010111000001101100011001010111010001100101,b111010001100101011100110111010000110011010111110110001001110101011100100111001101110100,b111010001100101011100110111010000110011010111110110001001110101011100100111001101110100,b11111010000,b111010001100101011100110111010000110011010111110110001001110101011100100111001101110100,b100111000100000
9830000,b11110111,0,b111111111111111,0,0,1,1,1,1,0,0,b1111111100000000,b1000,b1000101,1,1,0,b1111111100000000,b1001,b10,b1010010110100101,0,b10,b111111111111111,b11111111,0,b11110111,b10,b0,b1110100011001010111001101110100010111110111001001111000010111110110001101101111011011010111000001101100011001010111010001100101,b111010001100101011100110111010000110011010111110110001001110101011100100111001101110100,b111010001100101011100110111010000110011010111110110001001110101011100100111001101110100,b11111010000,b111010001100101011100110111010000110011010111110110001001110101011100100111001101110100,b100111000100000
9840000,b11110111,0,b111111111111111,0,0,1,0,1,1,0,0,b1111111100000000,b1000,b1000110,1,1,0,b1111111100000000,b1001,b10,b1010010110100101,0,b10,b111111111111111,b11111111,0,b11110111,b10,b0,b1110100011001010111001101110100010111110111001001111000010111110110001101101111011011010111000001101100011001010111010001100101,b111010001100101011100110111010000110011010111110110001001110101011100100111001101110100,b111010001100101011100110111010000110011010111110110001001110101011100100111001101110100,b11111010000,b111010001100101011100110111010000110011010111110110001001110101011100100111001101110100,b100111000100000
9850000,b11110111,0,b111111111111111,0,0,1,1,1,1,0,0,b1111111100000000,b1000,b1000110,1,1,0,b1111111100000000,b1001,b11,b1010010110100101,0,b10,b111111111111111,b11111111,0,b11110111,b10,b0,b1110100011001010111001101110100010111110111001001111000010111110110001101101111011011010111000001101100011001010111010001100101,b111010001100101011100110111010000110011010111110110001001110101011100100111001101110100,b111010001100101011100110111010000110011010111110110001001110101011100100111001101110100,b11111010000,b111010001100101011100110111010000110011010111110110001001110101011100100111001101110100,b100111000100000
9860000,b11110111,0,b111111111111111,0,0,1,0,1,1,0,0,b1111111100000000,b1000,b1000111,1,1,0,b1111111100000000,b1001,b11,b1010010110100101,0,b10,b111111111111111,b11111111,0,b11110111,b10,b0,b1110100011001010111001101110100010111110111001001111000010111110110001101101111011011010111000001101100011001010111010001100101,b111010001100101011100110111010000110011010111110110001001110101011100100111001101110100,b111010001100101011100110111010000110011010111110110001001110101011100100111001101110100,b11111010000,b111010001100101011100110111010000110011010111110110001001110101011100100111001101110100,b100111000100000
9870000,b11110111,0,b111111111111111,0,0,1,1,1,1,0,0,b1111111100000000,b1000,b1000111,1,1,0,b1111111100000000,b1001,b0,b1010010110100101,0,b10,b111111111111111,b11111111,1,b11110111,b10,b0,b1110100011001010111001101110100010111110111001001111000010111110110001101101111011011010111000001101100011001010111010001100101,b111010001100101011100110111010000110011010111110110001001110101011100100111001101110100,b111010001100101011100110111010000110011010111110110001001110101011100100111001101110100,b11111010000,b111010001100101011100110111010000110011010111110110001001110101011100100111001101110100,b100111000100000
9880000,b11110111,0,b111111111111111,0,0,1,0,1,1,0,0,b1111111100000000,b1000,b1001000,1,1,0,b1111111100000000,b1001,b0,b1010010110100101,0,b10,b111111111111111,b11111111,1,b11110111,b10,b0,b1110100011001010111001101110100010111110111001001111000010111110110001101101111011011010111000001101100011001010111010001100101,b111010001100101011100110111010000110011010111110110001001110101011100100111001101110100,b111010001100101011100110111010000110011010111110110001001110101011100100111001101110100,b11111010000,b111010001100101011100110111010000110011010111110110001001110101011100100111001101110100,b100111000100000
9890000,b11110111,1,b111111111111111,0,0,1,1,1,1,0,0,b1111111100000000,b1000,b1001000,1,1,0,b1111111100000000,b1001,b1,b1010010110100101,1,b10,b111111111111111,b111111111,1,b11110111,b10,b0,b1110100011001010111001101110100010111110111001001111000010111110110001101101111011011010111000001101100011001010111010001100101,b111010001100101011100110111010000110011010111110110001001110101011100100111001101110100,b111010001100101011100110111010000110011010111110110001001110101011100100111001101110100,b11111010000,b111010001100101011100110111010000110011010111110110001001110101011100100111001101110100,b100111000100000
9900000,b11110111,1,b111111111111111,0,0,1,0,1,1,0,0,b1111111100000000,b1000,b1001001,1,1,0,b1111111100000000,b1001,b1,b1010010110100101,1,b10,b111111111111111,b111111111,1,b11110111,b10,b0,b1110100011001010111001101110100010111110111001001111000010111110110001101101111011011010111000001101100011001010111010001100101,b111010001100101011100110111010000110011010111110110001001110101011100100111001101110100,b111010001100101011100110111010000110011010111110110001001110101011100100111001101110100,b11111010000,b111010001100101011100110111010000110011010111110110001001110101011100100111001101110100,b100111000100000
9910000,b11110111,1,b111111111111111,0,0,1,1,1,1,0,0,b1111111100000000,b1000,b1001001,1,1,0,b1111111100000000,b1001,b10,b1010010110100101,1,b10,b111111111111111,b111111111,1,b11110111,b10,b0,b1110100011001010111001101110100010111110111001001111000010111110110001101101111011011010111000001101100011001010111010001100101,b111010001100101011100110111010000110011010111110110001001110101011100100111001101110100,b111010001100101011100110111010000110011010111110110001001110101011100100111001101110100,b11111010000,b111010001100101011100110111010000110011010111110110001001110101011100100111001101110100,b100111000100000
9920000,b11110111,1,b111111111111111,0,0,1,0,1,1,0,0,b1111111100000000,b1000,b1001010,1,1,0,b1111111100000000,b1001,b10,b1010010110100101,1,b10,b111111111111111,b111111111,1,b11110111,b10,b0,b1110100011001010111001101110100010111110111001001111000010111110110001101101111011011010111000001101100011001010111010001100101,b111010001100101011100110111010000110011010111110110001001110101011100100111001101110100,b111010001100101011100110111010000110011010111110110001001110101011100100111001101110100,b11111010000,b111010001100101011100110111010000110011010111110110001001110101011100100111001101110100,b100111000100000
9930000,b11110111,1,b111111111111111,0,0,1,1,1,1,0,0,b1111111100000000,b1000,b1001010,1,1,0,b1111111100000000,b1001,b11,b1010010110100101,1,b10,b111111111111111,b111111111,1,b11110111,b10,b0,b1110100011001010111001101110100010111110111001001111000010111110110001101101111011011010111000001101100011001010111010001100101,b111010001100101011100110111010000110011010111110110001001110101011100100111001101110100,b111010001100101011100110111010000110011010111110110001001110101011100100111001101110100,b11111010000,b111010001100101011100110111010000110011010111110110001001110101011100100111001101110100,b100111000100000
9940000,b11110111,1,b111111111111111,0,0,1,0,1,1,0,0,b1111111100000000,b1000,b1001011,1,1,0,b1111111100000000,b1001,b11,b1010010110100101,1,b10,b111111111111111,b111111111,1,b11110111,b10,b0,b1110100011001010111001101110100010111110111001001111000010111110110001101101111011011010111000001101100011001010111010001100101,b111010001100101011100110111010000110011010111110110001001110101011100100111001101110100,b111010001100101011100110111010000110011010111110110001001110101011100100111001101110100,b11111010000,b111010001100101011100110111010000110011010111110110001001110101011100100111001101110100,b100111000100000
9950000,b11110111,1,b111111111111111,0,0,1,1,1,1,0,0,b1111111100000000,b1000,b1001011,1,1,0,b1111111100000000,b1001,b0,b1010010110100101,1,b10,b111111111111111,b111111111,0,b11110111,b10,b0,b1110100011001010111001101110100010111110111001001111000010111110110001101101111011011010111000001101100011001010111010001100101,b111010001100101011100110111010000110011010111110110001001110101011100100111001101110100,b111010001100101011100110111010000110011010111110110001001110101011100100111001101110100,b11111010000,b111010001100101011100110111010000110011010111110110001001110101011100100111001101110100,b100111000100000
9960000,b11110111,1,b111111111111111,0,0,1,0,1,1,0,0,b1111111100000000,b1000,b1001100,1,1,0,b1111111100000000,b1001,b0,b1010010110100101,1,b10,b111111111111111,b111111111,0,b11110111,b10,b0,b1110100011001010111001101110100010111110111001001111000010111110110001101101111011011010111000001101100011001010111010001100101,b111010001100101011100110111010000110011010111110110001001110101011100100111001101110100,b111010001100101011100110111010000110011010111110110001001110101011100100111001101110100,b11111010000,b111010001100101011100110111010000110011010111110110001001110101011100100111001101110100,b100111000100000
9970000,b11110111,0,b111111111111111,0,0,1,1,1,1,0,0,b1111111100000000,b1000,b1001100,1,1,0,b1111111100000000,b1010,b1,b1010010110100101,0,b10,b111111111111111,b111111111,0,b11110111,b10,b0,b1110100011001010111001101110100010111110111001001111000010111110110001101101111011011010111000001101100011001010111010001100101,b111010001100101011100110111010000110011010111110110001001110101011100100111001101110100,b111010001100101011100110111010000110011010111110110001001110101011100100111001101110100,b11111010000,b111010001100101011100110111010000110011010111110110001001110101011100100111001101110100,b100111000100000
9980000,b11110111,0,b111111111111111,0,0,1,0,1,1,0,0,b1111111100000000,b1000,b1001101,1,1,0,b1111111100000000,b1010,b1,b1010010110100101,0,b10,b111111111111111,b111111111,0,b11110111,b10,b0,b1110100011001010111001101110100010111110111001001111000010111110110001101101111011011010111000001101100011001010111010001100101,b111010001100101011100110111010000110011010111110110001001110101011100100111001101110100,b111010001100101011100110111010000110011010111110110001001110101011100100111001101110100,b11111010000,b111010001100101011100110111010000110011010111110110001001110101011100100111001101110100,b100111000100000
9990000,b11110111,0,b111111111111111,0,0,1,1,1,1,0,0,b1111111100000000,b1000,b1001101,1,1,0,b1111111100000000,b1010,b10,b1010010110100101,0,b10,b111111111111111,b111111111,0,b11110111,b10,b0,b1110100011001010111001101110100010111110111001001111000010111110110001101101111011011010111000001101100011001010111010001100101,b111010001100101011100110111010000110011010111110110001001110101011100100111001101110100,b111010001100101011100110111010000110011010111110110001001110101011100100111001101110100,b11111010000,b111010001100101011100110111010000110011010111110110001001110101011100100111001101110100,b100111000100000
10000000,b11110111,0,b111111111111111,0,0,1,0,1,1,0,0,b1111111100000000,b1000,b1001110,1,1,0,b1111111100000000,b1010,b10,b1010010110100101,0,b10,b111111111111111,b111111111,0,b11110111,b10,b0,b1110100011001010111001101110100010111110111001001111000010111110110001101101111011011010111000001101100011001010111010001100101,b111010001100101011100110111010000110011010111110110001001110101011100100111001101110100,b111010001100101011100110111010000110011010111110110001001110101011100100111001101110100,b11111010000,b111010001100101011100110111010000110011010111110110001001110101011100100111001101110100,b100111000100000
10010000,b11110111,0,b111111111111111,0,0,1,1,1,1,0,0,b1111111100000000,b1000,b1001110,1,1,0,b1111111100000000,b1010,b11,b1010010110100101,0,b10,b111111111111111,b111111111,0,b11110111,b10,b0,b1110100011001010111001101110100010111110111001001111000010111110110001101101111011011010111000001101100011001010111010001100101,b111010001100101011100110111010000110011010111110110001001110101011100100111001101110100,b111010001100101011100110111010000110011010111110110001001110101011100100111001101110100,b11111010000,b111010001100101011100110111010000110011010111110110001001110101011100100111001101110100,b100111000100000
10020000,b11110111,0,b111111111111111,0,0,1,0,1,1,0,0,b1111111100000000,b1000,b1001111,1,1,0,b1111111100000000,b1010,b11,b1010010110100101,0,b10,b111111111111111,b111111111,0,b11110111,b10,b0,b1110100011001010111001101110100010111110111001001111000010111110110001101101111011011010111000001101100011001010111010001100101,b111010001100101011100110111010000110011010111110110001001110101011100100111001101110100,b111010001100101011100110111010000110011010111110110001001110101011100100111001101110100,b11111010000,b111010001100101011100110111010000110011010111110110001001110101011100100111001101110100,b100111000100000
10030000,b11110111,0,b111111111111111,0,0,1,1,1,1,0,0,b1111111100000000,b1000,b1001111,1,1,0,b1111111100000000,b1010,b0,b1010010110100101,0,b10,b111111111111111,b111111111,1,b11110111,b10,b0,b1110100011001010111001101110100010111110111001001111000010111110110001101101111011011010111000001101100011001010111010001100101,b111010001100101011100110111010000110011010111110110001001110101011100100111001101110100,b111010001100101011100110111010000110011010111110110001001110101011100100111001101110100,b11111010000,b111010001100101011100110111010000110011010111110110001001110101011100100111001101110100,b100111000100000
10040000,b11110111,0,b111111111111111,0,0,1,0,1,1,0,0,b1111111100000000,b1000,b1010000,1,1,0,b1111111100000000,b1010,b0,b1010010110100101,0,b10,b111111111111111,b111111111,1,b11110111,b10,b0,b1110100011001010111001101110100010111110111001001111000010111110110001101101111011011010111000001101100011001010111010001100101,b111010001100101011100110111010000110011010111110110001001110101011100100111001101110100,b111010001100101011100110111010000110011010111110110001001110101011100100111001101110100,b11111010000,b111010001100101011100110111010000110011010111110110001001110101011100100111001101110100,b100111000100000
10050000,b11110111,1,b111111111111111,0,0,1,1,1,1,0,0,b1111111100000000,b1000,b1010000,1,1,0,b1111111100000000,b1010,b1,b1010010110100101,1,b10,b111111111111111,b1111111111,1,b11110111,b10,b0,b1110100011001010111001101110100010111110111001001111000010111110110001101101111011011010111000001101100011001010111010001100101,b111010001100101011100110111010000110011010111110110001001110101011100100111001101110100,b111010001100101011100110111010000110011010111110110001001110101011100100111001101110100,b11111010000,b111010001100101011100110111010000110011010111110110001001110101011100100111001101110100,b100111000100000
10060000,b11110111,1,b111111111111111,0,0,1,0,1,1,0,0,b1111111100000000,b1000,b1010001,1,1,0,b1111111100000000,b1010,b1,b1010010110100101,1,b10,b111111111111111,b1111111111,1,b11110111,b10,b0,b1110100011001010111001101110100010111110111001001111000010111110110001101101111011011010111000001101100011001010111010001100101,b111010001100101011100110111010000110011010111110110001001110101011100100111001101110100,b111010001100101011100110111010000110011010111110110001001110101011100100111001101110100,b11111010000,b111010001100101011100110111010000110011010111110110001001110101011100100111001101110100,b100111000100000
10070000,b11110111,1,b111111111111111,0,0,1,1,1,1,0,0,b1111111100000000,b1000,b1010001,1,1,0,b1111111100000000,b1010,b10,b1010010110100101,1,b10,b111111111111111,b1111111111,1,b11110111,b10,b0,b1110100011001010111001101110100010111110111001001111000010111110110001101101111011011010111000001101100011001010111010001100101,b111010001100101011100110111010000110011010111110110001001110101011100100111001101110100,b111010001100101011100110111010000110011010111110110001001110101011100100111001101110100,b11111010000,b111010001100101011100110111010000110011010111110110001001110101011100100111001101110100,b100111000100000
10080000,b11110111,1,b111111111111111,0,0,1,0,1,1,0,0,b1111111100000000,b1000,b1010010,1,1,0,b1111111100000000,b1010,b10,b1010010110100101,1,b10,b111111111111111,b1111111111,1,b11110111,b10,b0,b1110100011001010111001101110100010111110111001001111000010111110110001101101111011011010111000001101100011001010111010001100101,b111010001100101011100110111010000110011010111110110001001110101011100100111001101110100,b111010001100101011100110111010000110011010111110110001001110101011100100111001101110100,b11111010000,b111010001100101011100110111010000110011010111110110001001110101011100100111001101110100,b100111000100000
10090000,b11110111,1,b111111111111111,0,0,1,1,1,1,0,0,b1111111100000000,b1000,b1010010,1,1,0,b1111111100000000,b1010,b11,b1010010110100101,1,b10,b111111111111111,b1111111111,1,b11110111,b10,b0,b1110100011001010111001101110100010111110111001001111000010111110110001101101111011011010111000001101100011001010111010001100101,b111010001100101011100110111010000110011010111110110001001110101011100100111001101110100,b111010001100101011100110111010000110011010111110110001001110101011100100111001101110100,b11111010000,b111010001100101011100110111010000110011010111110110001001110101011100100111001101110100,b100111000100000
10100000,b11110111,1,b111111111111111,0,0,1,0,1,1,0,0,b1111111100000000,b1000,b1010011,1,1,0,b1111111100000000,b1010,b11,b1010010110100101,1,b10,b111111111111111,b1111111111,1,b11110111,b10,b0,b1110100011001010111001101110100010111110111001001111000010111110110001101101111011011010111000001101100011001010111010001100101,b111010001100101011100110111010000110011010111110110001001110101011100100111001101110100,b111010001100101011100110111010000110011010111110110001001110101011100100111001101110100,b11111010000,b111010001100101011100110111010000110011010111110110001001110101011100100111001101110100,b100111000100000
10110000,b11110111,1,b111111111111111,0,0,1,1,1,1,0,0,b1111111100000000,b1000,b1010011,1,1,0,b1111111100000000,b1010,b0,b1010010110100101,1,b10,b111111111111111,b1111111111,0,b11110111,b10,b0,b1110100011001010111001101110100010111110111001001111000010111110110001101101111011011010111000001101100011001010111010001100101,b111010001100101011100110111010000110011010111110110001001110101011100100111001101110100,b111010001100101011100110111010000110011010111110110001001110101011100100111001101110100,b11111010000,b111010001100101011100110111010000110011010111110110001001110101011100100111001101110100,b100111000100000
10120000,b11110111,1,b111111111111111,0,0,1,0,1,1,0,0,b1111111100000000,b1000,b1010100,1,1,0,b1111111100000000,b1010,b0,b1010010110100101,1,b10,b111111111111111,b1111111111,0,b11110111,b10,b0,b1110100011001010111001101110100010111110111001001111000010111110110001101101111011011010111000001101100011001010111010001100101,b111010001100101011100110111010000110011010111110110001001110101011100100111001101110100,b111010001100101011100110111010000110011010111110110001001110101011100100111001101110100,b11111010000,b111010001100101011100110111010000110011010111110110001001110101011100100111001101110100,b100111000100000
10130000,b11110111,0,b111111111111111,0,0,1,1,1,1,0,0,b1111111100000000,b1000,b1010100,1,1,0,b1111111100000000,b1011,b1,b1010010110100101,0,b10,b111111111111111,b1111111111,0,b11110111,b10,b0,b1110100011001010111001101110100010111110111001001111000010111110110001101101111011011010111000001101100011001010111010001100101,b111010001100101011100110111010000110011010111110110001001110101011100100111001101110100,b111010001100101011100110111010000110011010111110110001001110101011100100111001101110100,b11111010000,b111010001100101011100110111010000110011010111110110001001110101011100100111001101110100,b100111000100000
10140000,b11110111,0,b111111111111111,0,0,1,0,1,1,0,0,b1111111100000000,b1000,b1010101,1,1,0,b1111111100000000,b1011,b1,b1010010110100101,0,b10,b111111111111111,b1111111111,0,b11110111,b10,b0,b1110100011001010111001101110100010111110111001001111000010111110110001101101111011011010111000001101100011001010111010001100101,b111010001100101011100110111010000110011010111110110001001110101011100100111001101110100,b111010001100101011100110111010000110011010111110110001001110101011100100111001101110100,b11111010000,b111010001100101011100110111010000110011010111110110001001110101011100100111001101110100,b100111000100000
10150000,b11110111,0,b111111111111111,0,0,1,1,1,1,0,0,b1111111100000000,b1000,b1010101,1,1,0,b1111111100000000,b1011,b10,b1010010110100101,0,b10,b111111111111111,b1111111111,0,b11110111,b10,b0,b1110100011001010111001101110100010111110111001001111000010111110110001101101111011011010111000001101100011001010111010001100101,b111010001100101011100110111010000110011010111110110001001110101011100100111001101110100,b111010001100101011100110111010000110011010111110110001001110101011100100111001101110100,b11111010000,b111010001100101011100110111010000110011010111110110001001110101011100100111001101110100,b100111000100000
10160000,b11110111,0,b111111111111111,0,0,1,0,1,1,0,0,b1111111100000000,b1000,b1010110,1,1,0,b1111111100000000,b1011,b10,b1010010110100101,0,b10,b111111111111111,b1111111111,0,b11110111,b10,b0,b1110100011001010111001101110100010111110111001001111000010111110110001101101111011011010111000001101100011001010111010001100101,b111010001100101011100110111010000110011010111110110001001110101011100100111001101110100,b111010001100101011100110111010000110011010111110110001001110101011100100111001101110100,b11111010000,b111010001100101011100110111010000110011010111110110001001110101011100100111001101110100,b100111000100000
10170000,b11110111,0,b111111111111111,0,0,1,1,1,1,0,0,b1111111100000000,b1000,b1010110,1,1,0,b1111111100000000,b1011,b11,b1010010110100101,0,b10,b111111111111111,b1111111111,0,b11110111,b10,b0,b1110100011001010111001101110100010111110111001001111000010111110110001101101111011011010111000001101100011001010111010001100101,b111010001100101011100110111010000110011010111110110001001110101011100100111001101110100,b111010001100101011100110111010000110011010111110110001001110101011100100111001101110100,b11111010000,b111010001100101011100110111010000110011010111110110001001110101011100100111001101110100,b100111000100000
10180000,b11110111,0,b111111111111111,0,0,1,0,1,1,0,0,b1111111100000000,b1000,b1010111,1,1,0,b1111111100000000,b1011,b11,b1010010110100101,0,b10,b111111111111111,b1111111111,0,b11110111,b10,b0,b1110100011001010111001101110100010111110111001001111000010111110110001101101111011011010111000001101100011001010111010001100101,b111010001100101011100110111010000110011010111110110001001110101011100100111001101110100,b111010001100101011100110111010000110011010111110110001001110101011100100111001101110100,b11111010000,b111010001100101011100110111010000110011010111110110001001110101011100100111001101110100,b100111000100000
10190000,b11110111,0,b111111111111111,0,0,1,1,1,1,0,0,b1111111100000000,b1000,b1010111,1,1,0,b1111111100000000,b1011,b0,b1010010110100101,0,b10,b111111111111111,b1111111111,1,b11110111,b10,b0,b1110100011001010111001101110100010111110111001001111000010111110110001101101111011011010111000001101100011001010111010001100101,b111010001100101011100110111010000110011010111110110001001110101011100100111001101110100,b111010001100101011100110111010000110011010111110110001001110101011100100111001101110100,b11111010000,b111010001100101011100110111010000110011010111110110001001110101011100100111001101110100,b100111000100000
10200000,b11110111,0,b111111111111111,0,0,1,0,1,1,0,0,b1111111100000000,b1000,b1011000,1,1,0,b1111111100000000,b1011,b0,b1010010110100101,0,b10,b111111111111111,b1111111111,1,b11110111,b10,b0,b1110100011001010111001101110100010111110111001001111000010111110110001101101111011011010111000001101100011001010111010001100101,b111010001100101011100110111010000110011010111110110001001110101011100100111001101110100,b111010001100101011100110111010000110011010111110110001001110101011100100111001101110100,b11111010000,b111010001100101011100110111010000110011010111110110001001110101011100100111001101110100,b100111000100000
10210000,b11110111,1,b111111111111111,0,0,1,1,1,1,0,0,b1111111100000000,b1000,b1011000,1,1,0,b1111111100000000,b1011,b1,b1010010110100101,1,b10,b111111111111111,b11111111111,1,b11110111,b10,b0,b1110100011001010111001101110100010111110111001001111000010111110110001101101111011011010111000001101100011001010111010001100101,b111010001100101011100110111010000110011010111110110001001110101011100100111001101110100,b111010001100101011100110111010000110011010111110110001001110101011100100111001101110100,b11111010000,b111010001100101011100110111010000110011010111110110001001110101011100100111001101110100,b100111000100000
10220000,b11110111,1,b111111111111111,0,0,1,0,1,1,0,0,b1111111100000000,b1000,b1011001,1,1,0,b1111111100000000,b1011,b1,b1010010110100101,1,b10,b111111111111111,b11111111111,1,b11110111,b10,b0,b1110100011001010111001101110100010111110111001001111000010111110110001101101111011011010111000001101100011001010111010001100101,b111010001100101011100110111010000110011010111110110001001110101011100100111001101110100,b111010001100101011100110111010000110011010111110110001001110101011100100111001101110100,b11111010000,b111010001100101011100110111010000110011010111110110001001110101011100100111001101110100,b100111000100000
10230000,b11110111,1,b111111111111111,0,0,1,1,1,1,0,0,b1111111100000000,b1000,b1011001,1,1,0,b1111111100000000,b1011,b10,b1010010110100101,1,b10,b111111111111111,b11111111111,1,b11110111,b10,b0,b1110100011001010111001101110100010111110111001001111000010111110110001101101111011011010111000001101100011001010111010001100101,b111010001100101011100110111010000110011010111110110001001110101011100100111001101110100,b111010001100101011100110111010000110011010111110110001001110101011100100111001101110100,b11111010000,b111010001100101011100110111010000110011010111110110001001110101011100100111001101110100,b100111000100000
10240000,b11110111,1,b111111111111111,0,0,1,0,1,1,0,0,b1111111100000000,b1000,b1011010,1,1,0,b1111111100000000,b1011,b10,b1010010110100101,1,b10,b111111111111111,b11111111111,1,b11110111,b10,b0,b1110100011001010111001101110100010111110111001001111000010111110110001101101111011011010111000001101100011001010111010001100101,b111010001100101011100110111010000110011010111110110001001110101011100100111001101110100,b111010001100101011100110111010000110011010111110110001001110101011100100111001101110100,b11111010000,b111010001100101011100110111010000110011010111110110001001110101011100100111001101110100,b100111000100000
10250000,b11110111,1,b111111111111111,0,0,1,1,1,1,0,0,b1111111100000000,b1000,b1011010,1,1,0,b1111111100000000,b1011,b11,b1010010110100101,1,b10,b111111111111111,b11111111111,1,b11110111,b10,b0,b1110100011001010111001101110100010111110111001001111000010111110110001101101111011011010111000001101100011001010111010001100101,b111010001100101011100110111010000110011010111110110001001110101011100100111001101110100,b111010001100101011100110111010000110011010111110110001001110101011100100111001101110100,b11111010000,b111010001100101011100110111010000110011010111110110001001110101011100100111001101110100,b100111000100000
10260000,b11110111,1,b111111111111111,0,0,1,0,1,1,0,0,b1111111100000000,b1000,b1011011,1,1,0,b1111111100000000,b1011,b11,b1010010110100101,1,b10,b111111111111111,b11111111111,1,b11110111,b10,b0,b1110100011001010111001101110100010111110111001001111000010111110110001101101111011011010111000001101100011001010111010001100101,b111010001100101011100110111010000110011010111110110001001110101011100100111001101110100,b111010001100101011100110111010000110011010111110110001001110101011100100111001101110100,b11111010000,b111010001100101011100110111010000110011010111110110001001110101011100100111001101110100,b100111000100000
10270000,b11110111,1,b111111111111111,0,0,1,1,1,1,0,0,b1111111100000000,b1000,b1011011,1,1,0,b1111111100000000,b1011,b0,b1010010110100101,1,b10,b111111111111111,b11111111111,0,b11110111,b10,b0,b1110100011001010111001101110100010111110111001001111000010111110110001101101111011011010111000001101100011001010111010001100101,b111010001100101011100110111010000110011010111110110001001110101011100100111001101110100,b111010001100101011100110111010000110011010111110110001001110101011100100111001101110100,b11111010000,b111010001100101011100110111010000110011010111110110001001110101011100100111001101110100,b100111000100000
10280000,b11110111,1,b111111111111111,0,0,1,0,1,1,0,0,b1111111100000000,b1000,b1011100,1,1,0,b1111111100000000,b1011,b0,b1010010110100101,1,b10,b111111111111111,b11111111111,0,b11110111,b10,b0,b1110100011001010111001101110100010111110111001001111000010111110110001101101111011011010111000001101100011001010111010001100101,b111010001100101011100110111010000110011010111110110001001110101011100100111001101110100,b111010001100101011100110111010000110011010111110110001001110101011100100111001101110100,b11111010000,b111010001100101011100110111010000110011010111110110001001110101011100100111001101110100,b100111000100000
10290000,b11110111,0,b111111111111111,0,0,1,1,1,1,0,0,b1111111100000000,b1000,b1011100,1,1,0,b1111111100000000,b1100,b1,b1010010110100101,0,b10,b111111111111111,b11111111111,0,b11110111,b10,b0,b1110100011001010111001101110100010111110111001001111000010111110110001101101111011011010111000001101100011001010111010001100101,b111010001100101011100110111010000110011010111110110001001110101011100100111001101110100,b111010001100101011100110111010000110011010111110110001001110101011100100111001101110100,b11111010000,b111010001100101011100110111010000110011010111110110001001110101011100100111001101110100,b100111000100000
10300000,b11110111,0,b111111111111111,0,0,1,0,1,1,0,0,b1111111100000000,b1000,b1011101,1,1,0,b1111111100000000,b1100,b1,b1010010110100101,0,b10,b111111111111111,b11111111111,0,b11110111,b10,b0,b1110100011001010111001101110100010111110111001001111000010111110110001101101111011011010111000001101100011001010111010001100101,b111010001100101011100110111010000110011010111110110001001110101011100100111001101110100,b111010001100101011100110111010000110011010111110110001001110101011100100111001101110100,b11111010000,b111010001100101011100110111010000110011010111110110001001110101011100100111001101110100,b100111000100000
10310000,b11110111,0,b111111111111111,0,0,1,1,1,1,0,0,b1111111100000000,b1000,b1011101,1,1,0,b1111111100000000,b1100,b10,b1010010110100101,0,b10,b111111111111111,b11111111111,0,b11110111,b10,b0,b1110100011001010111001101110100010111110111001001111000010111110110001101101111011011010111000001101100011001010111010001100101,b111010001100101011100110111010000110011010111110110001001110101011100100111001101110100,b111010001100101011100110111010000110011010111110110001001110101011100100111001101110100,b11111010000,b111010001100101011100110111010000110011010111110110001001110101011100100111001101110100,b100111000100000
10320000,b11110111,0,b111111111111111,0,0,1,0,1,1,0,0,b1111111100000000,b1000,b1011110,1,1,0,b1111111100000000,b1100,b10,b1010010110100101,0,b10,b111111111111111,b11111111111,0,b11110111,b10,b0,b1110100011001010111001101110100010111110111001001111000010111110110001101101111011011010111000001101100011001010111010001100101,b111010001100101011100110111010000110011010111110110001001110101011100100111001101110100,b111010001100101011100110111010000110011010111110110001001110101011100100111001101110100,b11111010000,b111010001100101011100110111010000110011010111110110001001110101011100100111001101110100,b100111000100000
10330000,b11110111,0,b111111111111111,0,0,1,1,1,1,0,0,b1111111100000000,b1000,b1011110,1,1,0,b1111111100000000,b1100,b11,b1010010110100101,0,b10,b111111111111111,b11111111111,0,b11110111,b10,b0,b1110100011001010111001101110100010111110111001001111000010111110110001101101111011011010111000001101100011001010111010001100101,b111010001100101011100110111010000110011010111110110001001110101011100100111001101110100,b111010001100101011100110111010000110011010111110110001001110101011100100111001101110100,b11111010000,b111010001100101011100110111010000110011010111110110001001110101011100100111001101110100,b100111000100000
10340000,b11110111,0,b111111111111111,0,0,1,0,1,1,0,0,b1111111100000000,b1000,b1011111,1,1,0,b1111111100000000,b1100,b11,b1010010110100101,0,b10,b111111111111111,b11111111111,0,b11110111,b10,b0,b1110100011001010111001101110100010111110111001001111000010111110110001101101111011011010111000001101100011001010111010001100101,b111010001100101011100110111010000110011010111110110001001110101011100100111001101110100,b111010001100101011100110111010000110011010111110110001001110101011100100111001101110100,b11111010000,b111010001100101011100110111010000110011010111110110001001110101011100100111001101110100,b100111000100000
10350000,b11110111,0,b111111111111111,0,0,1,1,1,1,0,0,b1111111100000000,b1000,b1011111,1,1,0,b1111111100000000,b1100,b0,b1010010110100101,0,b10,b111111111111111,b11111111111,1,b11110111,b10,b0,b1110100011001010111001101110100010111110111001001111000010111110110001101101111011011010111000001101100011001010111010001100101,b111010001100101011100110111010000110011010111110110001001110101011100100111001101110100,b111010001100101011100110111010000110011010111110110001001110101011100100111001101110100,b11111010000,b111010001100101011100110111010000110011010111110110001001110101011100100111001101110100,b100111000100000
10360000,b11110111,0,b111111111111111,0,0,1,0,1,1,0,0,b1111111100000000,b1000,b1100000,1,1,0,b1111111100000000,b1100,b0,b1010010110100101,0,b10,b111111111111111,b11111111111,1,b11110111,b10,b0,b1110100011001010111001101110100010111110111001001111000010111110110001101101111011011010111000001101100011001010111010001100101,b111010001100101011100110111010000110011010111110110001001110101011100100111001101110100,b111010001100101011100110111010000110011010111110110001001110101011100100111001101110100,b11111010000,b111010001100101011100110111010000110011010111110110001001110101011100100111001101110100,b100111000100000
10370000,b11110111,1,b111111111111111,0,0,1,1,1,1,0,0,b1111111100000000,b1000,b1100000,1,1,0,b1111111100000000,b1100,b1,b1010010110100101,1,b10,b111111111111111,b111111111111,1,b11110111,b10,b0,b1110100011001010111001101110100010111110111001001111000010111110110001101101111011011010111000001101100011001010111010001100101,b111010001100101011100110111010000110011010111110110001001110101011100100111001101110100,b111010001100101011100110111010000110011010111110110001001110101011100100111001101110100,b11111010000,b111010001100101011100110111010000110011010111110110001001110101011100100111001101110100,b100111000100000
10380000,b11110111,1,b111111111111111,0,0,1,0,1,1,0,0,b1111111100000000,b1000,b1100001,1,1,0,b1111111100000000,b1100,b1,b1010010110100101,1,b10,b111111111111111,b111111111111,1,b11110111,b10,b0,b1110100011001010111001101110100010111110111001001111000010111110110001101101111011011010111000001101100011001010111010001100101,b111010001100101011100110111010000110011010111110110001001110101011100100111001101110100,b111010001100101011100110111010000110011010111110110001001110101011100100111001101110100,b11111010000,b111010001100101011100110111010000110011010111110110001001110101011100100111001101110100,b100111000100000
10390000,b11110111,1,b111111111111111,0,0,1,1,1,1,0,0,b1111111100000000,b1000,b1100001,1,1,0,b1111111100000000,b1100,b10,b1010010110100101,1,b10,b111111111111111,b111111111111,1,b11110111,b10,b0,b1110100011001010111001101110100010111110111001001111000010111110110001101101111011011010111000001101100011001010111010001100101,b111010001100101011100110111010000110011010111110110001001110101011100100111001101110100,b111010001100101011100110111010000110011010111110110001001110101011100100111001101110100,b11111010000,b111010001100101011100110111010000110011010111110110001001110101011100100111001101110100,b100111000100000
10400000,b11110111,1,b111111111111111,0,0,1,0,1,1,0,0,b1111111100000000,b1000,b1100010,1,1,0,b1111111100000000,b1100,b10,b1010010110100101,1,b10,b111111111111111,b111111111111,1,b11110111,b10,b0,b1110100011001010111001101110100010111110111001001111000010111110110001101101111011011010111000001101100011001010111010001100101,b111010001100101011100110111010000110011010111110110001001110101011100100111001101110100,b111010001100101011100110111010000110011010111110110001001110101011100100111001101110100,b11111010000,b111010001100101011100110111010000110011010111110110001001110101011100100111001101110100,b100111000100000
10410000,b11110111,1,b111111111111111,0,0,1,1,1,1,0,0,b1111111100000000,b1000,b1100010,1,1,0,b1111111100000000,b1100,b11,b1010010110100101,1,b10,b111111111111111,b111111111111,1,b11110111,b10,b0,b1110100011001010111001101110100010111110111001001111000010111110110001101101111011011010111000001101100011001010111010001100101,b111010001100101011100110111010000110011010111110110001001110101011100100111001101110100,b111010001100101011100110111010000110011010111110110001001110101011100100111001101110100,b11111010000,b111010001100101011100110111010000110011010111110110001001110101011100100111001101110100,b100111000100000
10420000,b11110111,1,b111111111111111,0,0,1,0,1,1,0,0,b1111111100000000,b1000,b1100011,1,1,0,b1111111100000000,b1100,b11,b1010010110100101,1,b10,b111111111111111,b111111111111,1,b11110111,b10,b0,b1110100011001010111001101110100010111110111001001111000010111110110001101101111011011010111000001101100011001010111010001100101,b111010001100101011100110111010000110011010111110110001001110101011100100111001101110100,b111010001100101011100110111010000110011010111110110001001110101011100100111001101110100,b11111010000,b111010001100101011100110111010000110011010111110110001001110101011100100111001101110100,b100111000100000
10430000,b11110111,1,b111111111111111,0,0,1,1,1,1,0,0,b1111111100000000,b1000,b1100011,1,1,0,b1111111100000000,b1100,b0,b1010010110100101,1,b10,b111111111111111,b111111111111,0,b11110111,b10,b0,b1110100011001010111001101110100010111110111001001111000010111110110001101101111011011010111000001101100011001010111010001100101,b111010001100101011100110111010000110011010111110110001001110101011100100111001101110100,b111010001100101011100110111010000110011010111110110001001110101011100100111001101110100,b11111010000,b111010001100101011100110111010000110011010111110110001001110101011100100111001101110100,b100111000100000
10440000,b11110111,1,b111111111111111,0,0,1,0,1,1,0,0,b1111111100000000,b1000,b1100100,1,1,0,b1111111100000000,b1100,b0,b1010010110100101,1,b10,b111111111111111,b111111111111,0,b11110111,b10,b0,b1110100011001010111001101110100010111110111001001111000010111110110001101101111011011010111000001101100011001010111010001100101,b111010001100101011100110111010000110011010111110110001001110101011100100111001101110100,b111010001100101011100110111010000110011010111110110001001110101011100100111001101110100,b11111010000,b111010001100101011100110111010000110011010111110110001001110101011100100111001101110100,b100111000100000
10450000,b11110111,0,b111111111111111,0,0,1,1,1,1,0,0,b1111111100000000,b1000,b1100100,1,1,0,b1111111100000000,b1101,b1,b1010010110100101,0,b10,b111111111111111,b111111111111,0,b11110111,b10,b0,b1110100011001010111001101110100010111110111001001111000010111110110001101101111011011010111000001101100011001010111010001100101,b111010001100101011100110111010000110011010111110110001001110101011100100111001101110100,b111010001100101011100110111010000110011010111110110001001110101011100100111001101110100,b11111010000,b111010001100101011100110111010000110011010111110110001001110101011100100111001101110100,b100111000100000
10460000,b11110111,0,b111111111111111,0,0,1,0,1,1,0,0,b1111111100000000,b1000,b1100101,1,1,0,b1111111100000000,b1101,b1,b1010010110100101,0,b10,b111111111111111,b111111111111,0,b11110111,b10,b0,b1110100011001010111001101110100010111110111001001111000010111110110001101101111011011010111000001101100011001010111010001100101,b111010001100101011100110111010000110011010111110110001001110101011100100111001101110100,b111010001100101011100110111010000110011010111110110001001110101011100100111001101110100,b11111010000,b111010001100101011100110111010000110011010111110110001001110101011100100111001101110100,b100111000100000
10470000,b11110111,0,b111111111111111,0,0,1,1,1,1,0,0,b1111111100000000,b1000,b1100101,1,1,0,b1111111100000000,b1101,b10,b1010010110100101,0,b10,b111111111111111,b111111111111,0,b11110111,b10,b0,b1110100011001010111001101110100010111110111001001111000010111110110001101101111011011010111000001101100011001010111010001100101,b111010001100101011100110111010000110011010111110110001001110101011100100111001101110100,b111010001100101011100110111010000110011010111110110001001110101011100100111001101110100,b11111010000,b111010001100101011100110111010000110011010111110110001001110101011100100111001101110100,b100111000100000
10480000,b11110111,0,b111111111111111,0,0,1,0,1,1,0,0,b1111111100000000,b1000,b1100110,1,1,0,b1111111100000000,b1101,b10,b1010010110100101,0,b10,b111111111111111,b111111111111,0,b11110111,b10,b0,b1110100011001010111001101110100010111110111001001111000010111110110001101101111011011010111000001101100011001010111010001100101,b111010001100101011100110111010000110011010111110110001001110101011100100111001101110100,b111010001100101011100110111010000110011010111110110001001110101011100100111001101110100,b11111010000,b111010001100101011100110111010000110011010111110110001001110101011100100111001101110100,b100111000100000
10490000,b11110111,0,b111111111111111,0,0,1,1,1,1,0,0,b1111111100000000,b1000,b1100110,1,1,0,b1111111100000000,b1101,b11,b1010010110100101,0,b10,b111111111111111,b111111111111,0,b11110111,b10,b0,b1110100011001010111001101110100010111110111001001111000010111110110001101101111011011010111000001101100011001010111010001100101,b111010001100101011100110111010000110011010111110110001001110101011100100111001101110100,b111010001100101011100110111010000110011010111110110001001110101011100100111001101110100,b11111010000,b111010001100101011100110111010000110011010111110110001001110101011100100111001101110100,b100111000100000
10500000,b11110111,0,b111111111111111,0,0,1,0,1,1,0,0,b1111111100000000,b1000,b1100111,1,1,0,b1111111100000000,b1101,b11,b1010010110100101,0,b10,b111111111111111,b111111111111,0,b11110111,b10,b0,b1110100011001010111001101110100010111110111001001111000010111110110001101101111011011010111000001101100011001010111010001100101,b111010001100101011100110111010000110011010111110110001001110101011100100111001101110100,b111010001100101011100110111010000110011010111110110001001110101011100100111001101110100,b11111010000,b111010001100101011100110111010000110011010111110110001001110101011100100111001101110100,b100111000100000
10510000,b11110111,0,b111111111111111,0,0,1,1,1,1,0,0,b1111111100000000,b1000,b1100111,1,1,0,b1111111100000000,b1101,b0,b1010010110100101,0,b10,b111111111111111,b111111111111,1,b11110111,b10,b0,b1110100011001010111001101110100010111110111001001111000010111110110001101101111011011010111000001101100011001010111010001100101,b111010001100101011100110111010000110011010111110110001001110101011100100111001101110100,b111010001100101011100110111010000110011010111110110001001110101011100100111001101110100,b11111010000,b111010001100101011100110111010000110011010111110110001001110101011100100111001101110100,b100111000100000
10520000,b11110111,0,b111111111111111,0,0,1,0,1,1,0,0,b1111111100000000,b1000,b1101000,1,1,0,b1111111100000000,b1101,b0,b1010010110100101,0,b10,b111111111111111,b111111111111,1,b11110111,b10,b0,b1110100011001010111001101110100010111110111001001111000010111110110001101101111011011010111000001101100011001010111010001100101,b111010001100101011100110111010000110011010111110110001001110101011100100111001101110100,b111010001100101011100110111010000110011010111110110001001110101011100100111001101110100,b11111010000,b111010001100101011100110111010000110011010111110110001001110101011100100111001101110100,b100111000100000
10530000,b11110111,1,b111111111111111,0,0,1,1,1,1,0,0,b1111111100000000,b1000,b1101000,1,1,0,b1111111100000000,b1101,b1,b1010010110100101,1,b10,b111111111111111,b1111111111111,1,b11110111,b10,b0,b1110100011001010111001101110100010111110111001001111000010111110110001101101111011011010111000001101100011001010111010001100101,b111010001100101011100110111010000110011010111110110001001110101011100100111001101110100,b111010001100101011100110111010000110011010111110110001001110101011100100111001101110100,b11111010000,b111010001100101011100110111010000110011010111110110001001110101011100100111001101110100,b100111000100000
10540000,b11110111,1,b111111111111111,0,0,1,0,1,1,0,0,b1111111100000000,b1000,b1101001,1,1,0,b1111111100000000,b1101,b1,b1010010110100101,1,b10,b111111111111111,b1111111111111,1,b11110111,b10,b0,b1110100011001010111001101110100010111110111001001111000010111110110001101101111011011010111000001101100011001010111010001100101,b111010001100101011100110111010000110011010111110110001001110101011100100111001101110100,b111010001100101011100110111010000110011010111110110001001110101011100100111001101110100,b11111010000,b111010001100101011100110111010000110011010111110110001001110101011100100111001101110100,b100111000100000
10550000,b11110111,1,b111111111111111,0,0,1,1,1,1,0,0,b1111111100000000,b1000,b1101001,1,1,0,b1111111100000000,b1101,b10,b1010010110100101,1,b10,b111111111111111,b1111111111111,1,b11110111,b10,b0,b1110100011001010111001101110100010111110111001001111000010111110110001101101111011011010111000001101100011001010111010001100101,b111010001100101011100110111010000110011010111110110001001110101011100100111001101110100,b111010001100101011100110111010000110011010111110110001001110101011100100111001101110100,b11111010000,b111010001100101011100110111010000110011010111110110001001110101011100100111001101110100,b100111000100000
10560000,b11110111,1,b111111111111111,0,0,1,0,1,1,0,0,b1111111100000000,b1000,b1101010,1,1,0,b1111111100000000,b1101,b10,b1010010110100101,1,b10,b111111111111111,b1111111111111,1,b11110111,b10,b0,b1110100011001010111001101110100010111110111001001111000010111110110001101101111011011010111000001101100011001010111010001100101,b111010001100101011100110111010000110011010111110110001001110101011100100111001101110100,b111010001100101011100110111010000110011010111110110001001110101011100100111001101110100,b11111010000,b111010001100101011100110111010000110011010111110110001001110101011100100111001101110100,b100111000100000
10570000,b11110111,1,b111111111111111,0,0,1,1,1,1,0,0,b1111111100000000,b1000,b1101010,1,1,0,b1111111100000000,b1101,b11,b1010010110100101,1,b10,b111111111111111,b1111111111111,1,b11110111,b10,b0,b1110100011001010111001101110100010111110111001001111000010111110110001101101111011011010111000001101100011001010111010001100101,b111010001100101011100110111010000110011010111110110001001110101011100100111001101110100,b111010001100101011100110111010000110011010111110110001001110101011100100111001101110100,b11111010000,b111010001100101011100110111010000110011010111110110001001110101011100100111001101110100,b100111000100000
10580000,b11110111,1,b111111111111111,0,0,1,0,1,1,0,0,b1111111100000000,b1000,b1101011,1,1,0,b1111111100000000,b1101,b11,b1010010110100101,1,b10,b111111111111111,b1111111111111,1,b11110111,b10,b0,b1110100011001010111001101110100010111110111001001111000010111110110001101101111011011010111000001101100011001010111010001100101,b111010001100101011100110111010000110011010111110110001001110101011100100111001101110100,b111010001100101011100110111010000110011010111110110001001110101011100100111001101110100,b11111010000,b111010001100101011100110111010000110011010111110110001001110101011100100111001101110100,b100111000100000
10590000,b11110111,1,b111111111111111,0,0,1,1,1,1,0,0,b1111111100000000,b1000,b1101011,1,1,0,b1111111100000000,b1101,b0,b1010010110100101,1,b10,b111111111111111,b1111111111111,0,b11110111,b10,b0,b1110100011001010111001101110100010111110111001001111000010111110110001101101111011011010111000001101100011001010111010001100101,b111010001100101011100110111010000110011010111110110001001110101011100100111001101110100,b111010001100101011100110111010000110011010111110110001001110101011100100111001101110100,b11111010000,b111010001100101011100110111010000110011010111110110001001110101011100100111001101110100,b100111000100000
10600000,b11110111,1,b111111111111111,0,0,1,0,1,1,0,0,b1111111100000000,b1000,b1101100,1,1,0,b1111111100000000,b1101,b0,b1010010110100101,1,b10,b111111111111111,b1111111111111,0,b11110111,b10,b0,b1110100011001010111001101110100010111110111001001111000010111110110001101101111011011010111000001101100011001010111010001100101,b111010001100101011100110111010000110011010111110110001001110101011100100111001101110100,b111010001100101011100110111010000110011010111110110001001110101011100100111001101110100,b11111010000,b111010001100101011100110111010000110011010111110110001001110101011100100111001101110100,b100111000100000
10610000,b11110111,0,b111111111111111,0,0,1,1,1,1,0,0,b1111111100000000,b1000,b1101100,1,1,0,b1111111100000000,b1110,b1,b1010010110100101,0,b10,b111111111111111,b1111111111111,0,b11110111,b10,b0,b1110100011001010111001101110100010111110111001001111000010111110110001101101111011011010111000001101100011001010111010001100101,b111010001100101011100110111010000110011010111110110001001110101011100100111001101110100,b111010001100101011100110111010000110011010111110110001001110101011100100111001101110100,b11111010000,b111010001100101011100110111010000110011010111110110001001110101011100100111001101110100,b100111000100000
10620000,b11110111,0,b111111111111111,0,0,1,0,1,1,0,0,b1111111100000000,b1000,b1101101,1,1,0,b1111111100000000,b1110,b1,b1010010110100101,0,b10,b111111111111111,b1111111111111,0,b11110111,b10,b0,b1110100011001010111001101110100010111110111001001111000010111110110001101101111011011010111000001101100011001010111010001100101,b111010001100101011100110111010000110011010111110110001001110101011100100111001101110100,b111010001100101011100110111010000110011010111110110001001110101011100100111001101110100,b11111010000,b111010001100101011100110111010000110011010111110110001001110101011100100111001101110100,b100111000100000
10630000,b11110111,0,b111111111111111,0,0,1,1,1,1,0,0,b1111111100000000,b1000,b1101101,1,1,0,b1111111100000000,b1110,b10,b1010010110100101,0,b10,b111111111111111,b1111111111111,0,b11110111,b10,b0,b1110100011001010111001101110100010111110111001001111000010111110110001101101111011011010111000001101100011001010111010001100101,b111010001100101011100110111010000110011010111110110001001110101011100100111001101110100,b111010001100101011100110111010000110011010111110110001001110101011100100111001101110100,b11111010000,b111010001100101011100110111010000110011010111110110001001110101011100100111001101110100,b100111000100000
10640000,b11110111,0,b111111111111111,0,0,1,0,1,1,0,0,b1111111100000000,b1000,b1101110,1,1,0,b1111111100000000,b1110,b10,b1010010110100101,0,b10,b111111111111111,b1111111111111,0,b11110111,b10,b0,b1110100011001010111001101110100010111110111001001111000010111110110001101101111011011010111000001101100011001010111010001100101,b111010001100101011100110111010000110011010111110110001001110101011100100111001101110100,b111010001100101011100110111010000110011010111110110001001110101011100100111001101110100,b11111010000,b111010001100101011100110111010000110011010111110110001001110101011100100111001101110100,b100111000100000
10650000,b11110111,0,b111111111111111,0,0,1,1,1,1,0,0,b1111111100000000,b1000,b1101110,1,1,0,b1111111100000000,b1110,b11,b1010010110100101,0,b10,b111111111111111,b1111111111111,0,b11110111,b10,b0,b1110100011001010111001101110100010111110111001001111000010111110110001101101111011011010111000001101100011001010111010001100101,b111010001100101011100110111010000110011010111110110001001110101011100100111001101110100,b111010001100101011100110111010000110011010111110110001001110101011100100111001101110100,b11111010000,b111010001100101011100110111010000110011010111110110001001110101011100100111001101110100,b100111000100000
10660000,b11110111,0,b111111111111111,0,0,1,0,1,1,0,0,b1111111100000000,b1000,b1101111,1,1,0,b1111111100000000,b1110,b11,b1010010110100101,0,b10,b111111111111111,b1111111111111,0,b11110111,b10,b0,b1110100011001010111001101110100010111110111001001111000010111110110001101101111011011010111000001101100011001010111010001100101,b111010001100101011100110111010000110011010111110110001001110101011100100111001101110100,b111010001100101011100110111010000110011010111110110001001110101011100100111001101110100,b11111010000,b111010001100101011100110111010000110011010111110110001001110101011100100111001101110100,b100111000100000
10670000,b11110111,0,b111111111111111,0,0,1,1,1,1,0,0,b1111111100000000,b1000,b1101111,1,1,0,b1111111100000000,b1110,b0,b1010010110100101,0,b10,b111111111111111,b1111111111111,1,b11110111,b10,b0,b1110100011001010111001101110100010111110111001001111000010111110110001101101111011011010111000001101100011001010111010001100101,b111010001100101011100110111010000110011010111110110001001110101011100100111001101110100,b111010001100101011100110111010000110011010111110110001001110101011100100111001101110100,b11111010000,b111010001100101011100110111010000110011010111110110001001110101011100100111001101110100,b100111000100000
10680000,b11110111,0,b111111111111111,0,0,1,0,1,1,0,0,b1111111100000000,b1000,b1110000,1,1,0,b1111111100000000,b1110,b0,b1010010110100101,0,b10,b111111111111111,b1111111111111,1,b11110111,b10,b0,b1110100011001010111001101110100010111110111001001111000010111110110001101101111011011010111000001101100011001010111010001100101,b111010001100101011100110111010000110011010111110110001001110101011100100111001101110100,b111010001100101011100110111010000110011010111110110001001110101011100100111001101110100,b11111010000,b111010001100101011100110111010000110011010111110110001001110101011100100111001101110100,b100111000100000
10690000,b11110111,1,b111111111111111,0,0,1,1,1,1,0,0,b1111111100000000,b1000,b1110000,1,1,0,b1111111100000000,b1110,b1,b1010010110100101,1,b10,b111111111111111,b11111111111111,1,b11110111,b10,b0,b1110100011001010111001101110100010111110111001001111000010111110110001101101111011011010111000001101100011001010111010001100101,b111010001100101011100110111010000110011010111110110001001110101011100100111001101110100,b111010001100101011100110111010000110011010111110110001001110101011100100111001101110100,b11111010000,b111010001100101011100110111010000110011010111110110001001110101011100100111001101110100,b100111000100000
10700000,b11110111,1,b111111111111111,0,0,1,0,1,1,0,0,b1111111100000000,b1000,b1110001,1,1,0,b1111111100000000,b1110,b1,b1010010110100101,1,b10,b111111111111111,b11111111111111,1,b11110111,b10,b0,b1110100011001010111001101110100010111110111001001111000010111110110001101101111011011010111000001101100011001010111010001100101,b111010001100101011100110111010000110011010111110110001001110101011100100111001101110100,b111010001100101011100110111010000110011010111110110001001110101011100100111001101110100,b11111010000,b111010001100101011100110111010000110011010111110110001001110101011100100111001101110100,b100111000100000
10710000,b11110111,1,b111111111111111,0,0,1,1,1,1,0,0,b1111111100000000,b1000,b1110001,1,1,0,b1111111100000000,b1110,b10,b1010010110100101,1,b10,b111111111111111,b11111111111111,1,b11110111,b10,b0,b1110100011001010111001101110100010111110111001001111000010111110110001101101111011011010111000001101100011001010111010001100101,b111010001100101011100110111010000110011010111110110001001110101011100100111001101110100,b111010001100101011100110111010000110011010111110110001001110101011100100111001101110100,b11111010000,b111010001100101011100110111010000110011010111110110001001110101011100100111001101110100,b100111000100000
10720000,b11110111,1,b111111111111111,0,0,1,0,1,1,0,0,b1111111100000000,b1000,b1110010,1,1,0,b1111111100000000,b1110,b10,b1010010110100101,1,b10,b111111111111111,b11111111111111,1,b11110111,b10,b0,b1110100011001010111001101110100010111110111001001111000010111110110001101101111011011010111000001101100011001010111010001100101,b111010001100101011100110111010000110011010111110110001001110101011100100111001101110100,b111010001100101011100110111010000110011010111110110001001110101011100100111001101110100,b11111010000,b111010001100101011100110111010000110011010111110110001001110101011100100111001101110100,b100111000100000
10730000,b11110111,1,b111111111111111,0,0,1,1,1,1,0,0,b1111111100000000,b1000,b1110010,1,1,0,b1111111100000000,b1110,b11,b1010010110100101,1,b10,b111111111111111,b11111111111111,1,b11110111,b10,b0,b1110100011001010111001101110100010111110111001001111000010111110110001101101111011011010111000001101100011001010111010001100101,b111010001100101011100110111010000110011010111110110001001110101011100100111001101110100,b111010001100101011100110111010000110011010111110110001001110101011100100111001101110100,b11111010000,b111010001100101011100110111010000110011010111110110001001110101011100100111001101110100,b100111000100000
10740000,b11110111,1,b111111111111111,0,0,1,0,1,1,0,0,b1111111100000000,b1000,b1110011,1,1,0,b1111111100000000,b1110,b11,b1010010110100101,1,b10,b111111111111111,b11111111111111,1,b11110111,b10,b0,b1110100011001010111001101110100010111110111001001111000010111110110001101101111011011010111000001101100011001010111010001100101,b111010001100101011100110111010000110011010111110110001001110101011100100111001101110100,b111010001100101011100110111010000110011010111110110001001110101011100100111001101110100,b11111010000,b111010001100101011100110111010000110011010111110110001001110101011100100111001101110100,b100111000100000
10750000,b11110111,1,b111111111111111,0,0,1,1,1,1,0,0,b1111111100000000,b1000,b1110011,1,1,0,b1111111100000000,b1110,b0,b1010010110100101,1,b10,b111111111111111,b11111111111111,0,b11110111,b10,b0,b1110100011001010111001101110100010111110111001001111000010111110110001101101111011011010111000001101100011001010111010001100101,b111010001100101011100110111010000110011010111110110001001110101011100100111001101110100,b111010001100101011100110111010000110011010111110110001001110101011100100111001101110100,b11111010000,b111010001100101011100110111010000110011010111110110001001110101011100100111001101110100,b100111000100000
10760000,b11110111,1,b111111111111111,0,0,1,0,1,1,0,0,b1111111100000000,b1000,b1110100,1,1,0,b1111111100000000,b1110,b0,b1010010110100101,1,b10,b111111111111111,b11111111111111,0,b11110111,b10,b0,b1110100011001010111001101110100010111110111001001111000010111110110001101101111011011010111000001101100011001010111010001100101,b111010001100101011100110111010000110011010111110110001001110101011100100111001101110100,b111010001100101011100110111010000110011010111110110001001110101011100100111001101110100,b11111010000,b111010001100101011100110111010000110011010111110110001001110101011100100111001101110100,b100111000100000
10770000,b11110111,0,b111111111111111,0,0,1,1,1,1,0,0,b1111111100000000,b1000,b1110100,1,1,0,b1111111100000000,b1111,b1,b1010010110100101,0,b10,b111111111111111,b11111111111111,0,b11110111,b10,b0,b1110100011001010111001101110100010111110111001001111000010111110110001101101111011011010111000001101100011001010111010001100101,b111010001100101011100110111010000110011010111110110001001110101011100100111001101110100,b111010001100101011100110111010000110011010111110110001001110101011100100111001101110100,b11111010000,b111010001100101011100110111010000110011010111110110001001110101011100100111001101110100,b100111000100000
10780000,b11110111,0,b111111111111111,0,0,1,0,1,1,0,0,b1111111100000000,b1000,b1110101,1,1,0,b1111111100000000,b1111,b1,b1010010110100101,0,b10,b111111111111111,b11111111111111,0,b11110111,b10,b0,b1110100011001010111001101110100010111110111001001111000010111110110001101101111011011010111000001101100011001010111010001100101,b111010001100101011100110111010000110011010111110110001001110101011100100111001101110100,b111010001100101011100110111010000110011010111110110001001110101011100100111001101110100,b11111010000,b111010001100101011100110111010000110011010111110110001001110101011100100111001101110100,b100111000100000
10790000,b11110111,0,b111111111111111,0,0,1,1,1,1,0,0,b1111111100000000,b1000,b1110101,1,1,0,b1111111100000000,b1111,b10,b1010010110100101,0,b10,b111111111111111,b11111111111111,0,b11110111,b10,b0,b1110100011001010111001101110100010111110111001001111000010111110110001101101111011011010111000001101100011001010111010001100101,b111010001100101011100110111010000110011010111110110001001110101011100100111001101110100,b111010001100101011100110111010000110011010111110110001001110101011100100111001101110100,b11111010000,b111010001100101011100110111010000110011010111110110001001110101011100100111001101110100,b100111000100000
10800000,b11110111,0,b111111111111111,0,0,1,0,1,1,0,0,b1111111100000000,b1000,b1110110,1,1,0,b1111111100000000,b1111,b10,b1010010110100101,0,b10,b111111111111111,b11111111111111,0,b11110111,b10,b0,b1110100011001010111001101110100010111110111001001111000010111110110001101101111011011010111000001101100011001010111010001100101,b111010001100101011100110111010000110011010111110110001001110101011100100111001101110100,b111010001100101011100110111010000110011010111110110001001110101011100100111001101110100,b11111010000,b111010001100101011100110111010000110011010111110110001001110101011100100111001101110100,b100111000100000
10810000,b11110111,0,b111111111111111,0,0,1,1,1,1,0,0,b1111111100000000,b1000,b1110110,1,1,0,b1111111100000000,b1111,b11,b1010010110100101,0,b10,b111111111111111,b11111111111111,0,b11110111,b10,b0,b1110100011001010111001101110100010111110111001001111000010111110110001101101111011011010111000001101100011001010111010001100101,b111010001100101011100110111010000110011010111110110001001110101011100100111001101110100,b111010001100101011100110111010000110011010111110110001001110101011100100111001101110100,b11111010000,b111010001100101011100110111010000110011010111110110001001110101011100100111001101110100,b100111000100000
10820000,b11110111,0,b111111111111111,0,0,1,0,1,1,0,0,b1111111100000000,b1000,b1110111,1,1,0,b1111111100000000,b1111,b11,b1010010110100101,0,b10,b111111111111111,b11111111111111,0,b11110111,b10,b0,b1110100011001010111001101110100010111110111001001111000010111110110001101101111011011010111000001101100011001010111010001100101,b111010001100101011100110111010000110011010111110110001001110101011100100111001101110100,b111010001100101011100110111010000110011010111110110001001110101011100100111001101110100,b11111010000,b111010001100101011100110111010000110011010111110110001001110101011100100111001101110100,b100111000100000
10830000,b11110111,0,b111111111111111,0,0,1,1,1,1,0,0,b1111111100000000,b1000,b1110111,1,1,0,b1111111100000000,b1111,b0,b1010010110100101,0,b10,b111111111111111,b11111111111111,1,b11110111,b10,b0,b1110100011001010111001101110100010111110111001001111000010111110110001101101111011011010111000001101100011001010111010001100101,b111010001100101011100110111010000110011010111110110001001110101011100100111001101110100,b111010001100101011100110111010000110011010111110110001001110101011100100111001101110100,b11111010000,b111010001100101011100110111010000110011010111110110001001110101011100100111001101110100,b100111000100000
10840000,b11110111,0,b111111111111111,0,0,1,0,1,1,0,0,b1111111100000000,b1000,b1111000,1,1,0,b1111111100000000,b1111,b0,b1010010110100101,0,b10,b111111111111111,b11111111111111,1,b11110111,b10,b0,b1110100011001010111001101110100010111110111001001111000010111110110001101101111011011010111000001101100011001010111010001100101,b111010001100101011100110111010000110011010111110110001001110101011100100111001101110100,b111010001100101011100110111010000110011010111110110001001110101011100100111001101110100,b11111010000,b111010001100101011100110111010000110011010111110110001001110101011100100111001101110100,b100111000100000
10850000,b11110111,1,b111111111111111,0,0,1,1,1,1,0,0,b1111111100000000,b1000,b1111000,1,1,0,b1111111100000000,b1111,b1,b1010010110100101,1,b10,b111111111111111,b111111111111111,1,b11110111,b10,b0,b1110100011001010111001101110100010111110111001001111000010111110110001101101111011011010111000001101100011001010111010001100101,b111010001100101011100110111010000110011010111110110001001110101011100100111001101110100,b111010001100101011100110111010000110011010111110110001001110101011100100111001101110100,b11111010000,b111010001100101011100110111010000110011010111110110001001110101011100100111001101110100,b100111000100000
10860000,b11110111,1,b111111111111111,0,0,1,0,1,1,0,0,b1111111100000000,b1000,b1111001,1,1,0,b1111111100000000,b1111,b1,b1010010110100101,1,b10,b111111111111111,b111111111111111,1,b11110111,b10,b0,b1110100011001010111001101110100010111110111001001111000010111110110001101101111011011010111000001101100011001010111010001100101,b111010001100101011100110111010000110011010111110110001001110101011100100111001101110100,b111010001100101011100110111010000110011010111110110001001110101011100100111001101110100,b11111010000,b111010001100101011100110111010000110011010111110110001001110101011100100111001101110100,b100111000100000
10870000,b11110111,1,b111111111111111,0,0,1,1,1,1,0,0,b1111111100000000,b1000,b1111001,1,1,0,b1111111100000000,b1111,b10,b1010010110100101,1,b10,b111111111111111,b111111111111111,1,b11110111,b10,b0,b1110100011001010111001101110100010111110111001001111000010111110110001101101111011011010111000001101100011001010111010001100101,b111010001100101011100110111010000110011010111110110001001110101011100100111001101110100,b111010001100101011100110111010000110011010111110110001001110101011100100111001101110100,b11111010000,b111010001100101011100110111010000110011010111110110001001110101011100100111001101110100,b100111000100000
10880000,b11110111,1,b111111111111111,0,0,1,0,1,1,0,0,b1111111100000000,b1000,b1111010,1,1,0,b1111111100000000,b1111,b10,b1010010110100101,1,b10,b111111111111111,b111111111111111,1,b11110111,b10,b0,b1110100011001010111001101110100010111110111001001111000010111110110001101101111011011010111000001101100011001010111010001100101,b111010001100101011100110111010000110011010111110110001001110101011100100111001101110100,b111010001100101011100110111010000110011010111110110001001110101011100100111001101110100,b11111010000,b111010001100101011100110111010000110011010111110110001001110101011100100111001101110100,b100111000100000
10890000,b11110111,1,b111111111111111,0,0,1,1,1,1,0,0,b1111111100000000,b1000,b1111010,1,1,0,b1111111100000000,b1111,b11,b1010010110100101,1,b10,b111111111111111,b111111111111111,1,b11110111,b10,b0,b1110100011001010111001101110100010111110111001001111000010111110110001101101111011011010111000001101100011001010111010001100101,b111010001100101011100110111010000110011010111110110001001110101011100100111001101110100,b111010001100101011100110111010000110011010111110110001001110101011100100111001101110100,b11111010000,b111010001100101011100110111010000110011010111110110001001110101011100100111001101110100,b100111000100000
10900000,b11110111,1,b111111111111111,0,0,1,0,1,1,0,0,b1111111100000000,b1000,b1111011,1,1,0,b1111111100000000,b1111,b11,b1010010110100101,1,b10,b111111111111111,b111111111111111,1,b11110111,b10,b0,b1110100011001010111001101110100010111110111001001111000010111110110001101101111011011010111000001101100011001010111010001100101,b111010001100101011100110111010000110011010111110110001001110101011100100111001101110100,b111010001100101011100110111010000110011010111110110001001110101011100100111001101110100,b11111010000,b111010001100101011100110111010000110011010111110110001001110101011100100111001101110100,b100111000100000
10910000,b11110111,1,b111111111111111,0,0,1,1,1,1,0,0,b1111111100000000,b1000,b1111011,1,1,0,b1111111100000000,b1111,b0,b1010010110100101,1,b10,b111111111111111,b111111111111111,0,b11110111,b10,b0,b1110100011001010111001101110100010111110111001001111000010111110110001101101111011011010111000001101100011001010111010001100101,b111010001100101011100110111010000110011010111110110001001110101011100100111001101110100,b111010001100101011100110111010000110011010111110110001001110101011100100111001101110100,b11111010000,b111010001100101011100110111010000110011010111110110001001110101011100100111001101110100,b100111000100000
10920000,b11110111,1,b111111111111111,0,0,1,0,1,1,0,0,b1111111100000000,b1000,b1111100,1,1,0,b1111111100000000,b1111,b0,b1010010110100101,1,b10,b111111111111111,b111111111111111,0,b11110111,b10,b0,b1110100011001010111001101110100010111110111001001111000010111110110001101101111011011010111000001101100011001010111010001100101,b111010001100101011100110111010000110011010111110110001001110101011100100111001101110100,b111010001100101011100110111010000110011010111110110001001110101011100100111001101110100,b11111010000,b111010001100101011100110111010000110011010111110110001001110101011100100111001101110100,b100111000100000
10930000,b11110111,0,b111111111111111,0,0,1,1,1,1,0,0,b1111111100000000,b1000,b1111100,1,1,0,b1111111100000000,b10000,b1,b1010010110100101,0,b10,b111111111111111,b111111111111111,0,b11110111,b10,b0,b1110100011001010111001101110100010111110111001001111000010111110110001101101111011011010111000001101100011001010111010001100101,b111010001100101011100110111010000110011010111110110001001110101011100100111001101110100,b111010001100101011100110111010000110011010111110110001001110101011100100111001101110100,b11111010000,b111010001100101011100110111010000110011010111110110001001110101011100100111001101110100,b100111000100000
10940000,b11110111,0,b111111111111111,0,0,1,0,1,1,0,0,b1111111100000000,b1000,b1111101,1,1,0,b1111111100000000,b10000,b1,b1010010110100101,0,b10,b111111111111111,b111111111111111,0,b11110111,b10,b0,b1110100011001010111001101110100010111110111001001111000010111110110001101101111011011010111000001101100011001010111010001100101,b111010001100101011100110111010000110011010111110110001001110101011100100111001101110100,b111010001100101011100110111010000110011010111110110001001110101011100100111001101110100,b11111010000,b111010001100101011100110111010000110011010111110110001001110101011100100111001101110100,b100111000100000
10950000,b11110111,0,b111111111111111,0,0,1,1,1,1,0,0,b1111111100000000,b1000,b1111101,1,1,0,b1111111100000000,b10000,b10,b1010010110100101,0,b10,b111111111111111,b111111111111111,0,b11110111,b10,b0,b1110100011001010111001101110100010111110111001001111000010111110110001101101111011011010111000001101100011001010111010001100101,b111010001100101011100110111010000110011010111110110001001110101011100100111001101110100,b111010001100101011100110111010000110011010111110110001001110101011100100111001101110100,b11111010000,b111010001100101011100110111010000110011010111110110001001110101011100100111001101110100,b100111000100000
10960000,b11110111,0,b111111111111111,0,0,1,0,1,1,0,0,b1111111100000000,b1000,b1111110,1,1,0,b1111111100000000,b10000,b10,b1010010110100101,0,b10,b111111111111111,b111111111111111,0,b11110111,b10,b0,b1110100011001010111001101110100010111110111001001111000010111110110001101101111011011010111000001101100011001010111010001100101,b111010001100101011100110111010000110011010111110110001001110101011100100111001101110100,b111010001100101011100110111010000110011010111110110001001110101011100100111001101110100,b11111010000,b111010001100101011100110111010000110011010111110110001001110101011100100111001101110100,b100111000100000
10970000,b11110111,0,b111111111111111,0,0,1,1,1,1,0,0,b1111111100000000,b1000,b1111110,1,1,0,b1111111100000000,b10000,b11,b1010010110100101,0,b10,b111111111111111,b111111111111111,0,b11110111,b10,b0,b1110100011001010111001101110100010111110111001001111000010111110110001101101111011011010111000001101100011001010111010001100101,b111010001100101011100110111010000110011010111110110001001110101011100100111001101110100,b111010001100101011100110111010000110011010111110110001001110101011100100111001101110100,b11111010000,b111010001100101011100110111010000110011010111110110001001110101011100100111001101110100,b100111000100000
10980000,b11110111,0,b111111111111111,0,0,1,0,1,1,0,0,b1111111100000000,b1000,b1111111,1,1,0,b1111111100000000,b10000,b11,b1010010110100101,0,b10,b111111111111111,b111111111111111,0,b11110111,b10,b0,b1110100011001010111001101110100010111110111001001111000010111110110001101101111011011010111000001101100011001010111010001100101,b111010001100101011100110111010000110011010111110110001001110101011100100111001101110100,b111010001100101011100110111010000110011010111110110001001110101011100100111001101110100,b11111010000,b111010001100101011100110111010000110011010111110110001001110101011100100111001101110100,b100111000100000
10990000,b11110111,0,b111111111111111,0,0,1,1,1,1,0,0,b1111111100000000,b1000,b1111111,1,1,0,b1111111100000000,b10000,b0,b1010010110100101,0,b100,b111111111111111,b111111111111111,1,b11110111,b10,b0,b1110100011001010111001101110100010111110111001001111000010111110110001101101111011011010111000001101100011001010111010001100101,b111010001100101011100110111010000110011010111110110001001110101011100100111001101110100,b111010001100101011100110111010000110011010111110110001001110101011100100111001101110100,b11111010000,b111010001100101011100110111010000110011010111110110001001110101011100100111001101110100,b100111000100000
11000000,b11110111,0,b111111111111111,0,0,1,0,1,1,0,0,b1111111100000000,b1000,b10000000,1,1,0,b1111111100000000,b10000,b0,b1010010110100101,0,b100,b111111111111111,b111111111111111,1,b11110111,b10,b0,b1110100011001010111001101110100010111110111001001111000010111110110001101101111011011010111000001101100011001010111010001100101,b111010001100101011100110111010000110011010111110110001001110101011100100111001101110100,b111010001100101011100110111010000110011010111110110001001110101011100100111001101110100,b11111010000,b111010001100101011100110111010000110011010111110110001001110101011100100111001101110100,b100111000100000
11010000,b11111111,1,b1111111111111111,0,1,0,1,1,1,0,0,b1111111100000000,b1000,b10000000,1,1,0,b1111111100000000,b10000,b1,b1010010110100101,1,b0,b1111111111111111,b1111111111111111,1,b11111111,b100,b0,b1110100011001010111001101110100010111110111001001111000010111110110001101101111011011010111000001101100011001010111010001100101,b111010001100101011100110111010000110011010111110110001001110101011100100111001101110100,b111010001100101011100110111010000110011010111110110001001110101011100100111001101110100,b11111010000,b111010001100101011100110111010000110011010111110110001001110101011100100111001101110100,b100111000100000
11020000,b11111111,1,b1111111111111111,0,1,0,0,1,1,0,1,b1010101111001101,b1000,b10000001,1,1,0,b1010101111001101,b10000,b1,b1010010110100101,1,b0,b1111111111111111,b1111111111111111,1,b11111111,b100,b0,b111010001100101011100110111010000110011010111110110001001110101011100100111001101110100010111110110001101101111011011010111000001101100011001010111010001100101,b111010001100101011100110111010000110011010111110110001001110101011100100111001101110100,b111010001100101011100110111010000110011010111110110001001110101011100100111001101110100,b11111010000,b111010001100101011100110111010000110011010111110110001001110101011100100111001101110100,b100111000100000
11030000,b11111111,1,b1111111111111111,0,0,0,1,1,1,0,1,b1010101111001101,b1000,b10000001,1,1,0,b1010101111001101,b10000,b0,b1010010110100101,1,b1,b1111111111111111,b1111111111111111,1,b11111111,b0,b0,b111010001100101011100110111010000110011010111110110001001110101011100100111001101110100010111110110001101101111011011010111000001101100011001010111010001100101,b111010001100101011100110111010000110011010111110110001001110101011100100111001101110100,b111010001100101011100110111010000110011010111110110001001110101011100100111001101110100,b11111010000,b111010001100101011100110111010000110011010111110110001001110101011100100111001101110100,b100111000100000
11040000,b11111111,1,b1111111111111111,0,0,0,0,1,1,0,1,b1010101111001101,b1000,b10000001,1,1,0,b1010101111001101,b10000,b0,b1010010110100101,1,b1,b1111111111111111,b1111111111111111,1,b11111111,b0,b0,b111010001100101011100110111010000110011010111110110001001110101011100100111001101110100010111110110001101101111011011010111000001101100011001010111010001100101,b111010001100101011100110111010000110011010111110110001001110101011100100111001101110100,b111010001100101011100110111010000110011010111110110001001110101011100100111001101110100,b11111010000,b111010001100101011100110111010000110011010111110110001001110101011100100111001101110100,b100111000100000
11050000,b11110111,1,b1111111111111111,0,0,1,1,1,1,0,1,b1010101111001101,b1000,b10000001,1,1,0,b1010101111001101,b10000,b0,b1010010110100101,1,b10,b1111111111111111,b1111111111111111,1,b11110111,b1,b0,b111010001100101011100110111010000110011010111110110001001110101011100100111001101110100010111110110001101101111011011010111000001101100011001010111010001100101,b111010001100101011100110111010000110011010111110110001001110101011100100111001101110100,b111010001100101011100110111010000110011010111110110001001110101011100100111001101110100,b11111010000,b111010001100101011100110111010000110011010111110110001001110101011100100111001101110100,b100111000100000
11060000,b11110111,1,b1111111111111111,0,0,1,0,1,1,0,1,b1010101111001101,b1000,b10000001,1,1,0,b1010101111001101,b10000,b0,b1010010110100101,1,b10,b1111111111111111,b1111111111111111,1,b11110111,b1,b0,b111010001100101011100110111010000110011010111110110001001110101011100100111001101110100010111110110001101101111011011010111000001101100011001010111010001100101,b111010001100101011100110111010000110011010111110110001001110101011100100111001101110100,b111010001100101011100110111010000110011010111110110001001110101011100100111001101110100,b11111010000,b111010001100101011100110111010000110011010111110110001001110101011100100111001101110100,b100111000100000
11070000,b11110111,1,b1111111111111111,0,0,1,1,1,1,0,0,b1010101111001101,b1000,b0,1,1,0,b1010101111001101,b0,b0,b1010010110100101,1,b10,b1111111111111111,b0,1,b11110111,b10,b1010101111001101,b111010001100101011100110111010000110011010111110110001001110101011100100111001101110100010111110110001101101111011011010111000001101100011001010111010001100101,b11101000110010101110011011101000011010001011111011000110110111101101110011001100110100101100111,b11101000110010101110011011101000011010001011111011000110110111101101110011001100110100101100111,b11111010000,b11101000110010101110011011101000011010001011111011000110110111101101110011001100110100101100111,b100111000100000
11080000,b11110111,1,b1111111111111111,0,0,1,0,1,1,0,0,b1010101111001101,b1000,b0,1,1,0,b1010101111001101,b0,b0,b1010010110100101,1,b10,b1111111111111111,b0,1,b11110111,b10,b1010101111001101,b111010001100101011100110111010000110011010111110110001001110101011100100111001101110100010111110110001101101111011011010111000001101100011001010111010001100101,b11101000110010101110011011101000011010001011111011000110110111101101110011001100110100101100111,b11101000110010101110011011101000011010001011111011000110110111101101110011001100110100101100111,b11111010000,b11101000110010101110011011101000011010001011111011000110110111101101110011001100110100101100111,b100111000100000
11090000,b11110111,1,b1111111111111111,0,0,1,1,1,1,0,0,b1010101111001101,b1000,b1,1,1,0,b1010101111001101,b0,b1,b1010010110100101,1,b10,b1111111111111111,b0,1,b11110111,b10,b1010101111001101,b111010001100101011100110111010000110011010111110110001001110101011100100111001101110100010111110110001101101111011011010111000001101100011001010111010001100101,b11101000110010101110011011101000011010001011111011000110110111101101110011001100110100101100111,b11101000110010101110011011101000011010001011111011000110110111101101110011001100110100101100111,b11111010000,b11101000110010101110011011101000011010001011111011000110110111101101110011001100110100101100111,b100111000100000
11100000,b11110111,1,b1111111111111111,0,0,1,0,1,1,0,0,b1010101111001101,b1000,b1,1,1,0,b1010101111001101,b0,b1,b1010010110100101,1,b10,b1111111111111111,b0,1,b11110111,b10,b1010101111001101,b111010001100101011100110111010000110011010111110110001001110101011100100111001101110100010111110110001101101111011011010111000001101100011001010111010001100101,b11101000110010101110011011101000011010001011111011000110110111101101110011001100110100101100111,b11101000110010101110011011101000011010001011111011000110110111101101110011001100110100101100111,b11111010000,b11101000110010101110011011101000011010001011111011000110110111101101110011001100110100101100111,b100111000100000
11110000,b11110111,1,b1111111111111111,0,0,1,1,1,1,0,0,b1010101111001101,b1000,b10,1,1,0,b1010101111001101,b0,b10,b1010010110100101,1,b10,b1111111111111111,b0,1,b11110111,b10,b1010101111001101,b111010001100101011100110111010000110011010111110110001001110101011100100111001101110100010111110110001101101111011011010111000001101100011001010111010001100101,b11101000110010101110011011101000011010001011111011000110110111101101110011001100110100101100111,b11101000110010101110011011101000011010001011111011000110110111101101110011001100110100101100111,b11111010000,b11101000110010101110011011101000011010001011111011000110110111101101110011001100110100101100111,b100111000100000
11120000,b11110111,1,b1111111111111111,0,0,1,0,1,1,0,0,b1010101111001101,b1000,b10,1,1,0,b1010101111001101,b0,b10,b1010010110100101,1,b10,b1111111111111111,b0,1,b11110111,b10,b1010101111001101,b111010001100101011100110111010000110011010111110110001001110101011100100111001101110100010111110110001101101111011011010111000001101100011001010111010001100101,b11101000110010101110011011101000011010001011111011000110110111101101110011001100110100101100111,b11101000110010101110011011101000011010001011111011000110110111101101110011001100110100101100111,b11111010000,b11101000110010101110011011101000011010001011111011000110110111101101110011001100110100101100111,b100111000100000
11130000,b11110111,1,b1111111111111111,0,0,1,1,1,1,0,0,b1010101111001101,b1000,b11,1,1,0,b1010101111001101,b0,b11,b1010010110100101,1,b10,b1111111111111111,b0,1,b11110111,b10,b1010101111001101,b111010001100101011100110111010000110011010111110110001001110101011100100111001101110100010111110110001101101111011011010111000001101100011001010111010001100101,b11101000110010101110011011101000011010001011111011000110110111101101110011001100110100101100111,b11101000110010101110011011101000011010001011111011000110110111101101110011001100110100101100111,b11111010000,b11101000110010101110011011101000011010001011111011000110110111101101110011001100110100101100111,b100111000100000
11140000,b11110111,1,b1111111111111111,0,0,1,0,1,1,0,0,b1010101111001101,b1000,b11,1,1,0,b1010101111001101,b0,b11,b1010010110100101,1,b10,b1111111111111111,b0,1,b11110111,b10,b1010101111001101,b111010001100101011100110111010000110011010111110110001001110101011100100111001101110100010111110110001101101111011011010111000001101100011001010111010001100101,b11101000110010101110011011101000011010001011111011000110110111101101110011001100110100101100111,b11101000110010101110011011101000011010001011111011000110110111101101110011001100110100101100111,b11111010000,b11101000110010101110011011101000011010001011111011000110110111101101110011001100110100101100111,b100111000100000
11150000,b11110111,1,b1111111111111111,0,0,1,1,1,1,0,0,b1010101111001101,b1000,b100,1,1,0,b1010101111001101,b0,b0,b1010010110100101,1,b10,b1111111111111111,b0,0,b11110111,b10,b1010101111001101,b111010001100101011100110111010000110011010111110110001001110101011100100111001101110100010111110110001101101111011011010111000001101100011001010111010001100101,b11101000110010101110011011101000011010001011111011000110110111101101110011001100110100101100111,b11101000110010101110011011101000011010001011111011000110110111101101110011001100110100101100111,b11111010000,b11101000110010101110011011101000011010001011111011000110110111101101110011001100110100101100111,b100111000100000
11160000,b11110111,1,b1111111111111111,0,0,1,0,1,1,0,0,b1010101111001101,b1000,b100,1,1,0,b1010101111001101,b0,b0,b1010010110100101,1,b10,b1111111111111111,b0,0,b11110111,b10,b1010101111001101,b111010001100101011100110111010000110011010111110110001001110101011100100111001101110100010111110110001101101111011011010111000001101100011001010111010001100101,b11101000110010101110011011101000011010001011111011000110110111101101110011001100110100101100111,b11101000110010101110011011101000011010001011111011000110110111101101110011001100110100101100111,b11111010000,b11101000110010101110011011101000011010001011111011000110110111101101110011001100110100101100111,b100111000100000
11170000,b11110111,0,b1111111111111111,1,0,1,1,1,1,0,0,b1010101111001101,b1000,b101,1,1,0,b1010101111001101,b1,b1,b1010010110100101,0,b10,b1111111111111111,b0,0,b11110111,b10,b101011110011010,b111010001100101011100110111010000110011010111110110001001110101011100100111001101110100010111110110001101101111011011010111000001101100011001010111010001100101,b11101000110010101110011011101000011010001011111011000110110111101101110011001100110100101100111,b11101000110010101110011011101000011010001011111011000110110111101101110011001100110100101100111,b11111010000,b11101000110010101110011011101000011010001011111011000110110111101101110011001100110100101100111,b100111000100000
11180000,b11110111,0,b1111111111111111,1,0,1,0,1,1,0,0,b1010101111001101,b1000,b101,1,1,0,b1010101111001101,b1,b1,b1010010110100101,0,b10,b1111111111111111,b0,0,b11110111,b10,b101011110011010,b111010001100101011100110111010000110011010111110110001001110101011100100111001101110100010111110110001101101111011011010111000001101100011001010111010001100101,b11101000110010101110011011101000011010001011111011000110110111101101110011001100110100101100111,b11101000110010101110011011101000011010001011111011000110110111101101110011001100110100101100111,b11111010000,b11101000110010101110011011101000011010001011111011000110110111101101110011001100110100101100111,b100111000100000
11190000,b11110111,0,b1111111111111111,1,0,1,1,1,1,0,0,b1010101111001101,b1000,b110,1,1,0,b1010101111001101,b1,b10,b1010010110100101,0,b10,b1111111111111111,b0,0,b11110111,b10,b101011110011010,b111010001100101011100110111010000110011010111110110001001110101011100100111001101110100010111110110001101101111011011010111000001101100011001010111010001100101,b11101000110010101110011011101000011010001011111011000110110111101101110011001100110100101100111,b11101000110010101110011011101000011010001011111011000110110111101101110011001100110100101100111,b11111010000,b11101000110010101110011011101000011010001011111011000110110111101101110011001100110100101100111,b100111000100000
11200000,b11110111,0,b1111111111111111,1,0,1,0,1,1,0,0,b1010101111001101,b1000,b110,1,1,0,b1010101111001101,b1,b10,b1010010110100101,0,b10,b1111111111111111,b0,0,b11110111,b10,b101011110011010,b111010001100101011100110111010000110011010111110110001001110101011100100111001101110100010111110110001101101111011011010111000001101100011001010111010001100101,b11101000110010101110011011101000011010001011111011000110110111101101110011001100110100101100111,b11101000110010101110011011101000011010001011111011000110110111101101110011001100110100101100111,b11111010000,b11101000110010101110011011101000011010001011111011000110110111101101110011001100110100101100111,b100111000100000
11210000,b11110111,0,b1111111111111111,1,0,1,1,1,1,0,0,b1010101111001101,b1000,b111,1,1,0,b1010101111001101,b1,b11,b1010010110100101,0,b10,b1111111111111111,b0,0,b11110111,b10,b101011110011010,b111010001100101011100110111010000110011010111110110001001110101011100100111001101110100010111110110001101101111011011010111000001101100011001010111010001100101,b11101000110010101110011011101000011010001011111011000110110111101101110011001100110100101100111,b11101000110010101110011011101000011010001011111011000110110111101101110011001100110100101100111,b11111010000,b11101000110010101110011011101000011010001011111011000110110111101101110011001100110100101100111,b100111000100000
11220000,b11110111,0,b1111111111111111,1,0,1,0,1,1,0,0,b1010101111001101,b1000,b111,1,1,0,b1010101111001101,b1,b11,b1010010110100101,0,b10,b1111111111111111,b0,0,b11110111,b10,b101011110011010,b111010001100101011100110111010000110011010111110110001001110101011100100111001101110100010111110110001101101111011011010111000001101100011001010111010001100101,b11101000110010101110011011101000011010001011111011000110110111101101110011001100110100101100111,b11101000110010101110011011101000011010001011111011000110110111101101110011001100110100101100111,b11111010000,b11101000110010101110011011101000011010001011111011000110110111101101110011001100110100101100111,b100111000100000
11230000,b11110111,0,b1111111111111111,1,0,1,1,1,1,0,0,b1010101111001101,b1000,b1000,1,1,0,b1010101111001101,b1,b0,b1010010110100101,0,b10,b1111111111111111,b0,1,b11110111,b10,b101011110011010,b111010001100101011100110111010000110011010111110110001001110101011100100111001101110100010111110110001101101111011011010111000001101100011001010111010001100101,b11101000110010101110011011101000011010001011111011000110110111101101110011001100110100101100111,b11101000110010101110011011101000011010001011111011000110110111101101110011001100110100101100111,b11111010000,b11101000110010101110011011101000011010001011111011000110110111101101110011001100110100101100111,b100111000100000
11240000,b11110111,0,b1111111111111111,1,0,1,0,1,1,0,0,b1010101111001101,b1000,b1000,1,1,0,b1010101111001101,b1,b0,b1010010110100101,0,b10,b1111111111111111,b0,1,b11110111,b10,b101011110011010,b111010001100101011100110111010000110011010111110110001001110101011100100111001101110100010111110110001101101111011011010111000001101100011001010111010001100101,b11101000110010101110011011101000011010001011111011000110110111101101110011001100110100101100111,b11101000110010101110011011101000011010001011111011000110110111101101110011001100110100101100111,b11111010000,b11101000110010101110011011101000011010001011111011000110110111101101110011001100110100101100111,b100111000100000
11250000,b11110111,1,b1111111111111111,1,0,1,1,1,1,0,0,b1010101111001101,b1000,b1001,1,1,0,b1010101111001101,b1,b1,b1010010110100101,1,b10,b1111111111111111,b1,1,b11110111,b10,b101011110011010,b111010001100101011100110111010000110011010111110110001001110101011100100111001101110100010111110110001101101111011011010111000001101100011001010111010001100101,b11101000110010101110011011101000011010001011111011000110110111101101110011001100110100101100111,b11101000110010101110011011101000011010001011111011000110110111101101110011001100110100101100111,b11111010000,b11101000110010101110011011101000011010001011111011000110110111101101110011001100110100101100111,b100111000100000
11260000,b11110111,1,b1111111111111111,1,0,1,0,1,1,0,0,b1010101111001101,b1000,b1001,1,1,0,b1010101111001101,b1,b1,b1010010110100101,1,b10,b1111111111111111,b1,1,b11110111,b10,b101011110011010,b111010001100101011100110111010000110011010111110110001001110101011100100111001101110100010111110110001101101111011011010111000001101100011001010111010001100101,b11101000110010101110011011101000011010001011111011000110110111101101110011001100110100101100111,b11101000110010101110011011101000011010001011111011000110110111101101110011001100110100101100111,b11111010000,b11101000110010101110011011101000011010001011111011000110110111101101110011001100110100101100111,b100111000100000
11270000,b11110111,1,b1111111111111111,1,0,1,1,1,1,0,0,b1010101111001101,b1000,b1010,1,1,0,b1010101111001101,b1,b10,b1010010110100101,1,b10,b1111111111111111,b1,1,b11110111,b10,b101011110011010,b111010001100101011100110111010000110011010111110110001001110101011100100111001101110100010111110110001101101111011011010111000001101100011001010111010001100101,b11101000110010101110011011101000011010001011111011000110110111101101110011001100110100101100111,b11101000110010101110011011101000011010001011111011000110110111101101110011001100110100101100111,b11111010000,b11101000110010101110011011101000011010001011111011000110110111101101110011001100110100101100111,b100111000100000
11280000,b11110111,1,b1111111111111111,1,0,1,0,1,1,0,0,b1010101111001101,b1000,b1010,1,1,0,b1010101111001101,b1,b10,b1010010110100101,1,b10,b1111111111111111,b1,1,b11110111,b10,b101011110011010,b111010001100101011100110111010000110011010111110110001001110101011100100111001101110100010111110110001101101111011011010111000001101100011001010111010001100101,b11101000110010101110011011101000011010001011111011000110110111101101110011001100110100101100111,b11101000110010101110011011101000011010001011111011000110110111101101110011001100110100101100111,b11111010000,b11101000110010101110011011101000011010001011111011000110110111101101110011001100110100101100111,b100111000100000
11290000,b11110111,1,b1111111111111111,1,0,1,1,1,1,0,0,b1010101111001101,b1000,b1011,1,1,0,b1010101111001101,b1,b11,b1010010110100101,1,b10,b1111111111111111,b1,1,b11110111,b10,b101011110011010,b111010001100101011100110111010000110011010111110110001001110101011100100111001101110100010111110110001101101111011011010111000001101100011001010111010001100101,b11101000110010101110011011101000011010001011111011000110110111101101110011001100110100101100111,b11101000110010101110011011101000011010001011111011000110110111101101110011001100110100101100111,b11111010000,b11101000110010101110011011101000011010001011111011000110110111101101110011001100110100101100111,b100111000100000
11300000,b11110111,1,b1111111111111111,1,0,1,0,1,1,0,0,b1010101111001101,b1000,b1011,1,1,0,b1010101111001101,b1,b11,b1010010110100101,1,b10,b1111111111111111,b1,1,b11110111,b10,b101011110011010,b111010001100101011100110111010000110011010111110110001001110101011100100111001101110100010111110110001101101111011011010111000001101100011001010111010001100101,b11101000110010101110011011101000011010001011111011000110110111101101110011001100110100101100111,b11101000110010101110011011101000011010001011111011000110110111101101110011001100110100101100111,b11111010000,b11101000110010101110011011101000011010001011111011000110110111101101110011001100110100101100111,b100111000100000
11310000,b11110111,1,b1111111111111111,1,0,1,1,1,1,0,0,b1010101111001101,b1000,b1100,1,1,0,b1010101111001101,b1,b0,b1010010110100101,1,b10,b1111111111111111,b1,0,b11110111,b10,b101011110011010,b111010001100101011100110111010000110011010111110110001001110101011100100111001101110100010111110110001101101111011011010111000001101100011001010111010001100101,b11101000110010101110011011101000011010001011111011000110110111101101110011001100110100101100111,b11101000110010101110011011101000011010001011111011000110110111101101110011001100110100101100111,b11111010000,b11101000110010101110011011101000011010001011111011000110110111101101110011001100110100101100111,b100111000100000
11320000,b11110111,1,b1111111111111111,1,0,1,0,1,1,0,0,b1010101111001101,b1000,b1100,1,1,0,b1010101111001101,b1,b0,b1010010110100101,1,b10,b1111111111111111,b1,0,b11110111,b10,b101011110011010,b111010001100101011100110111010000110011010111110110001001110101011100100111001101110100010111110110001101101111011011010111000001101100011001010111010001100101,b11101000110010101110011011101000011010001011111011000110110111101101110011001100110100101100111,b11101000110010101110011011101000011010001011111011000110110111101101110011001100110100101100111,b11111010000,b11101000110010101110011011101000011010001011111011000110110111101101110011001100110100101100111,b100111000100000
11330000,b11110111,0,b1111111111111111,0,0,1,1,1,1,0,0,b1010101111001101,b1000,b1101,1,1,0,b1010101111001101,b10,b1,b1010010110100101,0,b10,b1111111111111111,b1,0,b11110111,b10,b1010111100110100,b111010001100101011100110111010000110011010111110110001001110101011100100111001101110100010111110110001101101111011011010111000001101100011001010111010001100101,b11101000110010101110011011101000011010001011111011000110110111101101110011001100110100101100111,b11101000110010101110011011101000011010001011111011000110110111101101110011001100110100101100111,b11111010000,b11101000110010101110011011101000011010001011111011000110110111101101110011001100110100101100111,b100111000100000
11340000,b11110111,0,b1111111111111111,0,0,1,0,1,1,0,0,b1010101111001101,b1000,b1101,1,1,0,b1010101111001101,b10,b1,b1010010110100101,0,b10,b1111111111111111,b1,0,b11110111,b10,b1010111100110100,b111010001100101011100110111010000110011010111110110001001110101011100100111001101110100010111110110001101101111011011010111000001101100011001010111010001100101,b11101000110010101110011011101000011010001011111011000110110111101101110011001100110100101100111,b11101000110010101110011011101000011010001011111011000110110111101101110011001100110100101100111,b11111010000,b11101000110010101110011011101000011010001011111011000110110111101101110011001100110100101100111,b100111000100000
11350000,b11110111,0,b1111111111111111,0,0,1,1,1,1,0,0,b1010101111001101,b1000,b1110,1,1,0,b1010101111001101,b10,b10,b1010010110100101,0,b10,b1111111111111111,b1,0,b11110111,b10,b1010111100110100,b111010001100101011100110111010000110011010111110110001001110101011100100111001101110100010111110110001101101111011011010111000001101100011001010111010001100101,b11101000110010101110011011101000011010001011111011000110110111101101110011001100110100101100111,b11101000110010101110011011101000011010001011111011000110110111101101110011001100110100101100111,b11111010000,b11101000110010101110011011101000011010001011111011000110110111101101110011001100110100101100111,b100111000100000
11360000,b11110111,0,b1111111111111111,0,0,1,0,1,1,0,0,b1010101111001101,b1000,b1110,1,1,0,b1010101111001101,b10,b10,b1010010110100101,0,b10,b1111111111111111,b1,0,b11110111,b10,b1010111100110100,b111010001100101011100110111010000110011010111110110001001110101011100100111001101110100010111110110001101101111011011010111000001101100011001010111010001100101,b11101000110010101110011011101000011010001011111011000110110111101101110011001100110100101100111,b11101000110010101110011011101000011010001011111011000110110111101101110011001100110100101100111,b11111010000,b11101000110010101110011011101000011010001011111011000110110111101101110011001100110100101100111,b100111000100000
11370000,b11110111,0,b1111111111111111,0,0,1,1,1,1,0,0,b1010101111001101,b1000,b1111,1,1,0,b1010101111001101,b10,b11,b1010010110100101,0,b10,b1111111111111111,b1,0,b11110111,b10,b1010111100110100,b111010001100101011100110111010000110011010111110110001001110101011100100111001101110100010111110110001101101111011011010111000001101100011001010111010001100101,b11101000110010101110011011101000011010001011111011000110110111101101110011001100110100101100111,b11101000110010101110011011101000011010001011111011000110110111101101110011001100110100101100111,b11111010000,b11101000110010101110011011101000011010001011111011000110110111101101110011001100110100101100111,b100111000100000
11380000,b11110111,0,b1111111111111111,0,0,1,0,1,1,0,0,b1010101111001101,b1000,b1111,1,1,0,b1010101111001101,b10,b11,b1010010110100101,0,b10,b1111111111111111,b1,0,b11110111,b10,b1010111100110100,b111010001100101011100110111010000110011010111110110001001110101011100100111001101110100010111110110001101101111011011010111000001101100011001010111010001100101,b11101000110010101110011011101000011010001011111011000110110111101101110011001100110100101100111,b11101000110010101110011011101000011010001011111011000110110111101101110011001100110100101100111,b11111010000,b11101000110010101110011011101000011010001011111011000110110111101101110011001100110100101100111,b100111000100000
11390000,b11110111,0,b1111111111111111,0,0,1,1,1,1,0,0,b1010101111001101,b1000,b10000,1,1,0,b1010101111001101,b10,b0,b1010010110100101,0,b10,b1111111111111111,b1,1,b11110111,b10,b1010111100110100,b111010001100101011100110111010000110011010111110110001001110101011100100111001101110100010111110110001101101111011011010111000001101100011001010111010001100101,b11101000110010101110011011101000011010001011111011000110110111101101110011001100110100101100111,b11101000110010101110011011101000011010001011111011000110110111101101110011001100110100101100111,b11111010000,b11101000110010101110011011101000011010001011111011000110110111101101110011001100110100101100111,b100111000100000
11400000,b11110111,0,b1111111111111111,0,0,1,0,1,1,0,0,b1010101111001101,b1000,b10000,1,1,0,b1010101111001101,b10,b0,b1010010110100101,0,b10,b1111111111111111,b1,1,b11110111,b10,b1010111100110100,b111010001100101011100110111010000110011010111110110001001110101011100100111001101110100010111110110001101101111011011010111000001101100011001010111010001100101,b11101000110010101110011011101000011010001011111011000110110111101101110011001100110100101100111,b11101000110010101110011011101000011010001011111011000110110111101101110011001100110100101100111,b11111010000,b11101000110010101110011011101000011010001011111011000110110111101101110011001100110100101100111,b100111000100000
11410000,b11110111,1,b1111111111111111,0,0,1,1,1,1,0,0,b1010101111001101,b1000,b10001,1,1,0,b1010101111001101,b10,b1,b1010010110100101,1,b10,b1111111111111111,b11,1,b11110111,b10,b1010111100110100,b111010001100101011100110111010000110011010111110110001001110101011100100111001101110100010111110110001101101111011011010111000001101100011001010111010001100101,b11101000110010101110011011101000011010001011111011000110110111101101110011001100110100101100111,b11101000110010101110011011101000011010001011111011000110110111101101110011001100110100101100111,b11111010000,b11101000110010101110011011101000011010001011111011000110110111101101110011001100110100101100111,b100111000100000
11420000,b11110111,1,b1111111111111111,0,0,1,0,1,1,0,0,b1010101111001101,b1000,b10001,1,1,0,b1010101111001101,b10,b1,b1010010110100101,1,b10,b1111111111111111,b11,1,b11110111,b10,b1010111100110100,b111010001100101011100110111010000110011010111110110001001110101011100100111001101110100010111110110001101101111011011010111000001101100011001010111010001100101,b11101000110010101110011011101000011010001011111011000110110111101101110011001100110100101100111,b11101000110010101110011011101000011010001011111011000110110111101101110011001100110100101100111,b11111010000,b11101000110010101110011011101000011010001011111011000110110111101101110011001100110100101100111,b100111000100000
11430000,b11110111,1,b1111111111111111,0,0,1,1,1,1,0,0,b1010101111001101,b1000,b10010,1,1,0,b1010101111001101,b10,b10,b1010010110100101,1,b10,b1111111111111111,b11,1,b11110111,b10,b1010111100110100,b111010001100101011100110111010000110011010111110110001001110101011100100111001101110100010111110110001101101111011011010111000001101100011001010111010001100101,b11101000110010101110011011101000011010001011111011000110110111101101110011001100110100101100111,b11101000110010101110011011101000011010001011111011000110110111101101110011001100110100101100111,b11111010000,b11101000110010101110011011101000011010001011111011000110110111101101110011001100110100101100111,b100111000100000
11440000,b11110111,1,b1111111111111111,0,0,1,0,1,1,0,0,b1010101111001101,b1000,b10010,1,1,0,b1010101111001101,b10,b10,b1010010110100101,1,b10,b1111111111111111,b11,1,b11110111,b10,b1010111100110100,b111010001100101011100110111010000110011010111110110001001110101011100100111001101110100010111110110001101101111011011010111000001101100011001010111010001100101,b11101000110010101110011011101000011010001011111011000110110111101101110011001100110100101100111,b11101000110010101110011011101000011010001011111011000110110111101101110011001100110100101100111,b11111010000,b11101000110010101110011011101000011010001011111011000110110111101101110011001100110100101100111,b100111000100000
11450000,b11110111,1,b1111111111111111,0,0,1,1,1,1,0,0,b1010101111001101,b1000,b10011,1,1,0,b1010101111001101,b10,b11,b1010010110100101,1,b10,b1111111111111111,b11,1,b11110111,b10,b1010111100110100,b111010001100101011100110111010000110011010111110110001001110101011100100111001101110100010111110110001101101111011011010111000001101100011001010111010001100101,b11101000110010101110011011101000011010001011111011000110110111101101110011001100110100101100111,b11101000110010101110011011101000011010001011111011000110110111101101110011001100110100101100111,b11111010000,b11101000110010101110011011101000011010001011111011000110110111101101110011001100110100101100111,b100111000100000
11460000,b11110111,1,b1111111111111111,0,0,1,0,1,1,0,0,b1010101111001101,b1000,b10011,1,1,0,b1010101111001101,b10,b11,b1010010110100101,1,b10,b1111111111111111,b11,1,b11110111,b10,b1010111100110100,b111010001100101011100110111010000110011010111110110001001110101011100100111001101110100010111110110001101101111011011010111000001101100011001010111010001100101,b11101000110010101110011011101000011010001011111011000110110111101101110011001100110100101100111,b11101000110010101110011011101000011010001011111011000110110111101101110011001100110100101100111,b11111010000,b11101000110010101110011011101000011010001011111011000110110111101101110011001100110100101100111,b100111000100000
11470000,b11110111,1,b1111111111111111,0,0,1,1,1,1,0,0,b1010101111001101,b1000,b10100,1,1,0,b1010101111001101,b10,b0,b1010010110100101,1,b10,b1111111111111111,b11,0,b11110111,b10,b1010111100110100,b111010001100101011100110111010000110011010111110110001001110101011100100111001101110100010111110110001101101111011011010111000001101100011001010111010001100101,b11101000110010101110011011101000011010001011111011000110110111101101110011001100110100101100111,b11101000110010101110011011101000011010001011111011000110110111101101110011001100110100101100111,b11111010000,b11101000110010101110011011101000011010001011111011000110110111101101110011001100110100101100111,b100111000100000
11480000,b11110111,1,b1111111111111111,0,0,1,0,1,1,0,0,b1010101111001101,b1000,b10100,1,1,0,b1010101111001101,b10,b0,b1010010110100101,1,b10,b1111111111111111,b11,0,b11110111,b10,b1010111100110100,b111010001100101011100110111010000110011010111110110001001110101011100100111001101110100010111110110001101101111011011010111000001101100011001010111010001100101,b11101000110010101110011011101000011010001011111011000110110111101101110011001100110100101100111,b11101000110010101110011011101000011010001011111011000110110111101101110011001100110100101100111,b11111010000,b11101000110010101110011011101000011010001011111011000110110111101101110011001100110100101100111,b100111000100000
11490000,b11110111,0,b1111111111111111,1,0,1,1,1,1,0,0,b1010101111001101,b1000,b10101,1,1,0,b1010101111001101,b11,b1,b1010010110100101,0,b10,b1111111111111111,b11,0,b11110111,b10,b101111001101000,b111010001100101011100110111010000110011010111110110001001110101011100100111001101110100010111110110001101101111011011010111000001101100011001010111010001100101,b11101000110010101110011011101000011010001011111011000110110111101101110011001100110100101100111,b11101000110010101110011011101000011010001011111011000110110111101101110011001100110100101100111,b11111010000,b11101000110010101110011011101000011010001011111011000110110111101101110011001100110100101100111,b100111000100000
11500000,b11110111,0,b1111111111111111,1,0,1,0,1,1,0,0,b1010101111001101,b1000,b10101,1,1,0,b1010101111001101,b11,b1,b1010010110100101,0,b10,b1111111111111111,b11,0,b11110111,b10,b101111001101000,b111010001100101011100110111010000110011010111110110001001110101011100100111001101110100010111110110001101101111011011010111000001101100011001010111010001100101,b11101000110010101110011011101000011010001011111011000110110111101101110011001100110100101100111,b11101000110010101110011011101000011010001011111011000110110111101101110011001100110100101100111,b11111010000,b11101000110010101110011011101000011010001011111011000110110111101101110011001100110100101100111,b100111000100000
11510000,b11110111,0,b1111111111111111,1,0,1,1,1,1,0,0,b1010101111001101,b1000,b10110,1,1,0,b1010101111001101,b11,b10,b1010010110100101,0,b10,b1111111111111111,b11,0,b11110111,b10,b101111001101000,b111010001100101011100110111010000110011010111110110001001110101011100100111001101110100010111110110001101101111011011010111000001101100011001010111010001100101,b11101000110010101110011011101000011010001011111011000110110111101101110011001100110100101100111,b11101000110010101110011011101000011010001011111011000110110111101101110011001100110100101100111,b11111010000,b11101000110010101110011011101000011010001011111011000110110111101101110011001100110100101100111,b100111000100000
11520000,b11110111,0,b1111111111111111,1,0,1,0,1,1,0,0,b1010101111001101,b1000,b10110,1,1,0,b1010101111001101,b11,b10,b1010010110100101,0,b10,b1111111111111111,b11,0,b11110111,b10,b101111001101000,b111010001100101011100110111010000110011010111110110001001110101011100100111001101110100010111110110001101101111011011010111000001101100011001010111010001100101,b11101000110010101110011011101000011010001011111011000110110111101101110011001100110100101100111,b11101000110010101110011011101000011010001011111011000110110111101101110011001100110100101100111,b11111010000,b11101000110010101110011011101000011010001011111011000110110111101101110011001100110100101100111,b100111000100000
11530000,b11110111,0,b1111111111111111,1,0,1,1,1,1,0,0,b1010101111001101,b1000,b10111,1,1,0,b1010101111001101,b11,b11,b1010010110100101,0,b10,b1111111111111111,b11,0,b11110111,b10,b101111001101000,b111010001100101011100110111010000110011010111110110001001110101011100100111001101110100010111110110001101101111011011010111000001101100011001010111010001100101,b11101000110010101110011011101000011010001011111011000110110111101101110011001100110100101100111,b11101000110010101110011011101000011010001011111011000110110111101101110011001100110100101100111,b11111010000,b11101000110010101110011011101000011010001011111011000110110111101101110011001100110100101100111,b100111000100000
11540000,b11110111,0,b1111111111111111,1,0,1,0,1,1,0,0,b1010101111001101,b1000,b10111,1,1,0,b1010101111001101,b11,b11,b1010010110100101,0,b10,b1111111111111111,b11,0,b11110111,b10,b101111001101000,b111010001100101011100110111010000110011010111110110001001110101011100100111001101110100010111110110001101101111011011010111000001101100011001010111010001100101,b11101000110010101110011011101000011010001011111011000110110111101101110011001100110100101100111,b11101000110010101110011011101000011010001011111011000110110111101101110011001100110100101100111,b11111010000,b11101000110010101110011011101000011010001011111011000110110111101101110011001100110100101100111,b100111000100000
11550000,b11110111,0,b1111111111111111,1,0,1,1,1,1,0,0,b1010101111001101,b1000,b11000,1,1,0,b1010101111001101,b11,b0,b1010010110100101,0,b10,b1111111111111111,b11,1,b11110111,b10,b101111001101000,b111010001100101011100110111010000110011010111110110001001110101011100100111001101110100010111110110001101101111011011010111000001101100011001010111010001100101,b11101000110010101110011011101000011010001011111011000110110111101101110011001100110100101100111,b11101000110010101110011011101000011010001011111011000110110111101101110011001100110100101100111,b11111010000,b11101000110010101110011011101000011010001011111011000110110111101101110011001100110100101100111,b100111000100000
11560000,b11110111,0,b1111111111111111,1,0,1,0,1,1,0,0,b1010101111001101,b1000,b11000,1,1,0,b1010101111001101,b11,b0,b1010010110100101,0,b10,b1111111111111111,b11,1,b11110111,b10,b101111001101000,b111010001100101011100110111010000110011010111110110001001110101011100100111001101110100010111110110001101101111011011010111000001101100011001010111010001100101,b11101000110010101110011011101000011010001011111011000110110111101101110011001100110100101100111,b11101000110010101110011011101000011010001011111011000110110111101101110011001100110100101100111,b11111010000,b11101000110010101110011011101000011010001011111011000110110111101101110011001100110100101100111,b100111000100000
11570000,b11110111,1,b1111111111111111,1,0,1,1,1,1,0,0,b1010101111001101,b1000,b11001,1,1,0,b1010101111001101,b11,b1,b1010010110100101,1,b10,b1111111111111111,b111,1,b11110111,b10,b101111001101000,b111010001100101011100110111010000110011010111110110001001110101011100100111001101110100010111110110001101101111011011010111000001101100011001010111010001100101,b11101000110010101110011011101000011010001011111011000110110111101101110011001100110100101100111,b11101000110010101110011011101000011010001011111011000110110111101101110011001100110100101100111,b11111010000,b11101000110010101110011011101000011010001011111011000110110111101101110011001100110100101100111,b100111000100000
11580000,b11110111,1,b1111111111111111,1,0,1,0,1,1,0,0,b1010101111001101,b1000,b11001,1,1,0,b1010101111001101,b11,b1,b1010010110100101,1,b10,b1111111111111111,b111,1,b11110111,b10,b101111001101000,b111010001100101011100110111010000110011010111110110001001110101011100100111001101110100010111110110001101101111011011010111000001101100011001010111010001100101,b11101000110010101110011011101000011010001011111011000110110111101101110011001100110100101100111,b11101000110010101110011011101000011010001011111011000110110111101101110011001100110100101100111,b11111010000,b11101000110010101110011011101000011010001011111011000110110111101101110011001100110100101100111,b100111000100000
11590000,b11110111,1,b1111111111111111,1,0,1,1,1,1,0,0,b1010101111001101,b1000,b11010,1,1,0,b1010101111001101,b11,b10,b1010010110100101,1,b10,b1111111111111111,b111,1,b11110111,b10,b101111001101000,b111010001100101011100110111010000110011010111110110001001110101011100100111001101110100010111110110001101101111011011010111000001101100011001010111010001100101,b11101000110010101110011011101000011010001011111011000110110111101101110011001100110100101100111,b11101000110010101110011011101000011010001011111011000110110111101101110011001100110100101100111,b11111010000,b11101000110010101110011011101000011010001011111011000110110111101101110011001100110100101100111,b100111000100000
11600000,b11110111,1,b1111111111111111,1,0,1,0,1,1,0,0,b1010101111001101,b1000,b11010,1,1,0,b1010101111001101,b11,b10,b1010010110100101,1,b10,b1111111111111111,b111,1,b11110111,b10,b101111001101000,b111010001100101011100110111010000110011010111110110001001110101011100100111001101110100010111110110001101101111011011010111000001101100011001010111010001100101,b11101000110010101110011011101000011010001011111011000110110111101101110011001100110100101100111,b11101000110010101110011011101000011010001011111011000110110111101101110011001100110100101100111,b11111010000,b11101000110010101110011011101000011010001011111011000110110111101101110011001100110100101100111,b100111000100000
11610000,b11110111,1,b1111111111111111,1,0,1,1,1,1,0,0,b1010101111001101,b1000,b11011,1,1,0,b1010101111001101,b11,b11,b1010010110100101,1,b10,b1111111111111111,b111,1,b11110111,b10,b101111001101000,b111010001100101011100110111010000110011010111110110001001110101011100100111001101110100010111110110001101101111011011010111000001101100011001010111010001100101,b11101000110010101110011011101000011010001011111011000110110111101101110011001100110100101100111,b11101000110010101110011011101000011010001011111011000110110111101101110011001100110100101100111,b11111010000,b11101000110010101110011011101000011010001011111011000110110111101101110011001100110100101100111,b100111000100000
11620000,b11110111,1,b1111111111111111,1,0,1,0,1,1,0,0,b1010101111001101,b1000,b11011,1,1,0,b1010101111001101,b11,b11,b1010010110100101,1,b10,b1111111111111111,b111,1,b11110111,b10,b101111001101000,b111010001100101011100110111010000110011010111110110001001110101011100100111001101110100010111110110001101101111011011010111000001101100011001010111010001100101,b11101000110010101110011011101000011010001011111011000110110111101101110011001100110100101100111,b11101000110010101110011011101000011010001011111011000110110111101101110011001100110100101100111,b11111010000,b11101000110010101110011011101000011010001011111011000110110111101101110011001100110100101100111,b100111000100000
11630000,b11110111,1,b1111111111111111,1,0,1,1,1,1,0,0,b1010101111001101,b1000,b11100,1,1,0,b1010101111001101,b11,b0,b1010010110100101,1,b10,b1111111111111111,b111,0,b11110111,b10,b101111001101000,b111010001100101011100110111010000110011010111110110001001110101011100100111001101110100010111110110001101101111011011010111000001101100011001010111010001100101,b11101000110010101110011011101000011010001011111011000110110111101101110011001100110100101100111,b11101000110010101110011011101000011010001011111011000110110111101101110011001100110100101100111,b11111010000,b11101000110010101110011011101000011010001011111011000110110111101101110011001100110100101100111,b100111000100000
11640000,b11110111,1,b1111111111111111,1,0,1,0,1,1,0,0,b1010101111001101,b1000,b11100,1,1,0,b1010101111001101,b11,b0,b1010010110100101,1,b10,b1111111111111111,b111,0,b11110111,b10,b101111001101000,b111010001100101011100110111010000110011010111110110001001110101011100100111001101110100010111110110001101101111011011010111000001101100011001010111010001100101,b11101000110010101110011011101000011010001011111011000110110111101101110011001100110100101100111,b11101000110010101110011011101000011010001011111011000110110111101101110011001100110100101100111,b11111010000,b11101000110010101110011011101000011010001011111011000110110111101101110011001100110100101100111,b100111000100000
11650000,b11110111,0,b1111111111111111,0,0,1,1,1,1,0,0,b1010101111001101,b1000,b11101,1,1,0,b1010101111001101,b100,b1,b1010010110100101,0,b10,b1111111111111111,b111,0,b11110111,b10,b1011110011010000,b111010001100101011100110111010000110011010111110110001001110101011100100111001101110100010111110110001101101111011011010111000001101100011001010111010001100101,b11101000110010101110011011101000011010001011111011000110110111101101110011001100110100101100111,b11101000110010101110011011101000011010001011111011000110110111101101110011001100110100101100111,b11111010000,b11101000110010101110011011101000011010001011111011000110110111101101110011001100110100101100111,b100111000100000
11660000,b11110111,0,b1111111111111111,0,0,1,0,1,1,0,0,b1010101111001101,b1000,b11101,1,1,0,b1010101111001101,b100,b1,b1010010110100101,0,b10,b1111111111111111,b111,0,b11110111,b10,b1011110011010000,b111010001100101011100110111010000110011010111110110001001110101011100100111001101110100010111110110001101101111011011010111000001101100011001010111010001100101,b11101000110010101110011011101000011010001011111011000110110111101101110011001100110100101100111,b11101000110010101110011011101000011010001011111011000110110111101101110011001100110100101100111,b11111010000,b11101000110010101110011011101000011010001011111011000110110111101101110011001100110100101100111,b100111000100000
11670000,b11110111,0,b1111111111111111,0,0,1,1,1,1,0,0,b1010101111001101,b1000,b11110,1,1,0,b1010101111001101,b100,b10,b1010010110100101,0,b10,b1111111111111111,b111,0,b11110111,b10,b1011110011010000,b111010001100101011100110111010000110011010111110110001001110101011100100111001101110100010111110110001101101111011011010111000001101100011001010111010001100101,b11101000110010101110011011101000011010001011111011000110110111101101110011001100110100101100111,b11101000110010101110011011101000011010001011111011000110110111101101110011001100110100101100111,b11111010000,b11101000110010101110011011101000011010001011111011000110110111101101110011001100110100101100111,b100111000100000
11680000,b11110111,0,b1111111111111111,0,0,1,0,1,1,0,0,b1010101111001101,b1000,b11110,1,1,0,b1010101111001101,b100,b10,b1010010110100101,0,b10,b1111111111111111,b111,0,b11110111,b10,b1011110011010000,b111010001100101011100110111010000110011010111110110001001110101011100100111001101110100010111110110001101101111011011010111000001101100011001010111010001100101,b11101000110010101110011011101000011010001011111011000110110111101101110011001100110100101100111,b11101000110010101110011011101000011010001011111011000110110111101101110011001100110100101100111,b11111010000,b11101000110010101110011011101000011010001011111011000110110111101101110011001100110100101100111,b100111000100000
11690000,b11110111,0,b1111111111111111,0,0,1,1,1,1,0,0,b1010101111001101,b1000,b11111,1,1,0,b1010101111001101,b100,b11,b1010010110100101,0,b10,b1111111111111111,b111,0,b11110111,b10,b1011110011010000,b111010001100101011100110111010000110011010111110110001001110101011100100111001101110100010111110110001101101111011011010111000001101100011001010111010001100101,b11101000110010101110011011101000011010001011111011000110110111101101110011001100110100101100111,b11101000110010101110011011101000011010001011111011000110110111101101110011001100110100101100111,b11111010000,b11101000110010101110011011101000011010001011111011000110110111101101110011001100110100101100111,b100111000100000
11700000,b11110111,0,b1111111111111111,0,0,1,0,1,1,0,0,b1010101111001101,b1000,b11111,1,1,0,b1010101111001101,b100,b11,b1010010110100101,0,b10,b1111111111111111,b111,0,b11110111,b10,b1011110011010000,b111010001100101011100110111010000110011010111110110001001110101011100100111001101110100010111110110001101101111011011010111000001101100011001010111010001100101,b11101000110010101110011011101000011010001011111011000110110111101101110011001100110100101100111,b11101000110010101110011011101000011010001011111011000110110111101101110011001100110100101100111,b11111010000,b11101000110010101110011011101000011010001011111011000110110111101101110011001100110100101100111,b100111000100000
11710000,b11110111,0,b1111111111111111,0,0,1,1,1,1,0,0,b1010101111001101,b1000,b100000,1,1,0,b1010101111001101,b100,b0,b1010010110100101,0,b10,b1111111111111111,b111,1,b11110111,b10,b1011110011010000,b111010001100101011100110111010000110011010111110110001001110101011100100111001101110100010111110110001101101111011011010111000001101100011001010111010001100101,b11101000110010101110011011101000011010001011111011000110110111101101110011001100110100101100111,b11101000110010101110011011101000011010001011111011000110110111101101110011001100110100101100111,b11111010000,b11101000110010101110011011101000011010001011111011000110110111101101110011001100110100101100111,b100111000100000
11720000,b11110111,0,b1111111111111111,0,0,1,0,1,1,0,0,b1010101111001101,b1000,b100000,1,1,0,b1010101111001101,b100,b0,b1010010110100101,0,b10,b1111111111111111,b111,1,b11110111,b10,b1011110011010000,b111010001100101011100110111010000110011010111110110001001110101011100100111001101110100010111110110001101101111011011010111000001101100011001010111010001100101,b11101000110010101110011011101000011010001011111011000110110111101101110011001100110100101100111,b11101000110010101110011011101000011010001011111011000110110111101101110011001100110100101100111,b11111010000,b11101000110010101110011011101000011010001011111011000110110111101101110011001100110100101100111,b100111000100000
11730000,b11110111,1,b1111111111111111,0,0,1,1,1,1,0,0,b1010101111001101,b1000,b100001,1,1,0,b1010101111001101,b100,b1,b1010010110100101,1,b10,b1111111111111111,b1111,1,b11110111,b10,b1011110011010000,b111010001100101011100110111010000110011010111110110001001110101011100100111001101110100010111110110001101101111011011010111000001101100011001010111010001100101,b11101000110010101110011011101000011010001011111011000110110111101101110011001100110100101100111,b11101000110010101110011011101000011010001011111011000110110111101101110011001100110100101100111,b11111010000,b11101000110010101110011011101000011010001011111011000110110111101101110011001100110100101100111,b100111000100000
11740000,b11110111,1,b1111111111111111,0,0,1,0,1,1,0,0,b1010101111001101,b1000,b100001,1,1,0,b1010101111001101,b100,b1,b1010010110100101,1,b10,b1111111111111111,b1111,1,b11110111,b10,b1011110011010000,b111010001100101011100110111010000110011010111110110001001110101011100100111001101110100010111110110001101101111011011010111000001101100011001010111010001100101,b11101000110010101110011011101000011010001011111011000110110111101101110011001100110100101100111,b11101000110010101110011011101000011010001011111011000110110111101101110011001100110100101100111,b11111010000,b11101000110010101110011011101000011010001011111011000110110111101101110011001100110100101100111,b100111000100000
11750000,b11110111,1,b1111111111111111,0,0,1,1,1,1,0,0,b1010101111001101,b1000,b100010,1,1,0,b1010101111001101,b100,b10,b1010010110100101,1,b10,b1111111111111111,b1111,1,b11110111,b10,b1011110011010000,b111010001100101011100110111010000110011010111110110001001110101011100100111001101110100010111110110001101101111011011010111000001101100011001010111010001100101,b11101000110010101110011011101000011010001011111011000110110111101101110011001100110100101100111,b11101000110010101110011011101000011010001011111011000110110111101101110011001100110100101100111,b11111010000,b11101000110010101110011011101000011010001011111011000110110111101101110011001100110100101100111,b100111000100000
11760000,b11110111,1,b1111111111111111,0,0,1,0,1,1,0,0,b1010101111001101,b1000,b100010,1,1,0,b1010101111001101,b100,b10,b1010010110100101,1,b10,b1111111111111111,b1111,1,b11110111,b10,b1011110011010000,b111010001100101011100110111010000110011010111110110001001110101011100100111001101110100010111110110001101101111011011010111000001101100011001010111010001100101,b11101000110010101110011011101000011010001011111011000110110111101101110011001100110100101100111,b11101000110010101110011011101000011010001011111011000110110111101101110011001100110100101100111,b11111010000,b11101000110010101110011011101000011010001011111011000110110111101101110011001100110100101100111,b100111000100000
11770000,b11110111,1,b1111111111111111,0,0,1,1,1,1,0,0,b1010101111001101,b1000,b100011,1,1,0,b1010101111001101,b100,b11,b1010010110100101,1,b10,b1111111111111111,b1111,1,b11110111,b10,b1011110011010000,b111010001100101011100110111010000110011010111110110001001110101011100100111001101110100010111110110001101101111011011010111000001101100011001010111010001100101,b11101000110010101110011011101000011010001011111011000110110111101101110011001100110100101100111,b11101000110010101110011011101000011010001011111011000110110111101101110011001100110100101100111,b11111010000,b11101000110010101110011011101000011010001011111011000110110111101101110011001100110100101100111,b100111000100000
11780000,b11110111,1,b1111111111111111,0,0,1,0,1,1,0,0,b1010101111001101,b1000,b100011,1,1,0,b1010101111001101,b100,b11,b1010010110100101,1,b10,b1111111111111111,b1111,1,b11110111,b10,b1011110011010000,b111010001100101011100110111010000110011010111110110001001110101011100100111001101110100010111110110001101101111011011010111000001101100011001010111010001100101,b11101000110010101110011011101000011010001011111011000110110111101101110011001100110100101100111,b11101000110010101110011011101000011010001011111011000110110111101101110011001100110100101100111,b11111010000,b11101000110010101110011011101000011010001011111011000110110111101101110011001100110100101100111,b100111000100000
11790000,b11110111,1,b1111111111111111,0,0,1,1,1,1,0,0,b1010101111001101,b1000,b100100,1,1,0,b1010101111001101,b100,b0,b1010010110100101,1,b10,b1111111111111111,b1111,0,b11110111,b10,b1011110011010000,b111010001100101011100110111010000110011010111110110001001110101011100100111001101110100010111110110001101101111011011010111000001101100011001010111010001100101,b11101000110010101110011011101000011010001011111011000110110111101101110011001100110100101100111,b11101000110010101110011011101000011010001011111011000110110111101101110011001100110100101100111,b11111010000,b11101000110010101110011011101000011010001011111011000110110111101101110011001100110100101100111,b100111000100000
11800000,b11110111,1,b1111111111111111,0,0,1,0,1,1,0,0,b1010101111001101,b1000,b100100,1,1,0,b1010101111001101,b100,b0,b1010010110100101,1,b10,b1111111111111111,b1111,0,b11110111,b10,b1011110011010000,b111010001100101011100110111010000110011010111110110001001110101011100100111001101110100010111110110001101101111011011010111000001101100011001010111010001100101,b11101000110010101110011011101000011010001011111011000110110111101101110011001100110100101100111,b11101000110010101110011011101000011010001011111011000110110111101101110011001100110100101100111,b11111010000,b11101000110010101110011011101000011010001011111011000110110111101101110011001100110100101100111,b100111000100000
11810000,b11110111,0,b1111111111111111,1,0,1,1,1,1,0,0,b1010101111001101,b1000,b100101,1,1,0,b1010101111001101,b101,b1,b1010010110100101,0,b10,b1111111111111111,b1111,0,b11110111,b10,b111100110100000,b111010001100101011100110111010000110011010111110110001001110101011100100111001101110100010111110110001101101111011011010111000001101100011001010111010001100101,b11101000110010101110011011101000011010001011111011000110110111101101110011001100110100101100111,b11101000110010101110011011101000011010001011111011000110110111101101110011001100110100101100111,b11111010000,b11101000110010101110011011101000011010001011111011000110110111101101110011001100110100101100111,b100111000100000
11820000,b11110111,0,b1111111111111111,1,0,1,0,1,1,0,0,b1010101111001101,b1000,b100101,1,1,0,b1010101111001101,b101,b1,b1010010110100101,0,b10,b1111111111111111,b1111,0,b11110111,b10,b111100110100000,b111010001100101011100110111010000110011010111110110001001110101011100100111001101110100010111110110001101101111011011010111000001101100011001010111010001100101,b11101000110010101110011011101000011010001011111011000110110111101101110011001100110100101100111,b11101000110010101110011011101000011010001011111011000110110111101101110011001100110100101100111,b11111010000,b11101000110010101110011011101000011010001011111011000110110111101101110011001100110100101100111,b100111000100000
11830000,b11110111,0,b1111111111111111,1,0,1,1,1,1,0,0,b1010101111001101,b1000,b100110,1,1,0,b1010101111001101,b101,b10,b1010010110100101,0,b10,b1111111111111111,b1111,0,b11110111,b10,b111100110100000,b111010001100101011100110111010000110011010111110110001001110101011100100111001101110100010111110110001101101111011011010111000001101100011001010111010001100101,b11101000110010101110011011101000011010001011111011000110110111101101110011001100110100101100111,b11101000110010101110011011101000011010001011111011000110110111101101110011001100110100101100111,b11111010000,b11101000110010101110011011101000011010001011111011000110110111101101110011001100110100101100111,b100111000100000
11840000,b11110111,0,b1111111111111111,1,0,1,0,1,1,0,0,b1010101111001101,b1000,b100110,1,1,0,b1010101111001101,b101,b10,b1010010110100101,0,b10,b1111111111111111,b1111,0,b11110111,b10,b111100110100000,b111010001100101011100110111010000110011010111110110001001110101011100100111001101110100010111110110001101101111011011010111000001101100011001010111010001100101,b11101000110010101110011011101000011010001011111011000110110111101101110011001100110100101100111,b11101000110010101110011011101000011010001011111011000110110111101101110011001100110100101100111,b11111010000,b11101000110010101110011011101000011010001011111011000110110111101101110011001100110100101100111,b100111000100000
11850000,b11110111,0,b1111111111111111,1,0,1,1,1,1,0,0,b1010101111001101,b1000,b100111,1,1,0,b1010101111001101,b101,b11,b1010010110100101,0,b10,b1111111111111111,b1111,0,b11110111,b10,b111100110100000,b111010001100101011100110111010000110011010111110110001001110101011100100111001101110100010111110110001101101111011011010111000001101100011001010111010001100101,b11101000110010101110011011101000011010001011111011000110110111101101110011001100110100101100111,b11101000110010101110011011101000011010001011111011000110110111101101110011001100110100101100111,b11111010000,b11101000110010101110011011101000011010001011111011000110110111101101110011001100110100101100111,b100111000100000
11860000,b11110111,0,b1111111111111111,1,0,1,0,1,1,0,0,b1010101111001101,b1000,b100111,1,1,0,b1010101111001101,b101,b11,b1010010110100101,0,b10,b1111111111111111,b1111,0,b11110111,b10,b111100110100000,b111010001100101011100110111010000110011010111110110001001110101011100100111001101110100010111110110001101101111011011010111000001101100011001010111010001100101,b11101000110010101110011011101000011010001011111011000110110111101101110011001100110100101100111,b11101000110010101110011011101000011010001011111011000110110111101101110011001100110100101100111,b11111010000,b11101000110010101110011011101000011010001011111011000110110111101101110011001100110100101100111,b100111000100000
11870000,b11110111,0,b1111111111111111,1,0,1,1,1,1,0,0,b1010101111001101,b1000,b101000,1,1,0,b1010101111001101,b101,b0,b1010010110100101,0,b10,b1111111111111111,b1111,1,b11110111,b10,b111100110100000,b111010001100101011100110111010000110011010111110110001001110101011100100111001101110100010111110110001101101111011011010111000001101100011001010111010001100101,b11101000110010101110011011101000011010001011111011000110110111101101110011001100110100101100111,b11101000110010101110011011101000011010001011111011000110110111101101110011001100110100101100111,b11111010000,b11101000110010101110011011101000011010001011111011000110110111101101110011001100110100101100111,b100111000100000
11880000,b11110111,0,b1111111111111111,1,0,1,0,1,1,0,0,b1010101111001101,b1000,b101000,1,1,0,b1010101111001101,b101,b0,b1010010110100101,0,b10,b1111111111111111,b1111,1,b11110111,b10,b111100110100000,b111010001100101011100110111010000110011010111110110001001110101011100100111001101110100010111110110001101101111011011010111000001101100011001010111010001100101,b11101000110010101110011011101000011010001011111011000110110111101101110011001100110100101100111,b11101000110010101110011011101000011010001011111011000110110111101101110011001100110100101100111,b11111010000,b11101000110010101110011011101000011010001011111011000110110111101101110011001100110100101100111,b100111000100000
11890000,b11110111,1,b1111111111111111,1,0,1,1,1,1,0,0,b1010101111001101,b1000,b101001,1,1,0,b1010101111001101,b101,b1,b1010010110100101,1,b10,b1111111111111111,b11111,1,b11110111,b10,b111100110100000,b111010001100101011100110111010000110011010111110110001001110101011100100111001101110100010111110110001101101111011011010111000001101100011001010111010001100101,b11101000110010101110011011101000011010001011111011000110110111101101110011001100110100101100111,b11101000110010101110011011101000011010001011111011000110110111101101110011001100110100101100111,b11111010000,b11101000110010101110011011101000011010001011111011000110110111101101110011001100110100101100111,b100111000100000
11900000,b11110111,1,b1111111111111111,1,0,1,0,1,1,0,0,b1010101111001101,b1000,b101001,1,1,0,b1010101111001101,b101,b1,b1010010110100101,1,b10,b1111111111111111,b11111,1,b11110111,b10,b111100110100000,b111010001100101011100110111010000110011010111110110001001110101011100100111001101110100010111110110001101101111011011010111000001101100011001010111010001100101,b11101000110010101110011011101000011010001011111011000110110111101101110011001100110100101100111,b11101000110010101110011011101000011010001011111011000110110111101101110011001100110100101100111,b11111010000,b11101000110010101110011011101000011010001011111011000110110111101101110011001100110100101100111,b100111000100000
11910000,b11110111,1,b1111111111111111,1,0,1,1,1,1,0,0,b1010101111001101,b1000,b101010,1,1,0,b1010101111001101,b101,b10,b1010010110100101,1,b10,b1111111111111111,b11111,1,b11110111,b10,b111100110100000,b111010001100101011100110111010000110011010111110110001001110101011100100111001101110100010111110110001101101111011011010111000001101100011001010111010001100101,b11101000110010101110011011101000011010001011111011000110110111101101110011001100110100101100111,b11101000110010101110011011101000011010001011111011000110110111101101110011001100110100101100111,b11111010000,b11101000110010101110011011101000011010001011111011000110110111101101110011001100110100101100111,b100111000100000
11920000,b11110111,1,b1111111111111111,1,0,1,0,1,1,0,0,b1010101111001101,b1000,b101010,1,1,0,b1010101111001101,b101,b10,b1010010110100101,1,b10,b1111111111111111,b11111,1,b11110111,b10,b111100110100000,b111010001100101011100110111010000110011010111110110001001110101011100100111001101110100010111110110001101101111011011010111000001101100011001010111010001100101,b11101000110010101110011011101000011010001011111011000110110111101101110011001100110100101100111,b11101000110010101110011011101000011010001011111011000110110111101101110011001100110100101100111,b11111010000,b11101000110010101110011011101000011010001011111011000110110111101101110011001100110100101100111,b100111000100000
11930000,b11110111,1,b1111111111111111,1,0,1,1,1,1,0,0,b1010101111001101,b1000,b101011,1,1,0,b1010101111001101,b101,b11,b1010010110100101,1,b10,b1111111111111111,b11111,1,b11110111,b10,b111100110100000,b111010001100101011100110111010000110011010111110110001001110101011100100111001101110100010111110110001101101111011011010111000001101100011001010111010001100101,b11101000110010101110011011101000011010001011111011000110110111101101110011001100110100101100111,b11101000110010101110011011101000011010001011111011000110110111101101110011001100110100101100111,b11111010000,b11101000110010101110011011101000011010001011111011000110110111101101110011001100110100101100111,b100111000100000
11940000,b11110111,1,b1111111111111111,1,0,1,0,1,1,0,0,b1010101111001101,b1000,b101011,1,1,0,b1010101111001101,b101,b11,b1010010110100101,1,b10,b1111111111111111,b11111,1,b11110111,b10,b111100110100000,b111010001100101011100110111010000110011010111110110001001110101011100100111001101110100010111110110001101101111011011010111000001101100011001010111010001100101,b11101000110010101110011011101000011010001011111011000110110111101101110011001100110100101100111,b11101000110010101110011011101000011010001011111011000110110111101101110011001100110100101100111,b11111010000,b11101000110010101110011011101000011010001011111011000110110111101101110011001100110100101100111,b100111000100000
11950000,b11110111,1,b1111111111111111,1,0,1,1,1,1,0,0,b1010101111001101,b1000,b101100,1,1,0,b1010101111001101,b101,b0,b1010010110100101,1,b10,b1111111111111111,b11111,0,b11110111,b10,b111100110100000,b111010001100101011100110111010000110011010111110110001001110101011100100111001101110100010111110110001101101111011011010111000001101100011001010111010001100101,b11101000110010101110011011101000011010001011111011000110110111101101110011001100110100101100111,b11101000110010101110011011101000011010001011111011000110110111101101110011001100110100101100111,b11111010000,b11101000110010101110011011101000011010001011111011000110110111101101110011001100110100101100111,b100111000100000
11960000,b11110111,1,b1111111111111111,1,0,1,0,1,1,0,0,b1010101111001101,b1000,b101100,1,1,0,b1010101111001101,b101,b0,b1010010110100101,1,b10,b1111111111111111,b11111,0,b11110111,b10,b111100110100000,b111010001100101011100110111010000110011010111110110001001110101011100100111001101110100010111110110001101101111011011010111000001101100011001010111010001100101,b11101000110010101110011011101000011010001011111011000110110111101101110011001100110100101100111,b11101000110010101110011011101000011010001011111011000110110111101101110011001100110100101100111,b11111010000,b11101000110010101110011011101000011010001011111011000110110111101101110011001100110100101100111,b100111000100000
11970000,b11110111,0,b1111111111111111,0,0,1,1,1,1,0,0,b1010101111001101,b1000,b101101,1,1,0,b1010101111001101,b110,b1,b1010010110100101,0,b10,b1111111111111111,b11111,0,b11110111,b10,b1111001101000000,b111010001100101011100110111010000110011010111110110001001110101011100100111001101110100010111110110001101101111011011010111000001101100011001010111010001100101,b11101000110010101110011011101000011010001011111011000110110111101101110011001100110100101100111,b11101000110010101110011011101000011010001011111011000110110111101101110011001100110100101100111,b11111010000,b11101000110010101110011011101000011010001011111011000110110111101101110011001100110100101100111,b100111000100000
11980000,b11110111,0,b1111111111111111,0,0,1,0,1,1,0,0,b1010101111001101,b1000,b101101,1,1,0,b1010101111001101,b110,b1,b1010010110100101,0,b10,b1111111111111111,b11111,0,b11110111,b10,b1111001101000000,b111010001100101011100110111010000110011010111110110001001110101011100100111001101110100010111110110001101101111011011010111000001101100011001010111010001100101,b11101000110010101110011011101000011010001011111011000110110111101101110011001100110100101100111,b11101000110010101110011011101000011010001011111011000110110111101101110011001100110100101100111,b11111010000,b11101000110010101110011011101000011010001011111011000110110111101101110011001100110100101100111,b100111000100000
11990000,b11110111,0,b1111111111111111,0,0,1,1,1,1,0,0,b1010101111001101,b1000,b101110,1,1,0,b1010101111001101,b110,b10,b1010010110100101,0,b10,b1111111111111111,b11111,0,b11110111,b10,b1111001101000000,b111010001100101011100110111010000110011010111110110001001110101011100100111001101110100010111110110001101101111011011010111000001101100011001010111010001100101,b11101000110010101110011011101000011010001011111011000110110111101101110011001100110100101100111,b11101000110010101110011011101000011010001011111011000110110111101101110011001100110100101100111,b11111010000,b11101000110010101110011011101000011010001011111011000110110111101101110011001100110100101100111,b100111000100000
12000000,b11110111,0,b1111111111111111,0,0,1,0,1,1,0,0,b1010101111001101,b1000,b101110,1,1,0,b1010101111001101,b110,b10,b1010010110100101,0,b10,b1111111111111111,b11111,0,b11110111,b10,b1111001101000000,b111010001100101011100110111010000110011010111110110001001110101011100100111001101110100010111110110001101101111011011010111000001101100011001010111010001100101,b11101000110010101110011011101000011010001011111011000110110111101101110011001100110100101100111,b11101000110010101110011011101000011010001011111011000110110111101101110011001100110100101100111,b11111010000,b11101000110010101110011011101000011010001011111011000110110111101101110011001100110100101100111,b100111000100000
12010000,b11110111,0,b1111111111111111,0,0,1,1,1,1,0,0,b1010101111001101,b1000,b101111,1,1,0,b1010101111001101,b110,b11,b1010010110100101,0,b10,b1111111111111111,b11111,0,b11110111,b10,b1111001101000000,b111010001100101011100110111010000110011010111110110001001110101011100100111001101110100010111110110001101101111011011010111000001101100011001010111010001100101,b11101000110010101110011011101000011010001011111011000110110111101101110011001100110100101100111,b11101000110010101110011011101000011010001011111011000110110111101101110011001100110100101100111,b11111010000,b11101000110010101110011011101000011010001011111011000110110111101101110011001100110100101100111,b100111000100000
12020000,b11110111,0,b1111111111111111,0,0,1,0,1,1,0,0,b1010101111001101,b1000,b101111,1,1,0,b1010101111001101,b110,b11,b1010010110100101,0,b10,b1111111111111111,b11111,0,b11110111,b10,b1111001101000000,b111010001100101011100110111010000110011010111110110001001110101011100100111001101110100010111110110001101101111011011010111000001101100011001010111010001100101,b11101000110010101110011011101000011010001011111011000110110111101101110011001100110100101100111,b11101000110010101110011011101000011010001011111011000110110111101101110011001100110100101100111,b11111010000,b11101000110010101110011011101000011010001011111011000110110111101101110011001100110100101100111,b100111000100000
12030000,b11110111,0,b1111111111111111,0,0,1,1,1,1,0,0,b1010101111001101,b1000,b110000,1,1,0,b1010101111001101,b110,b0,b1010010110100101,0,b10,b1111111111111111,b11111,1,b11110111,b10,b1111001101000000,b111010001100101011100110111010000110011010111110110001001110101011100100111001101110100010111110110001101101111011011010111000001101100011001010111010001100101,b11101000110010101110011011101000011010001011111011000110110111101101110011001100110100101100111,b11101000110010101110011011101000011010001011111011000110110111101101110011001100110100101100111,b11111010000,b11101000110010101110011011101000011010001011111011000110110111101101110011001100110100101100111,b100111000100000
12040000,b11110111,0,b1111111111111111,0,0,1,0,1,1,0,0,b1010101111001101,b1000,b110000,1,1,0,b1010101111001101,b110,b0,b1010010110100101,0,b10,b1111111111111111,b11111,1,b11110111,b10,b1111001101000000,b111010001100101011100110111010000110011010111110110001001110101011100100111001101110100010111110110001101101111011011010111000001101100011001010111010001100101,b11101000110010101110011011101000011010001011111011000110110111101101110011001100110100101100111,b11101000110010101110011011101000011010001011111011000110110111101101110011001100110100101100111,b11111010000,b11101000110010101110011011101000011010001011111011000110110111101101110011001100110100101100111,b100111000100000
12050000,b11110111,1,b1111111111111111,0,0,1,1,1,1,0,0,b1010101111001101,b1000,b110001,1,1,0,b1010101111001101,b110,b1,b1010010110100101,1,b10,b1111111111111111,b111111,1,b11110111,b10,b1111001101000000,b111010001100101011100110111010000110011010111110110001001110101011100100111001101110100010111110110001101101111011011010111000001101100011001010111010001100101,b11101000110010101110011011101000011010001011111011000110110111101101110011001100110100101100111,b11101000110010101110011011101000011010001011111011000110110111101101110011001100110100101100111,b11111010000,b11101000110010101110011011101000011010001011111011000110110111101101110011001100110100101100111,b100111000100000
12060000,b11110111,1,b1111111111111111,0,0,1,0,1,1,0,0,b1010101111001101,b1000,b110001,1,1,0,b1010101111001101,b110,b1,b1010010110100101,1,b10,b1111111111111111,b111111,1,b11110111,b10,b1111001101000000,b111010001100101011100110111010000110011010111110110001001110101011100100111001101110100010111110110001101101111011011010111000001101100011001010111010001100101,b11101000110010101110011011101000011010001011111011000110110111101101110011001100110100101100111,b11101000110010101110011011101000011010001011111011000110110111101101110011001100110100101100111,b11111010000,b11101000110010101110011011101000011010001011111011000110110111101101110011001100110100101100111,b100111000100000
12070000,b11110111,1,b1111111111111111,0,0,1,1,1,1,0,0,b1010101111001101,b1000,b110010,1,1,0,b1010101111001101,b110,b10,b1010010110100101,1,b10,b1111111111111111,b111111,1,b11110111,b10,b1111001101000000,b111010001100101011100110111010000110011010111110110001001110101011100100111001101110100010111110110001101101111011011010111000001101100011001010111010001100101,b11101000110010101110011011101000011010001011111011000110110111101101110011001100110100101100111,b11101000110010101110011011101000011010001011111011000110110111101101110011001100110100101100111,b11111010000,b11101000110010101110011011101000011010001011111011000110110111101101110011001100110100101100111,b100111000100000
12080000,b11110111,1,b1111111111111111,0,0,1,0,1,1,0,0,b1010101111001101,b1000,b110010,1,1,0,b1010101111001101,b110,b10,b1010010110100101,1,b10,b1111111111111111,b111111,1,b11110111,b10,b1111001101000000,b111010001100101011100110111010000110011010111110110001001110101011100100111001101110100010111110110001101101111011011010111000001101100011001010111010001100101,b11101000110010101110011011101000011010001011111011000110110111101101110011001100110100101100111,b11101000110010101110011011101000011010001011111011000110110111101101110011001100110100101100111,b11111010000,b11101000110010101110011011101000011010001011111011000110110111101101110011001100110100101100111,b100111000100000
12090000,b11110111,1,b1111111111111111,0,0,1,1,1,1,0,0,b1010101111001101,b1000,b110011,1,1,0,b1010101111001101,b110,b11,b1010010110100101,1,b10,b1111111111111111,b111111,1,b11110111,b10,b1111001101000000,b111010001100101011100110111010000110011010111110110001001110101011100100111001101110100010111110110001101101111011011010111000001101100011001010111010001100101,b11101000110010101110011011101000011010001011111011000110110111101101110011001100110100101100111,b11101000110010101110011011101000011010001011111011000110110111101101110011001100110100101100111,b11111010000,b11101000110010101110011011101000011010001011111011000110110111101101110011001100110100101100111,b100111000100000
12100000,b11110111,1,b1111111111111111,0,0,1,0,1,1,0,0,b1010101111001101,b1000,b110011,1,1,0,b1010101111001101,b110,b11,b1010010110100101,1,b10,b1111111111111111,b111111,1,b11110111,b10,b1111001101000000,b111010001100101011100110111010000110011010111110110001001110101011100100111001101110100010111110110001101101111011011010111000001101100011001010111010001100101,b11101000110010101110011011101000011010001011111011000110110111101101110011001100110100101100111,b11101000110010101110011011101000011010001011111011000110110111101101110011001100110100101100111,b11111010000,b11101000110010101110011011101000011010001011111011000110110111101101110011001100110100101100111,b100111000100000
12110000,b11110111,1,b1111111111111111,0,0,1,1,1,1,0,0,b1010101111001101,b1000,b110100,1,1,0,b1010101111001101,b110,b0,b1010010110100101,1,b10,b1111111111111111,b111111,0,b11110111,b10,b1111001101000000,b111010001100101011100110111010000110011010111110110001001110101011100100111001101110100010111110110001101101111011011010111000001101100011001010111010001100101,b11101000110010101110011011101000011010001011111011000110110111101101110011001100110100101100111,b11101000110010101110011011101000011010001011111011000110110111101101110011001100110100101100111,b11111010000,b11101000110010101110011011101000011010001011111011000110110111101101110011001100110100101100111,b100111000100000
12120000,b11110111,1,b1111111111111111,0,0,1,0,1,1,0,0,b1010101111001101,b1000,b110100,1,1,0,b1010101111001101,b110,b0,b1010010110100101,1,b10,b1111111111111111,b111111,0,b11110111,b10,b1111001101000000,b111010001100101011100110111010000110011010111110110001001110101011100100111001101110100010111110110001101101111011011010111000001101100011001010111010001100101,b11101000110010101110011011101000011010001011111011000110110111101101110011001100110100101100111,b11101000110010101110011011101000011010001011111011000110110111101101110011001100110100101100111,b11111010000,b11101000110010101110011011101000011010001011111011000110110111101101110011001100110100101100111,b100111000100000
12130000,b11110111,0,b1111111111111111,1,0,1,1,1,1,0,0,b1010101111001101,b1000,b110101,1,1,0,b1010101111001101,b111,b1,b1010010110100101,0,b10,b1111111111111111,b111111,0,b11110111,b10,b1110011010000000,b111010001100101011100110111010000110011010111110110001001110101011100100111001101110100010111110110001101101111011011010111000001101100011001010111010001100101,b11101000110010101110011011101000011010001011111011000110110111101101110011001100110100101100111,b11101000110010101110011011101000011010001011111011000110110111101101110011001100110100101100111,b11111010000,b11101000110010101110011011101000011010001011111011000110110111101101110011001100110100101100111,b100111000100000
12140000,b11110111,0,b1111111111111111,1,0,1,0,1,1,0,0,b1010101111001101,b1000,b110101,1,1,0,b1010101111001101,b111,b1,b1010010110100101,0,b10,b1111111111111111,b111111,0,b11110111,b10,b1110011010000000,b111010001100101011100110111010000110011010111110110001001110101011100100111001101110100010111110110001101101111011011010111000001101100011001010111010001100101,b11101000110010101110011011101000011010001011111011000110110111101101110011001100110100101100111,b11101000110010101110011011101000011010001011111011000110110111101101110011001100110100101100111,b11111010000,b11101000110010101110011011101000011010001011111011000110110111101101110011001100110100101100111,b100111000100000
12150000,b11110111,0,b1111111111111111,1,0,1,1,1,1,0,0,b1010101111001101,b1000,b110110,1,1,0,b1010101111001101,b111,b10,b1010010110100101,0,b10,b1111111111111111,b111111,0,b11110111,b10,b1110011010000000,b111010001100101011100110111010000110011010111110110001001110101011100100111001101110100010111110110001101101111011011010111000001101100011001010111010001100101,b11101000110010101110011011101000011010001011111011000110110111101101110011001100110100101100111,b11101000110010101110011011101000011010001011111011000110110111101101110011001100110100101100111,b11111010000,b11101000110010101110011011101000011010001011111011000110110111101101110011001100110100101100111,b100111000100000
12160000,b11110111,0,b1111111111111111,1,0,1,0,1,1,0,0,b1010101111001101,b1000,b110110,1,1,0,b1010101111001101,b111,b10,b1010010110100101,0,b10,b1111111111111111,b111111,0,b11110111,b10,b1110011010000000,b111010001100101011100110111010000110011010111110110001001110101011100100111001101110100010111110110001101101111011011010111000001101100011001010111010001100101,b11101000110010101110011011101000011010001011111011000110110111101101110011001100110100101100111,b11101000110010101110011011101000011010001011111011000110110111101101110011001100110100101100111,b11111010000,b11101000110010101110011011101000011010001011111011000110110111101101110011001100110100101100111,b100111000100000
12170000,b11110111,0,b1111111111111111,1,0,1,1,1,1,0,0,b1010101111001101,b1000,b110111,1,1,0,b1010101111001101,b111,b11,b1010010110100101,0,b10,b1111111111111111,b111111,0,b11110111,b10,b1110011010000000,b111010001100101011100110111010000110011010111110110001001110101011100100111001101110100010111110110001101101111011011010111000001101100011001010111010001100101,b11101000110010101110011011101000011010001011111011000110110111101101110011001100110100101100111,b11101000110010101110011011101000011010001011111011000110110111101101110011001100110100101100111,b11111010000,b11101000110010101110011011101000011010001011111011000110110111101101110011001100110100101100111,b100111000100000
12180000,b11110111,0,b1111111111111111,1,0,1,0,1,1,0,0,b1010101111001101,b1000,b110111,1,1,0,b1010101111001101,b111,b11,b1010010110100101,0,b10,b1111111111111111,b111111,0,b11110111,b10,b1110011010000000,b111010001100101011100110111010000110011010111110110001001110101011100100111001101110100010111110110001101101111011011010111000001101100011001010111010001100101,b11101000110010101110011011101000011010001011111011000110110111101101110011001100110100101100111,b11101000110010101110011011101000011010001011111011000110110111101101110011001100110100101100111,b11111010000,b11101000110010101110011011101000011010001011111011000110110111101101110011001100110100101100111,b100111000100000
12190000,b11110111,0,b1111111111111111,1,0,1,1,1,1,0,0,b1010101111001101,b1000,b111000,1,1,0,b1010101111001101,b111,b0,b1010010110100101,0,b10,b1111111111111111,b111111,1,b11110111,b10,b1110011010000000,b111010001100101011100110111010000110011010111110110001001110101011100100111001101110100010111110110001101101111011011010111000001101100011001010111010001100101,b11101000110010101110011011101000011010001011111011000110110111101101110011001100110100101100111,b11101000110010101110011011101000011010001011111011000110110111101101110011001100110100101100111,b11111010000,b11101000110010101110011011101000011010001011111011000110110111101101110011001100110100101100111,b100111000100000
12200000,b11110111,0,b1111111111111111,1,0,1,0,1,1,0,0,b1010101111001101,b1000,b111000,1,1,0,b1010101111001101,b111,b0,b1010010110100101,0,b10,b1111111111111111,b111111,1,b11110111,b10,b1110011010000000,b111010001100101011100110111010000110011010111110110001001110101011100100111001101110100010111110110001101101111011011010111000001101100011001010111010001100101,b11101000110010101110011011101000011010001011111011000110110111101101110011001100110100101100111,b11101000110010101110011011101000011010001011111011000110110111101101110011001100110100101100111,b11111010000,b11101000110010101110011011101000011010001011111011000110110111101101110011001100110100101100111,b100111000100000
12210000,b11110111,1,b1111111111111111,1,0,1,1,1,1,0,0,b1010101111001101,b1000,b111001,1,1,0,b1010101111001101,b111,b1,b1010010110100101,1,b10,b1111111111111111,b1111111,1,b11110111,b10,b1110011010000000,b111010001100101011100110111010000110011010111110110001001110101011100100111001101110100010111110110001101101111011011010111000001101100011001010111010001100101,b11101000110010101110011011101000011010001011111011000110110111101101110011001100110100101100111,b11101000110010101110011011101000011010001011111011000110110111101101110011001100110100101100111,b11111010000,b11101000110010101110011011101000011010001011111011000110110111101101110011001100110100101100111,b100111000100000
12220000,b11110111,1,b1111111111111111,1,0,1,0,1,1,0,0,b1010101111001101,b1000,b111001,1,1,0,b1010101111001101,b111,b1,b1010010110100101,1,b10,b1111111111111111,b1111111,1,b11110111,b10,b1110011010000000,b111010001100101011100110111010000110011010111110110001001110101011100100111001101110100010111110110001101101111011011010111000001101100011001010111010001100101,b11101000110010101110011011101000011010001011111011000110110111101101110011001100110100101100111,b11101000110010101110011011101000011010001011111011000110110111101101110011001100110100101100111,b11111010000,b11101000110010101110011011101000011010001011111011000110110111101101110011001100110100101100111,b100111000100000
12230000,b11110111,1,b1111111111111111,1,0,1,1,1,1,0,0,b1010101111001101,b1000,b111010,1,1,0,b1010101111001101,b111,b10,b1010010110100101,1,b10,b1111111111111111,b1111111,1,b11110111,b10,b1110011010000000,b111010001100101011100110111010000110011010111110110001001110101011100100111001101110100010111110110001101101111011011010111000001101100011001010111010001100101,b11101000110010101110011011101000011010001011111011000110110111101101110011001100110100101100111,b11101000110010101110011011101000011010001011111011000110110111101101110011001100110100101100111,b11111010000,b11101000110010101110011011101000011010001011111011000110110111101101110011001100110100101100111,b100111000100000
12240000,b11110111,1,b1111111111111111,1,0,1,0,1,1,0,0,b1010101111001101,b1000,b111010,1,1,0,b1010101111001101,b111,b10,b1010010110100101,1,b10,b1111111111111111,b1111111,1,b11110111,b10,b1110011010000000,b111010001100101011100110111010000110011010111110110001001110101011100100111001101110100010111110110001101101111011011010111000001101100011001010111010001100101,b11101000110010101110011011101000011010001011111011000110110111101101110011001100110100101100111,b11101000110010101110011011101000011010001011111011000110110111101101110011001100110100101100111,b11111010000,b11101000110010101110011011101000011010001011111011000110110111101101110011001100110100101100111,b100111000100000
12250000,b11110111,1,b1111111111111111,1,0,1,1,1,1,0,0,b1010101111001101,b1000,b111011,1,1,0,b1010101111001101,b111,b11,b1010010110100101,1,b10,b1111111111111111,b1111111,1,b11110111,b10,b1110011010000000,b111010001100101011100110111010000110011010111110110001001110101011100100111001101110100010111110110001101101111011011010111000001101100011001010111010001100101,b11101000110010101110011011101000011010001011111011000110110111101101110011001100110100101100111,b11101000110010101110011011101000011010001011111011000110110111101101110011001100110100101100111,b11111010000,b11101000110010101110011011101000011010001011111011000110110111101101110011001100110100101100111,b100111000100000
12260000,b11110111,1,b1111111111111111,1,0,1,0,1,1,0,0,b1010101111001101,b1000,b111011,1,1,0,b1010101111001101,b111,b11,b1010010110100101,1,b10,b1111111111111111,b1111111,1,b11110111,b10,b1110011010000000,b111010001100101011100110111010000110011010111110110001001110101011100100111001101110100010111110110001101101111011011010111000001101100011001010111010001100101,b11101000110010101110011011101000011010001011111011000110110111101101110011001100110100101100111,b11101000110010101110011011101000011010001011111011000110110111101101110011001100110100101100111,b11111010000,b11101000110010101110011011101000011010001011111011000110110111101101110011001100110100101100111,b100111000100000
12270000,b11110111,1,b1111111111111111,1,0,1,1,1,1,0,0,b1010101111001101,b1000,b111100,1,1,0,b1010101111001101,b111,b0,b1010010110100101,1,b10,b1111111111111111,b1111111,0,b11110111,b10,b1110011010000000,b111010001100101011100110111010000110011010111110110001001110101011100100111001101110100010111110110001101101111011011010111000001101100011001010111010001100101,b11101000110010101110011011101000011010001011111011000110110111101101110011001100110100101100111,b11101000110010101110011011101000011010001011111011000110110111101101110011001100110100101100111,b11111010000,b11101000110010101110011011101000011010001011111011000110110111101101110011001100110100101100111,b100111000100000
12280000,b11110111,1,b1111111111111111,1,0,1,0,1,1,0,0,b1010101111001101,b1000,b111100,1,1,0,b1010101111001101,b111,b0,b1010010110100101,1,b10,b1111111111111111,b1111111,0,b11110111,b10,b1110011010000000,b111010001100101011100110111010000110011010111110110001001110101011100100111001101110100010111110110001101101111011011010111000001101100011001010111010001100101,b11101000110010101110011011101000011010001011111011000110110111101101110011001100110100101100111,b11101000110010101110011011101000011010001011111011000110110111101101110011001100110100101100111,b11111010000,b11101000110010101110011011101000011010001011111011000110110111101101110011001100110100101100111,b100111000100000
12290000,b11110111,0,b1111111111111111,1,0,1,1,1,1,0,0,b1010101111001101,b1000,b111101,1,1,0,b1010101111001101,b1000,b1,b1010010110100101,0,b10,b1111111111111111,b1111111,0,b11110111,b10,b1100110100000000,b111010001100101011100110111010000110011010111110110001001110101011100100111001101110100010111110110001101101111011011010111000001101100011001010111010001100101,b11101000110010101110011011101000011010001011111011000110110111101101110011001100110100101100111,b11101000110010101110011011101000011010001011111011000110110111101101110011001100110100101100111,b11111010000,b11101000110010101110011011101000011010001011111011000110110111101101110011001100110100101100111,b100111000100000
12300000,b11110111,0,b1111111111111111,1,0,1,0,1,1,0,0,b1010101111001101,b1000,b111101,1,1,0,b1010101111001101,b1000,b1,b1010010110100101,0,b10,b1111111111111111,b1111111,0,b11110111,b10,b1100110100000000,b111010001100101011100110111010000110011010111110110001001110101011100100111001101110100010111110110001101101111011011010111000001101100011001010111010001100101,b11101000110010101110011011101000011010001011111011000110110111101101110011001100110100101100111,b11101000110010101110011011101000011010001011111011000110110111101101110011001100110100101100111,b11111010000,b11101000110010101110011011101000011010001011111011000110110111101101110011001100110100101100111,b100111000100000
12310000,b11110111,0,b1111111111111111,1,0,1,1,1,1,0,0,b1010101111001101,b1000,b111110,1,1,0,b1010101111001101,b1000,b10,b1010010110100101,0,b10,b1111111111111111,b1111111,0,b11110111,b10,b1100110100000000,b111010001100101011100110111010000110011010111110110001001110101011100100111001101110100010111110110001101101111011011010111000001101100011001010111010001100101,b11101000110010101110011011101000011010001011111011000110110111101101110011001100110100101100111,b11101000110010101110011011101000011010001011111011000110110111101101110011001100110100101100111,b11111010000,b11101000110010101110011011101000011010001011111011000110110111101101110011001100110100101100111,b100111000100000
12320000,b11110111,0,b1111111111111111,1,0,1,0,1,1,0,0,b1010101111001101,b1000,b111110,1,1,0,b1010101111001101,b1000,b10,b1010010110100101,0,b10,b1111111111111111,b1111111,0,b11110111,b10,b1100110100000000,b111010001100101011100110111010000110011010111110110001001110101011100100111001101110100010111110110001101101111011011010111000001101100011001010111010001100101,b11101000110010101110011011101000011010001011111011000110110111101101110011001100110100101100111,b11101000110010101110011011101000011010001011111011000110110111101101110011001100110100101100111,b11111010000,b11101000110010101110011011101000011010001011111011000110110111101101110011001100110100101100111,b100111000100000
12330000,b11110111,0,b1111111111111111,1,0,1,1,1,1,0,0,b1010101111001101,b1000,b111111,1,1,0,b1010101111001101,b1000,b11,b1010010110100101,0,b10,b1111111111111111,b1111111,0,b11110111,b10,b1100110100000000,b111010001100101011100110111010000110011010111110110001001110101011100100111001101110100010111110110001101101111011011010111000001101100011001010111010001100101,b11101000110010101110011011101000011010001011111011000110110111101101110011001100110100101100111,b11101000110010101110011011101000011010001011111011000110110111101101110011001100110100101100111,b11111010000,b11101000110010101110011011101000011010001011111011000110110111101101110011001100110100101100111,b100111000100000
12340000,b11110111,0,b1111111111111111,1,0,1,0,1,1,0,0,b1010101111001101,b1000,b111111,1,1,0,b1010101111001101,b1000,b11,b1010010110100101,0,b10,b1111111111111111,b1111111,0,b11110111,b10,b1100110100000000,b111010001100101011100110111010000110011010111110110001001110101011100100111001101110100010111110110001101101111011011010111000001101100011001010111010001100101,b11101000110010101110011011101000011010001011111011000110110111101101110011001100110100101100111,b11101000110010101110011011101000011010001011111011000110110111101101110011001100110100101100111,b11111010000,b11101000110010101110011011101000011010001011111011000110110111101101110011001100110100101100111,b100111000100000
12350000,b11110111,0,b1111111111111111,1,0,1,1,1,1,0,0,b1010101111001101,b1000,b1000000,1,1,0,b1010101111001101,b1000,b0,b1010010110100101,0,b10,b1111111111111111,b1111111,1,b11110111,b10,b1100110100000000,b111010001100101011100110111010000110011010111110110001001110101011100100111001101110100010111110110001101101111011011010111000001101100011001010111010001100101,b11101000110010101110011011101000011010001011111011000110110111101101110011001100110100101100111,b11101000110010101110011011101000011010001011111011000110110111101101110011001100110100101100111,b11111010000,b11101000110010101110011011101000011010001011111011000110110111101101110011001100110100101100111,b100111000100000
12360000,b11110111,0,b1111111111111111,1,0,1,0,1,1,0,0,b1010101111001101,b1000,b1000000,1,1,0,b1010101111001101,b1000,b0,b1010010110100101,0,b10,b1111111111111111,b1111111,1,b11110111,b10,b1100110100000000,b111010001100101011100110111010000110011010111110110001001110101011100100111001101110100010111110110001101101111011011010111000001101100011001010111010001100101,b11101000110010101110011011101000011010001011111011000110110111101101110011001100110100101100111,b11101000110010101110011011101000011010001011111011000110110111101101110011001100110100101100111,b11111010000,b11101000110010101110011011101000011010001011111011000110110111101101110011001100110100101100111,b100111000100000
12370000,b11110111,1,b1111111111111111,1,0,1,1,1,1,0,0,b1010101111001101,b1000,b1000001,1,1,0,b1010101111001101,b1000,b1,b1010010110100101,1,b10,b1111111111111111,b11111111,1,b11110111,b10,b1100110100000000,b111010001100101011100110111010000110011010111110110001001110101011100100111001101110100010111110110001101101111011011010111000001101100011001010111010001100101,b11101000110010101110011011101000011010001011111011000110110111101101110011001100110100101100111,b11101000110010101110011011101000011010001011111011000110110111101101110011001100110100101100111,b11111010000,b11101000110010101110011011101000011010001011111011000110110111101101110011001100110100101100111,b100111000100000
12380000,b11110111,1,b1111111111111111,1,0,1,0,1,1,0,0,b1010101111001101,b1000,b1000001,1,1,0,b1010101111001101,b1000,b1,b1010010110100101,1,b10,b1111111111111111,b11111111,1,b11110111,b10,b1100110100000000,b111010001100101011100110111010000110011010111110110001001110101011100100111001101110100010111110110001101101111011011010111000001101100011001010111010001100101,b11101000110010101110011011101000011010001011111011000110110111101101110011001100110100101100111,b11101000110010101110011011101000011010001011111011000110110111101101110011001100110100101100111,b11111010000,b11101000110010101110011011101000011010001011111011000110110111101101110011001100110100101100111,b100111000100000
12390000,b11110111,1,b1111111111111111,1,0,1,1,1,1,0,0,b1010101111001101,b1000,b1000010,1,1,0,b1010101111001101,b1000,b10,b1010010110100101,1,b10,b1111111111111111,b11111111,1,b11110111,b10,b1100110100000000,b111010001100101011100110111010000110011010111110110001001110101011100100111001101110100010111110110001101101111011011010111000001101100011001010111010001100101,b11101000110010101110011011101000011010001011111011000110110111101101110011001100110100101100111,b11101000110010101110011011101000011010001011111011000110110111101101110011001100110100101100111,b11111010000,b11101000110010101110011011101000011010001011111011000110110111101101110011001100110100101100111,b100111000100000
12400000,b11110111,1,b1111111111111111,1,0,1,0,1,1,0,0,b1010101111001101,b1000,b1000010,1,1,0,b1010101111001101,b1000,b10,b1010010110100101,1,b10,b1111111111111111,b11111111,1,b11110111,b10,b1100110100000000,b111010001100101011100110111010000110011010111110110001001110101011100100111001101110100010111110110001101101111011011010111000001101100011001010111010001100101,b11101000110010101110011011101000011010001011111011000110110111101101110011001100110100101100111,b11101000110010101110011011101000011010001011111011000110110111101101110011001100110100101100111,b11111010000,b11101000110010101110011011101000011010001011111011000110110111101101110011001100110100101100111,b100111000100000
12410000,b11110111,1,b1111111111111111,1,0,1,1,1,1,0,0,b1010101111001101,b1000,b1000011,1,1,0,b1010101111001101,b1000,b11,b1010010110100101,1,b10,b1111111111111111,b11111111,1,b11110111,b10,b1100110100000000,b111010001100101011100110111010000110011010111110110001001110101011100100111001101110100010111110110001101101111011011010111000001101100011001010111010001100101,b11101000110010101110011011101000011010001011111011000110110111101101110011001100110100101100111,b11101000110010101110011011101000011010001011111011000110110111101101110011001100110100101100111,b11111010000,b11101000110010101110011011101000011010001011111011000110110111101101110011001100110100101100111,b100111000100000
12420000,b11110111,1,b1111111111111111,1,0,1,0,1,1,0,0,b1010101111001101,b1000,b1000011,1,1,0,b1010101111001101,b1000,b11,b1010010110100101,1,b10,b1111111111111111,b11111111,1,b11110111,b10,b1100110100000000,b111010001100101011100110111010000110011010111110110001001110101011100100111001101110100010111110110001101101111011011010111000001101100011001010111010001100101,b11101000110010101110011011101000011010001011111011000110110111101101110011001100110100101100111,b11101000110010101110011011101000011010001011111011000110110111101101110011001100110100101100111,b11111010000,b11101000110010101110011011101000011010001011111011000110110111101101110011001100110100101100111,b100111000100000
12430000,b11110111,1,b1111111111111111,1,0,1,1,1,1,0,0,b1010101111001101,b1000,b1000100,1,1,0,b1010101111001101,b1000,b0,b1010010110100101,1,b10,b1111111111111111,b11111111,0,b11110111,b10,b1100110100000000,b111010001100101011100110111010000110011010111110110001001110101011100100111001101110100010111110110001101101111011011010111000001101100011001010111010001100101,b11101000110010101110011011101000011010001011111011000110110111101101110011001100110100101100111,b11101000110010101110011011101000011010001011111011000110110111101101110011001100110100101100111,b11111010000,b11101000110010101110011011101000011010001011111011000110110111101101110011001100110100101100111,b100111000100000
12440000,b11110111,1,b1111111111111111,1,0,1,0,1,1,0,0,b1010101111001101,b1000,b1000100,1,1,0,b1010101111001101,b1000,b0,b1010010110100101,1,b10,b1111111111111111,b11111111,0,b11110111,b10,b1100110100000000,b111010001100101011100110111010000110011010111110110001001110101011100100111001101110100010111110110001101101111011011010111000001101100011001010111010001100101,b11101000110010101110011011101000011010001011111011000110110111101101110011001100110100101100111,b11101000110010101110011011101000011010001011111011000110110111101101110011001100110100101100111,b11111010000,b11101000110010101110011011101000011010001011111011000110110111101101110011001100110100101100111,b100111000100000
12450000,b11110111,0,b1111111111111111,1,0,1,1,1,1,0,0,b1010101111001101,b1000,b1000101,1,1,0,b1010101111001101,b1001,b1,b1010010110100101,0,b10,b1111111111111111,b11111111,0,b11110111,b10,b1001101000000000,b111010001100101011100110111010000110011010111110110001001110101011100100111001101110100010111110110001101101111011011010111000001101100011001010111010001100101,b11101000110010101110011011101000011010001011111011000110110111101101110011001100110100101100111,b11101000110010101110011011101000011010001011111011000110110111101101110011001100110100101100111,b11111010000,b11101000110010101110011011101000011010001011111011000110110111101101110011001100110100101100111,b100111000100000
12460000,b11110111,0,b1111111111111111,1,0,1,0,1,1,0,0,b1010101111001101,b1000,b1000101,1,1,0,b1010101111001101,b1001,b1,b1010010110100101,0,b10,b1111111111111111,b11111111,0,b11110111,b10,b1001101000000000,b111010001100101011100110111010000110011010111110110001001110101011100100111001101110100010111110110001101101111011011010111000001101100011001010111010001100101,b11101000110010101110011011101000011010001011111011000110110111101101110011001100110100101100111,b11101000110010101110011011101000011010001011111011000110110111101101110011001100110100101100111,b11111010000,b11101000110010101110011011101000011010001011111011000110110111101101110011001100110100101100111,b100111000100000
12470000,b11110111,0,b1111111111111111,1,0,1,1,1,1,0,0,b1010101111001101,b1000,b1000110,1,1,0,b1010101111001101,b1001,b10,b1010010110100101,0,b10,b1111111111111111,b11111111,0,b11110111,b10,b1001101000000000,b111010001100101011100110111010000110011010111110110001001110101011100100111001101110100010111110110001101101111011011010111000001101100011001010111010001100101,b11101000110010101110011011101000011010001011111011000110110111101101110011001100110100101100111,b11101000110010101110011011101000011010001011111011000110110111101101110011001100110100101100111,b11111010000,b11101000110010101110011011101000011010001011111011000110110111101101110011001100110100101100111,b100111000100000
12480000,b11110111,0,b1111111111111111,1,0,1,0,1,1,0,0,b1010101111001101,b1000,b1000110,1,1,0,b1010101111001101,b1001,b10,b1010010110100101,0,b10,b1111111111111111,b11111111,0,b11110111,b10,b1001101000000000,b111010001100101011100110111010000110011010111110110001001110101011100100111001101110100010111110110001101101111011011010111000001101100011001010111010001100101,b11101000110010101110011011101000011010001011111011000110110111101101110011001100110100101100111,b11101000110010101110011011101000011010001011111011000110110111101101110011001100110100101100111,b11111010000,b11101000110010101110011011101000011010001011111011000110110111101101110011001100110100101100111,b100111000100000
12490000,b11110111,0,b1111111111111111,1,0,1,1,1,1,0,0,b1010101111001101,b1000,b1000111,1,1,0,b1010101111001101,b1001,b11,b1010010110100101,0,b10,b1111111111111111,b11111111,0,b11110111,b10,b1001101000000000,b111010001100101011100110111010000110011010111110110001001110101011100100111001101110100010111110110001101101111011011010111000001101100011001010111010001100101,b11101000110010101110011011101000011010001011111011000110110111101101110011001100110100101100111,b11101000110010101110011011101000011010001011111011000110110111101101110011001100110100101100111,b11111010000,b11101000110010101110011011101000011010001011111011000110110111101101110011001100110100101100111,b100111000100000
12500000,b11110111,0,b1111111111111111,1,0,1,0,1,1,0,0,b1010101111001101,b1000,b1000111,1,1,0,b1010101111001101,b1001,b11,b1010010110100101,0,b10,b1111111111111111,b11111111,0,b11110111,b10,b1001101000000000,b111010001100101011100110111010000110011010111110110001001110101011100100111001101110100010111110110001101101111011011010111000001101100011001010111010001100101,b11101000110010101110011011101000011010001011111011000110110111101101110011001100110100101100111,b11101000110010101110011011101000011010001011111011000110110111101101110011001100110100101100111,b11111010000,b11101000110010101110011011101000011010001011111011000110110111101101110011001100110100101100111,b100111000100000
12510000,b11110111,0,b1111111111111111,1,0,1,1,1,1,0,0,b1010101111001101,b1000,b1001000,1,1,0,b1010101111001101,b1001,b0,b1010010110100101,0,b10,b1111111111111111,b11111111,1,b11110111,b10,b1001101000000000,b111010001100101011100110111010000110011010111110110001001110101011100100111001101110100010111110110001101101111011011010111000001101100011001010111010001100101,b11101000110010101110011011101000011010001011111011000110110111101101110011001100110100101100111,b11101000110010101110011011101000011010001011111011000110110111101101110011001100110100101100111,b11111010000,b11101000110010101110011011101000011010001011111011000110110111101101110011001100110100101100111,b100111000100000
12520000,b11110111,0,b1111111111111111,1,0,1,0,1,1,0,0,b1010101111001101,b1000,b1001000,1,1,0,b1010101111001101,b1001,b0,b1010010110100101,0,b10,b1111111111111111,b11111111,1,b11110111,b10,b1001101000000000,b111010001100101011100110111010000110011010111110110001001110101011100100111001101110100010111110110001101101111011011010111000001101100011001010111010001100101,b11101000110010101110011011101000011010001011111011000110110111101101110011001100110100101100111,b11101000110010101110011011101000011010001011111011000110110111101101110011001100110100101100111,b11111010000,b11101000110010101110011011101000011010001011111011000110110111101101110011001100110100101100111,b100111000100000
12530000,b11110111,1,b1111111111111111,1,0,1,1,1,1,0,0,b1010101111001101,b1000,b1001001,1,1,0,b1010101111001101,b1001,b1,b1010010110100101,1,b10,b1111111111111111,b111111111,1,b11110111,b10,b1001101000000000,b111010001100101011100110111010000110011010111110110001001110101011100100111001101110100010111110110001101101111011011010111000001101100011001010111010001100101,b11101000110010101110011011101000011010001011111011000110110111101101110011001100110100101100111,b11101000110010101110011011101000011010001011111011000110110111101101110011001100110100101100111,b11111010000,b11101000110010101110011011101000011010001011111011000110110111101101110011001100110100101100111,b100111000100000
12540000,b11110111,1,b1111111111111111,1,0,1,0,1,1,0,0,b1010101111001101,b1000,b1001001,1,1,0,b1010101111001101,b1001,b1,b1010010110100101,1,b10,b1111111111111111,b111111111,1,b11110111,b10,b1001101000000000,b111010001100101011100110111010000110011010111110110001001110101011100100111001101110100010111110110001101101111011011010111000001101100011001010111010001100101,b11101000110010101110011011101000011010001011111011000110110111101101110011001100110100101100111,b11101000110010101110011011101000011010001011111011000110110111101101110011001100110100101100111,b11111010000,b11101000110010101110011011101000011010001011111011000110110111101101110011001100110100101100111,b100111000100000
12550000,b11110111,1,b1111111111111111,1,0,1,1,1,1,0,0,b1010101111001101,b1000,b1001010,1,1,0,b1010101111001101,b1001,b10,b1010010110100101,1,b10,b1111111111111111,b111111111,1,b11110111,b10,b1001101000000000,b111010001100101011100110111010000110011010111110110001001110101011100100111001101110100010111110110001101101111011011010111000001101100011001010111010001100101,b11101000110010101110011011101000011010001011111011000110110111101101110011001100110100101100111,b11101000110010101110011011101000011010001011111011000110110111101101110011001100110100101100111,b11111010000,b11101000110010101110011011101000011010001011111011000110110111101101110011001100110100101100111,b100111000100000
12560000,b11110111,1,b1111111111111111,1,0,1,0,1,1,0,0,b1010101111001101,b1000,b1001010,1,1,0,b1010101111001101,b1001,b10,b1010010110100101,1,b10,b1111111111111111,b111111111,1,b11110111,b10,b1001101000000000,b111010001100101011100110111010000110011010111110110001001110101011100100111001101110100010111110110001101101111011011010111000001101100011001010111010001100101,b11101000110010101110011011101000011010001011111011000110110111101101110011001100110100101100111,b11101000110010101110011011101000011010001011111011000110110111101101110011001100110100101100111,b11111010000,b11101000110010101110011011101000011010001011111011000110110111101101110011001100110100101100111,b100111000100000
12570000,b11110111,1,b1111111111111111,1,0,1,1,1,1,0,0,b1010101111001101,b1000,b1001011,1,1,0,b1010101111001101,b1001,b11,b1010010110100101,1,b10,b1111111111111111,b111111111,1,b11110111,b10,b1001101000000000,b111010001100101011100110111010000110011010111110110001001110101011100100111001101110100010111110110001101101111011011010111000001101100011001010111010001100101,b11101000110010101110011011101000011010001011111011000110110111101101110011001100110100101100111,b11101000110010101110011011101000011010001011111011000110110111101101110011001100110100101100111,b11111010000,b11101000110010101110011011101000011010001011111011000110110111101101110011001100110100101100111,b100111000100000
12580000,b11110111,1,b1111111111111111,1,0,1,0,1,1,0,0,b1010101111001101,b1000,b1001011,1,1,0,b1010101111001101,b1001,b11,b1010010110100101,1,b10,b1111111111111111,b111111111,1,b11110111,b10,b1001101000000000,b111010001100101011100110111010000110011010111110110001001110101011100100111001101110100010111110110001101101111011011010111000001101100011001010111010001100101,b11101000110010101110011011101000011010001011111011000110110111101101110011001100110100101100111,b11101000110010101110011011101000011010001011111011000110110111101101110011001100110100101100111,b11111010000,b11101000110010101110011011101000011010001011111011000110110111101101110011001100110100101100111,b100111000100000
12590000,b11110111,1,b1111111111111111,1,0,1,1,1,1,0,0,b1010101111001101,b1000,b1001100,1,1,0,b1010101111001101,b1001,b0,b1010010110100101,1,b10,b1111111111111111,b111111111,0,b11110111,b10,b1001101000000000,b111010001100101011100110111010000110011010111110110001001110101011100100111001101110100010111110110001101101111011011010111000001101100011001010111010001100101,b11101000110010101110011011101000011010001011111011000110110111101101110011001100110100101100111,b11101000110010101110011011101000011010001011111011000110110111101101110011001100110100101100111,b11111010000,b11101000110010101110011011101000011010001011111011000110110111101101110011001100110100101100111,b100111000100000
12600000,b11110111,1,b1111111111111111,1,0,1,0,1,1,0,0,b1010101111001101,b1000,b1001100,1,1,0,b1010101111001101,b1001,b0,b1010010110100101,1,b10,b1111111111111111,b111111111,0,b11110111,b10,b1001101000000000,b111010001100101011100110111010000110011010111110110001001110101011100100111001101110100010111110110001101101111011011010111000001101100011001010111010001100101,b11101000110010101110011011101000011010001011111011000110110111101101110011001100110100101100111,b11101000110010101110011011101000011010001011111011000110110111101101110011001100110100101100111,b11111010000,b11101000110010101110011011101000011010001011111011000110110111101101110011001100110100101100111,b100111000100000
12610000,b11110111,0,b1111111111111111,1,0,1,1,1,1,0,0,b1010101111001101,b1000,b1001101,1,1,0,b1010101111001101,b1010,b1,b1010010110100101,0,b10,b1111111111111111,b111111111,0,b11110111,b10,b11010000000000,b111010001100101011100110111010000110011010111110110001001110101011100100111001101110100010111110110001101101111011011010111000001101100011001010111010001100101,b11101000110010101110011011101000011010001011111011000110110111101101110011001100110100101100111,b11101000110010101110011011101000011010001011111011000110110111101101110011001100110100101100111,b11111010000,b11101000110010101110011011101000011010001011111011000110110111101101110011001100110100101100111,b100111000100000
12620000,b11110111,0,b1111111111111111,1,0,1,0,1,1,0,0,b1010101111001101,b1000,b1001101,1,1,0,b1010101111001101,b1010,b1,b1010010110100101,0,b10,b1111111111111111,b111111111,0,b11110111,b10,b11010000000000,b111010001100101011100110111010000110011010111110110001001110101011100100111001101110100010111110110001101101111011011010111000001101100011001010111010001100101,b11101000110010101110011011101000011010001011111011000110110111101101110011001100110100101100111,b11101000110010101110011011101000011010001011111011000110110111101101110011001100110100101100111,b11111010000,b11101000110010101110011011101000011010001011111011000110110111101101110011001100110100101100111,b100111000100000
12630000,b11110111,0,b1111111111111111,1,0,1,1,1,1,0,0,b1010101111001101,b1000,b1001110,1,1,0,b1010101111001101,b1010,b10,b1010010110100101,0,b10,b1111111111111111,b111111111,0,b11110111,b10,b11010000000000,b111010001100101011100110111010000110011010111110110001001110101011100100111001101110100010111110110001101101111011011010111000001101100011001010111010001100101,b11101000110010101110011011101000011010001011111011000110110111101101110011001100110100101100111,b11101000110010101110011011101000011010001011111011000110110111101101110011001100110100101100111,b11111010000,b11101000110010101110011011101000011010001011111011000110110111101101110011001100110100101100111,b100111000100000
12640000,b11110111,0,b1111111111111111,1,0,1,0,1,1,0,0,b1010101111001101,b1000,b1001110,1,1,0,b1010101111001101,b1010,b10,b1010010110100101,0,b10,b1111111111111111,b111111111,0,b11110111,b10,b11010000000000,b111010001100101011100110111010000110011010111110110001001110101011100100111001101110100010111110110001101101111011011010111000001101100011001010111010001100101,b11101000110010101110011011101000011010001011111011000110110111101101110011001100110100101100111,b11101000110010101110011011101000011010001011111011000110110111101101110011001100110100101100111,b11111010000,b11101000110010101110011011101000011010001011111011000110110111101101110011001100110100101100111,b100111000100000
12650000,b11110111,0,b1111111111111111,1,0,1,1,1,1,0,0,b1010101111001101,b1000,b1001111,1,1,0,b1010101111001101,b1010,b11,b1010010110100101,0,b10,b1111111111111111,b111111111,0,b11110111,b10,b11010000000000,b111010001100101011100110111010000110011010111110110001001110101011100100111001101110100010111110110001101101111011011010111000001101100011001010111010001100101,b11101000110010101110011011101000011010001011111011000110110111101101110011001100110100101100111,b11101000110010101110011011101000011010001011111011000110110111101101110011001100110100101100111,b11111010000,b11101000110010101110011011101000011010001011111011000110110111101101110011001100110100101100111,b100111000100000
12660000,b11110111,0,b1111111111111111,1,0,1,0,1,1,0,0,b1010101111001101,b1000,b1001111,1,1,0,b1010101111001101,b1010,b11,b1010010110100101,0,b10,b1111111111111111,b111111111,0,b11110111,b10,b11010000000000,b111010001100101011100110111010000110011010111110110001001110101011100100111001101110100010111110110001101101111011011010111000001101100011001010111010001100101,b11101000110010101110011011101000011010001011111011000110110111101101110011001100110100101100111,b11101000110010101110011011101000011010001011111011000110110111101101110011001100110100101100111,b11111010000,b11101000110010101110011011101000011010001011111011000110110111101101110011001100110100101100111,b100111000100000
12670000,b11110111,0,b1111111111111111,1,0,1,1,1,1,0,0,b1010101111001101,b1000,b1010000,1,1,0,b1010101111001101,b1010,b0,b1010010110100101,0,b10,b1111111111111111,b111111111,1,b11110111,b10,b11010000000000,b111010001100101011100110111010000110011010111110110001001110101011100100111001101110100010111110110001101101111011011010111000001101100011001010111010001100101,b11101000110010101110011011101000011010001011111011000110110111101101110011001100110100101100111,b11101000110010101110011011101000011010001011111011000110110111101101110011001100110100101100111,b11111010000,b11101000110010101110011011101000011010001011111011000110110111101101110011001100110100101100111,b100111000100000
12680000,b11110111,0,b1111111111111111,1,0,1,0,1,1,0,0,b1010101111001101,b1000,b1010000,1,1,0,b1010101111001101,b1010,b0,b1010010110100101,0,b10,b1111111111111111,b111111111,1,b11110111,b10,b11010000000000,b111010001100101011100110111010000110011010111110110001001110101011100100111001101110100010111110110001101101111011011010111000001101100011001010111010001100101,b11101000110010101110011011101000011010001011111011000110110111101101110011001100110100101100111,b11101000110010101110011011101000011010001011111011000110110111101101110011001100110100101100111,b11111010000,b11101000110010101110011011101000011010001011111011000110110111101101110011001100110100101100111,b100111000100000
12690000,b11110111,1,b1111111111111111,1,0,1,1,1,1,0,0,b1010101111001101,b1000,b1010001,1,1,0,b1010101111001101,b1010,b1,b1010010110100101,1,b10,b1111111111111111,b1111111111,1,b11110111,b10,b11010000000000,b111010001100101011100110111010000110011010111110110001001110101011100100111001101110100010111110110001101101111011011010111000001101100011001010111010001100101,b11101000110010101110011011101000011010001011111011000110110111101101110011001100110100101100111,b11101000110010101110011011101000011010001011111011000110110111101101110011001100110100101100111,b11111010000,b11101000110010101110011011101000011010001011111011000110110111101101110011001100110100101100111,b100111000100000
12700000,b11110111,1,b1111111111111111,1,0,1,0,1,1,0,0,b1010101111001101,b1000,b1010001,1,1,0,b1010101111001101,b1010,b1,b1010010110100101,1,b10,b1111111111111111,b1111111111,1,b11110111,b10,b11010000000000,b111010001100101011100110111010000110011010111110110001001110101011100100111001101110100010111110110001101101111011011010111000001101100011001010111010001100101,b11101000110010101110011011101000011010001011111011000110110111101101110011001100110100101100111,b11101000110010101110011011101000011010001011111011000110110111101101110011001100110100101100111,b11111010000,b11101000110010101110011011101000011010001011111011000110110111101101110011001100110100101100111,b100111000100000
12710000,b11110111,1,b1111111111111111,1,0,1,1,1,1,0,0,b1010101111001101,b1000,b1010010,1,1,0,b1010101111001101,b1010,b10,b1010010110100101,1,b10,b1111111111111111,b1111111111,1,b11110111,b10,b11010000000000,b111010001100101011100110111010000110011010111110110001001110101011100100111001101110100010111110110001101101111011011010111000001101100011001010111010001100101,b11101000110010101110011011101000011010001011111011000110110111101101110011001100110100101100111,b11101000110010101110011011101000011010001011111011000110110111101101110011001100110100101100111,b11111010000,b11101000110010101110011011101000011010001011111011000110110111101101110011001100110100101100111,b100111000100000
12720000,b11110111,1,b1111111111111111,1,0,1,0,1,1,0,0,b1010101111001101,b1000,b1010010,1,1,0,b1010101111001101,b1010,b10,b1010010110100101,1,b10,b1111111111111111,b1111111111,1,b11110111,b10,b11010000000000,b111010001100101011100110111010000110011010111110110001001110101011100100111001101110100010111110110001101101111011011010111000001101100011001010111010001100101,b11101000110010101110011011101000011010001011111011000110110111101101110011001100110100101100111,b11101000110010101110011011101000011010001011111011000110110111101101110011001100110100101100111,b11111010000,b11101000110010101110011011101000011010001011111011000110110111101101110011001100110100101100111,b100111000100000
12730000,b11110111,1,b1111111111111111,1,0,1,1,1,1,0,0,b1010101111001101,b1000,b1010011,1,1,0,b1010101111001101,b1010,b11,b1010010110100101,1,b10,b1111111111111111,b1111111111,1,b11110111,b10,b11010000000000,b111010001100101011100110111010000110011010111110110001001110101011100100111001101110100010111110110001101101111011011010111000001101100011001010111010001100101,b11101000110010101110011011101000011010001011111011000110110111101101110011001100110100101100111,b11101000110010101110011011101000011010001011111011000110110111101101110011001100110100101100111,b11111010000,b11101000110010101110011011101000011010001011111011000110110111101101110011001100110100101100111,b100111000100000
12740000,b11110111,1,b1111111111111111,1,0,1,0,1,1,0,0,b1010101111001101,b1000,b1010011,1,1,0,b1010101111001101,b1010,b11,b1010010110100101,1,b10,b1111111111111111,b1111111111,1,b11110111,b10,b11010000000000,b111010001100101011100110111010000110011010111110110001001110101011100100111001101110100010111110110001101101111011011010111000001101100011001010111010001100101,b11101000110010101110011011101000011010001011111011000110110111101101110011001100110100101100111,b11101000110010101110011011101000011010001011111011000110110111101101110011001100110100101100111,b11111010000,b11101000110010101110011011101000011010001011111011000110110111101101110011001100110100101100111,b100111000100000
12750000,b11110111,1,b1111111111111111,1,0,1,1,1,1,0,0,b1010101111001101,b1000,b1010100,1,1,0,b1010101111001101,b1010,b0,b1010010110100101,1,b10,b1111111111111111,b1111111111,0,b11110111,b10,b11010000000000,b111010001100101011100110111010000110011010111110110001001110101011100100111001101110100010111110110001101101111011011010111000001101100011001010111010001100101,b11101000110010101110011011101000011010001011111011000110110111101101110011001100110100101100111,b11101000110010101110011011101000011010001011111011000110110111101101110011001100110100101100111,b11111010000,b11101000110010101110011011101000011010001011111011000110110111101101110011001100110100101100111,b100111000100000
12760000,b11110111,1,b1111111111111111,1,0,1,0,1,1,0,0,b1010101111001101,b1000,b1010100,1,1,0,b1010101111001101,b1010,b0,b1010010110100101,1,b10,b1111111111111111,b1111111111,0,b11110111,b10,b11010000000000,b111010001100101011100110111010000110011010111110110001001110101011100100111001101110100010111110110001101101111011011010111000001101100011001010111010001100101,b11101000110010101110011011101000011010001011111011000110110111101101110011001100110100101100111,b11101000110010101110011011101000011010001011111011000110110111101101110011001100110100101100111,b11111010000,b11101000110010101110011011101000011010001011111011000110110111101101110011001100110100101100111,b100111000100000
12770000,b11110111,0,b1111111111111111,0,0,1,1,1,1,0,0,b1010101111001101,b1000,b1010101,1,1,0,b1010101111001101,b1011,b1,b1010010110100101,0,b10,b1111111111111111,b1111111111,0,b11110111,b10,b110100000000000,b111010001100101011100110111010000110011010111110110001001110101011100100111001101110100010111110110001101101111011011010111000001101100011001010111010001100101,b11101000110010101110011011101000011010001011111011000110110111101101110011001100110100101100111,b11101000110010101110011011101000011010001011111011000110110111101101110011001100110100101100111,b11111010000,b11101000110010101110011011101000011010001011111011000110110111101101110011001100110100101100111,b100111000100000
12780000,b11110111,0,b1111111111111111,0,0,1,0,1,1,0,0,b1010101111001101,b1000,b1010101,1,1,0,b1010101111001101,b1011,b1,b1010010110100101,0,b10,b1111111111111111,b1111111111,0,b11110111,b10,b110100000000000,b111010001100101011100110111010000110011010111110110001001110101011100100111001101110100010111110110001101101111011011010111000001101100011001010111010001100101,b11101000110010101110011011101000011010001011111011000110110111101101110011001100110100101100111,b11101000110010101110011011101000011010001011111011000110110111101101110011001100110100101100111,b11111010000,b11101000110010101110011011101000011010001011111011000110110111101101110011001100110100101100111,b100111000100000
12790000,b11110111,0,b1111111111111111,0,0,1,1,1,1,0,0,b1010101111001101,b1000,b1010110,1,1,0,b1010101111001101,b1011,b10,b1010010110100101,0,b10,b1111111111111111,b1111111111,0,b11110111,b10,b110100000000000,b111010001100101011100110111010000110011010111110110001001110101011100100111001101110100010111110110001101101111011011010111000001101100011001010111010001100101,b11101000110010101110011011101000011010001011111011000110110111101101110011001100110100101100111,b11101000110010101110011011101000011010001011111011000110110111101101110011001100110100101100111,b11111010000,b11101000110010101110011011101000011010001011111011000110110111101101110011001100110100101100111,b100111000100000
12800000,b11110111,0,b1111111111111111,0,0,1,0,1,1,0,0,b1010101111001101,b1000,b1010110,1,1,0,b1010101111001101,b1011,b10,b1010010110100101,0,b10,b1111111111111111,b1111111111,0,b11110111,b10,b110100000000000,b111010001100101011100110111010000110011010111110110001001110101011100100111001101110100010111110110001101101111011011010111000001101100011001010111010001100101,b11101000110010101110011011101000011010001011111011000110110111101101110011001100110100101100111,b11101000110010101110011011101000011010001011111011000110110111101101110011001100110100101100111,b11111010000,b11101000110010101110011011101000011010001011111011000110110111101101110011001100110100101100111,b100111000100000
12810000,b11110111,0,b1111111111111111,0,0,1,1,1,1,0,0,b1010101111001101,b1000,b1010111,1,1,0,b1010101111001101,b1011,b11,b1010010110100101,0,b10,b1111111111111111,b1111111111,0,b11110111,b10,b110100000000000,b111010001100101011100110111010000110011010111110110001001110101011100100111001101110100010111110110001101101111011011010111000001101100011001010111010001100101,b11101000110010101110011011101000011010001011111011000110110111101101110011001100110100101100111,b11101000110010101110011011101000011010001011111011000110110111101101110011001100110100101100111,b11111010000,b11101000110010101110011011101000011010001011111011000110110111101101110011001100110100101100111,b100111000100000
12820000,b11110111,0,b1111111111111111,0,0,1,0,1,1,0,0,b1010101111001101,b1000,b1010111,1,1,0,b1010101111001101,b1011,b11,b1010010110100101,0,b10,b1111111111111111,b1111111111,0,b11110111,b10,b110100000000000,b111010001100101011100110111010000110011010111110110001001110101011100100111001101110100010111110110001101101111011011010111000001101100011001010111010001100101,b11101000110010101110011011101000011010001011111011000110110111101101110011001100110100101100111,b11101000110010101110011011101000011010001011111011000110110111101101110011001100110100101100111,b11111010000,b11101000110010101110011011101000011010001011111011000110110111101101110011001100110100101100111,b100111000100000
12830000,b11110111,0,b1111111111111111,0,0,1,1,1,1,0,0,b1010101111001101,b1000,b1011000,1,1,0,b1010101111001101,b1011,b0,b1010010110100101,0,b10,b1111111111111111,b1111111111,1,b11110111,b10,b110100000000000,b111010001100101011100110111010000110011010111110110001001110101011100100111001101110100010111110110001101101111011011010111000001101100011001010111010001100101,b11101000110010101110011011101000011010001011111011000110110111101101110011001100110100101100111,b11101000110010101110011011101000011010001011111011000110110111101101110011001100110100101100111,b11111010000,b11101000110010101110011011101000011010001011111011000110110111101101110011001100110100101100111,b100111000100000
12840000,b11110111,0,b1111111111111111,0,0,1,0,1,1,0,0,b1010101111001101,b1000,b1011000,1,1,0,b1010101111001101,b1011,b0,b1010010110100101,0,b10,b1111111111111111,b1111111111,1,b11110111,b10,b110100000000000,b111010001100101011100110111010000110011010111110110001001110101011100100111001101110100010111110110001101101111011011010111000001101100011001010111010001100101,b11101000110010101110011011101000011010001011111011000110110111101101110011001100110100101100111,b11101000110010101110011011101000011010001011111011000110110111101101110011001100110100101100111,b11111010000,b11101000110010101110011011101000011010001011111011000110110111101101110011001100110100101100111,b100111000100000
12850000,b11110111,1,b1111111111111111,0,0,1,1,1,1,0,0,b1010101111001101,b1000,b1011001,1,1,0,b1010101111001101,b1011,b1,b1010010110100101,1,b10,b1111111111111111,b11111111111,1,b11110111,b10,b110100000000000,b111010001100101011100110111010000110011010111110110001001110101011100100111001101110100010111110110001101101111011011010111000001101100011001010111010001100101,b11101000110010101110011011101000011010001011111011000110110111101101110011001100110100101100111,b11101000110010101110011011101000011010001011111011000110110111101101110011001100110100101100111,b11111010000,b11101000110010101110011011101000011010001011111011000110110111101101110011001100110100101100111,b100111000100000
12860000,b11110111,1,b1111111111111111,0,0,1,0,1,1,0,0,b1010101111001101,b1000,b1011001,1,1,0,b1010101111001101,b1011,b1,b1010010110100101,1,b10,b1111111111111111,b11111111111,1,b11110111,b10,b110100000000000,b111010001100101011100110111010000110011010111110110001001110101011100100111001101110100010111110110001101101111011011010111000001101100011001010111010001100101,b11101000110010101110011011101000011010001011111011000110110111101101110011001100110100101100111,b11101000110010101110011011101000011010001011111011000110110111101101110011001100110100101100111,b11111010000,b11101000110010101110011011101000011010001011111011000110110111101101110011001100110100101100111,b100111000100000
12870000,b11110111,1,b1111111111111111,0,0,1,1,1,1,0,0,b1010101111001101,b1000,b1011010,1,1,0,b1010101111001101,b1011,b10,b1010010110100101,1,b10,b1111111111111111,b11111111111,1,b11110111,b10,b110100000000000,b111010001100101011100110111010000110011010111110110001001110101011100100111001101110100010111110110001101101111011011010111000001101100011001010111010001100101,b11101000110010101110011011101000011010001011111011000110110111101101110011001100110100101100111,b11101000110010101110011011101000011010001011111011000110110111101101110011001100110100101100111,b11111010000,b11101000110010101110011011101000011010001011111011000110110111101101110011001100110100101100111,b100111000100000
12880000,b11110111,1,b1111111111111111,0,0,1,0,1,1,0,0,b1010101111001101,b1000,b1011010,1,1,0,b1010101111001101,b1011,b10,b1010010110100101,1,b10,b1111111111111111,b11111111111,1,b11110111,b10,b110100000000000,b111010001100101011100110111010000110011010111110110001001110101011100100111001101110100010111110110001101101111011011010111000001101100011001010111010001100101,b11101000110010101110011011101000011010001011111011000110110111101101110011001100110100101100111,b11101000110010101110011011101000011010001011111011000110110111101101110011001100110100101100111,b11111010000,b11101000110010101110011011101000011010001011111011000110110111101101110011001100110100101100111,b100111000100000
12890000,b11110111,1,b1111111111111111,0,0,1,1,1,1,0,0,b1010101111001101,b1000,b1011011,1,1,0,b1010101111001101,b1011,b11,b1010010110100101,1,b10,b1111111111111111,b11111111111,1,b11110111,b10,b110100000000000,b111010001100101011100110111010000110011010111110110001001110101011100100111001101110100010111110110001101101111011011010111000001101100011001010111010001100101,b11101000110010101110011011101000011010001011111011000110110111101101110011001100110100101100111,b11101000110010101110011011101000011010001011111011000110110111101101110011001100110100101100111,b11111010000,b11101000110010101110011011101000011010001011111011000110110111101101110011001100110100101100111,b100111000100000
12900000,b11110111,1,b1111111111111111,0,0,1,0,1,1,0,0,b1010101111001101,b1000,b1011011,1,1,0,b1010101111001101,b1011,b11,b1010010110100101,1,b10,b1111111111111111,b11111111111,1,b11110111,b10,b110100000000000,b111010001100101011100110111010000110011010111110110001001110101011100100111001101110100010111110110001101101111011011010111000001101100011001010111010001100101,b11101000110010101110011011101000011010001011111011000110110111101101110011001100110100101100111,b11101000110010101110011011101000011010001011111011000110110111101101110011001100110100101100111,b11111010000,b11101000110010101110011011101000011010001011111011000110110111101101110011001100110100101100111,b100111000100000
12910000,b11110111,1,b1111111111111111,0,0,1,1,1,1,0,0,b1010101111001101,b1000,b1011100,1,1,0,b1010101111001101,b1011,b0,b1010010110100101,1,b10,b1111111111111111,b11111111111,0,b11110111,b10,b110100000000000,b111010001100101011100110111010000110011010111110110001001110101011100100111001101110100010111110110001101101111011011010111000001101100011001010111010001100101,b11101000110010101110011011101000011010001011111011000110110111101101110011001100110100101100111,b11101000110010101110011011101000011010001011111011000110110111101101110011001100110100101100111,b11111010000,b11101000110010101110011011101000011010001011111011000110110111101101110011001100110100101100111,b100111000100000
12920000,b11110111,1,b1111111111111111,0,0,1,0,1,1,0,0,b1010101111001101,b1000,b1011100,1,1,0,b1010101111001101,b1011,b0,b1010010110100101,1,b10,b1111111111111111,b11111111111,0,b11110111,b10,b110100000000000,b111010001100101011100110111010000110011010111110110001001110101011100100111001101110100010111110110001101101111011011010111000001101100011001010111010001100101,b11101000110010101110011011101000011010001011111011000110110111101101110011001100110100101100111,b11101000110010101110011011101000011010001011111011000110110111101101110011001100110100101100111,b11111010000,b11101000110010101110011011101000011010001011111011000110110111101101110011001100110100101100111,b100111000100000
12930000,b11110111,0,b1111111111111111,0,0,1,1,1,1,0,0,b1010101111001101,b1000,b1011101,1,1,0,b1010101111001101,b1100,b1,b1010010110100101,0,b10,b1111111111111111,b11111111111,0,b11110111,b10,b1101000000000000,b111010001100101011100110111010000110011010111110110001001110101011100100111001101110100010111110110001101101111011011010111000001101100011001010111010001100101,b11101000110010101110011011101000011010001011111011000110110111101101110011001100110100101100111,b11101000110010101110011011101000011010001011111011000110110111101101110011001100110100101100111,b11111010000,b11101000110010101110011011101000011010001011111011000110110111101101110011001100110100101100111,b100111000100000
12940000,b11110111,0,b1111111111111111,0,0,1,0,1,1,0,0,b1010101111001101,b1000,b1011101,1,1,0,b1010101111001101,b1100,b1,b1010010110100101,0,b10,b1111111111111111,b11111111111,0,b11110111,b10,b1101000000000000,b111010001100101011100110111010000110011010111110110001001110101011100100111001101110100010111110110001101101111011011010111000001101100011001010111010001100101,b11101000110010101110011011101000011010001011111011000110110111101101110011001100110100101100111,b11101000110010101110011011101000011010001011111011000110110111101101110011001100110100101100111,b11111010000,b11101000110010101110011011101000011010001011111011000110110111101101110011001100110100101100111,b100111000100000
12950000,b11110111,0,b1111111111111111,0,0,1,1,1,1,0,0,b1010101111001101,b1000,b1011110,1,1,0,b1010101111001101,b1100,b10,b1010010110100101,0,b10,b1111111111111111,b11111111111,0,b11110111,b10,b1101000000000000,b111010001100101011100110111010000110011010111110110001001110101011100100111001101110100010111110110001101101111011011010111000001101100011001010111010001100101,b11101000110010101110011011101000011010001011111011000110110111101101110011001100110100101100111,b11101000110010101110011011101000011010001011111011000110110111101101110011001100110100101100111,b11111010000,b11101000110010101110011011101000011010001011111011000110110111101101110011001100110100101100111,b100111000100000
12960000,b11110111,0,b1111111111111111,0,0,1,0,1,1,0,0,b1010101111001101,b1000,b1011110,1,1,0,b1010101111001101,b1100,b10,b1010010110100101,0,b10,b1111111111111111,b11111111111,0,b11110111,b10,b1101000000000000,b111010001100101011100110111010000110011010111110110001001110101011100100111001101110100010111110110001101101111011011010111000001101100011001010111010001100101,b11101000110010101110011011101000011010001011111011000110110111101101110011001100110100101100111,b11101000110010101110011011101000011010001011111011000110110111101101110011001100110100101100111,b11111010000,b11101000110010101110011011101000011010001011111011000110110111101101110011001100110100101100111,b100111000100000
12970000,b11110111,0,b1111111111111111,0,0,1,1,1,1,0,0,b1010101111001101,b1000,b1011111,1,1,0,b1010101111001101,b1100,b11,b1010010110100101,0,b10,b1111111111111111,b11111111111,0,b11110111,b10,b1101000000000000,b111010001100101011100110111010000110011010111110110001001110101011100100111001101110100010111110110001101101111011011010111000001101100011001010111010001100101,b11101000110010101110011011101000011010001011111011000110110111101101110011001100110100101100111,b11101000110010101110011011101000011010001011111011000110110111101101110011001100110100101100111,b11111010000,b11101000110010101110011011101000011010001011111011000110110111101101110011001100110100101100111,b100111000100000
12980000,b11110111,0,b1111111111111111,0,0,1,0,1,1,0,0,b1010101111001101,b1000,b1011111,1,1,0,b1010101111001101,b1100,b11,b1010010110100101,0,b10,b1111111111111111,b11111111111,0,b11110111,b10,b1101000000000000,b111010001100101011100110111010000110011010111110110001001110101011100100111001101110100010111110110001101101111011011010111000001101100011001010111010001100101,b11101000110010101110011011101000011010001011111011000110110111101101110011001100110100101100111,b11101000110010101110011011101000011010001011111011000110110111101101110011001100110100101100111,b11111010000,b11101000110010101110011011101000011010001011111011000110110111101101110011001100110100101100111,b100111000100000
12990000,b11110111,0,b1111111111111111,0,0,1,1,1,1,0,0,b1010101111001101,b1000,b1100000,1,1,0,b1010101111001101,b1100,b0,b1010010110100101,0,b10,b1111111111111111,b11111111111,1,b11110111,b10,b1101000000000000,b111010001100101011100110111010000110011010111110110001001110101011100100111001101110100010111110110001101101111011011010111000001101100011001010111010001100101,b11101000110010101110011011101000011010001011111011000110110111101101110011001100110100101100111,b11101000110010101110011011101000011010001011111011000110110111101101110011001100110100101100111,b11111010000,b11101000110010101110011011101000011010001011111011000110110111101101110011001100110100101100111,b100111000100000
13000000,b11110111,0,b1111111111111111,0,0,1,0,1,1,0,0,b1010101111001101,b1000,b1100000,1,1,0,b1010101111001101,b1100,b0,b1010010110100101,0,b10,b1111111111111111,b11111111111,1,b11110111,b10,b1101000000000000,b111010001100101011100110111010000110011010111110110001001110101011100100111001101110100010111110110001101101111011011010111000001101100011001010111010001100101,b11101000110010101110011011101000011010001011111011000110110111101101110011001100110100101100111,b11101000110010101110011011101000011010001011111011000110110111101101110011001100110100101100111,b11111010000,b11101000110010101110011011101000011010001011111011000110110111101101110011001100110100101100111,b100111000100000
13010000,b11110111,1,b1111111111111111,0,0,1,1,1,1,0,0,b1010101111001101,b1000,b1100001,1,1,0,b1010101111001101,b1100,b1,b1010010110100101,1,b10,b1111111111111111,b111111111111,1,b11110111,b10,b1101000000000000,b111010001100101011100110111010000110011010111110110001001110101011100100111001101110100010111110110001101101111011011010111000001101100011001010111010001100101,b11101000110010101110011011101000011010001011111011000110110111101101110011001100110100101100111,b11101000110010101110011011101000011010001011111011000110110111101101110011001100110100101100111,b11111010000,b11101000110010101110011011101000011010001011111011000110110111101101110011001100110100101100111,b100111000100000
13020000,b11110111,1,b1111111111111111,0,0,1,0,1,1,0,0,b1010101111001101,b1000,b1100001,1,1,0,b1010101111001101,b1100,b1,b1010010110100101,1,b10,b1111111111111111,b111111111111,1,b11110111,b10,b1101000000000000,b111010001100101011100110111010000110011010111110110001001110101011100100111001101110100010111110110001101101111011011010111000001101100011001010111010001100101,b11101000110010101110011011101000011010001011111011000110110111101101110011001100110100101100111,b11101000110010101110011011101000011010001011111011000110110111101101110011001100110100101100111,b11111010000,b11101000110010101110011011101000011010001011111011000110110111101101110011001100110100101100111,b100111000100000
13030000,b11110111,1,b1111111111111111,0,0,1,1,1,1,0,0,b1010101111001101,b1000,b1100010,1,1,0,b1010101111001101,b1100,b10,b1010010110100101,1,b10,b1111111111111111,b111111111111,1,b11110111,b10,b1101000000000000,b111010001100101011100110111010000110011010111110110001001110101011100100111001101110100010111110110001101101111011011010111000001101100011001010111010001100101,b11101000110010101110011011101000011010001011111011000110110111101101110011001100110100101100111,b11101000110010101110011011101000011010001011111011000110110111101101110011001100110100101100111,b11111010000,b11101000110010101110011011101000011010001011111011000110110111101101110011001100110100101100111,b100111000100000
13040000,b11110111,1,b1111111111111111,0,0,1,0,1,1,0,0,b1010101111001101,b1000,b1100010,1,1,0,b1010101111001101,b1100,b10,b1010010110100101,1,b10,b1111111111111111,b111111111111,1,b11110111,b10,b1101000000000000,b111010001100101011100110111010000110011010111110110001001110101011100100111001101110100010111110110001101101111011011010111000001101100011001010111010001100101,b11101000110010101110011011101000011010001011111011000110110111101101110011001100110100101100111,b11101000110010101110011011101000011010001011111011000110110111101101110011001100110100101100111,b11111010000,b11101000110010101110011011101000011010001011111011000110110111101101110011001100110100101100111,b100111000100000
13050000,b11110111,1,b1111111111111111,0,0,1,1,1,1,0,0,b1010101111001101,b1000,b1100011,1,1,0,b1010101111001101,b1100,b11,b1010010110100101,1,b10,b1111111111111111,b111111111111,1,b11110111,b10,b1101000000000000,b111010001100101011100110111010000110011010111110110001001110101011100100111001101110100010111110110001101101111011011010111000001101100011001010111010001100101,b11101000110010101110011011101000011010001011111011000110110111101101110011001100110100101100111,b11101000110010101110011011101000011010001011111011000110110111101101110011001100110100101100111,b11111010000,b11101000110010101110011011101000011010001011111011000110110111101101110011001100110100101100111,b100111000100000
13060000,b11110111,1,b1111111111111111,0,0,1,0,1,1,0,0,b1010101111001101,b1000,b1100011,1,1,0,b1010101111001101,b1100,b11,b1010010110100101,1,b10,b1111111111111111,b111111111111,1,b11110111,b10,b1101000000000000,b111010001100101011100110111010000110011010111110110001001110101011100100111001101110100010111110110001101101111011011010111000001101100011001010111010001100101,b11101000110010101110011011101000011010001011111011000110110111101101110011001100110100101100111,b11101000110010101110011011101000011010001011111011000110110111101101110011001100110100101100111,b11111010000,b11101000110010101110011011101000011010001011111011000110110111101101110011001100110100101100111,b100111000100000
13070000,b11110111,1,b1111111111111111,0,0,1,1,1,1,0,0,b1010101111001101,b1000,b1100100,1,1,0,b1010101111001101,b1100,b0,b1010010110100101,1,b10,b1111111111111111,b111111111111,0,b11110111,b10,b1101000000000000,b111010001100101011100110111010000110011010111110110001001110101011100100111001101110100010111110110001101101111011011010111000001101100011001010111010001100101,b11101000110010101110011011101000011010001011111011000110110111101101110011001100110100101100111,b11101000110010101110011011101000011010001011111011000110110111101101110011001100110100101100111,b11111010000,b11101000110010101110011011101000011010001011111011000110110111101101110011001100110100101100111,b100111000100000
13080000,b11110111,1,b1111111111111111,0,0,1,0,1,1,0,0,b1010101111001101,b1000,b1100100,1,1,0,b1010101111001101,b1100,b0,b1010010110100101,1,b10,b1111111111111111,b111111111111,0,b11110111,b10,b1101000000000000,b111010001100101011100110111010000110011010111110110001001110101011100100111001101110100010111110110001101101111011011010111000001101100011001010111010001100101,b11101000110010101110011011101000011010001011111011000110110111101101110011001100110100101100111,b11101000110010101110011011101000011010001011111011000110110111101101110011001100110100101100111,b11111010000,b11101000110010101110011011101000011010001011111011000110110111101101110011001100110100101100111,b100111000100000
13090000,b11110111,0,b1111111111111111,1,0,1,1,1,1,0,0,b1010101111001101,b1000,b1100101,1,1,0,b1010101111001101,b1101,b1,b1010010110100101,0,b10,b1111111111111111,b111111111111,0,b11110111,b10,b1010000000000000,b111010001100101011100110111010000110011010111110110001001110101011100100111001101110100010111110110001101101111011011010111000001101100011001010111010001100101,b11101000110010101110011011101000011010001011111011000110110111101101110011001100110100101100111,b11101000110010101110011011101000011010001011111011000110110111101101110011001100110100101100111,b11111010000,b11101000110010101110011011101000011010001011111011000110110111101101110011001100110100101100111,b100111000100000
13100000,b11110111,0,b1111111111111111,1,0,1,0,1,1,0,0,b1010101111001101,b1000,b1100101,1,1,0,b1010101111001101,b1101,b1,b1010010110100101,0,b10,b1111111111111111,b111111111111,0,b11110111,b10,b1010000000000000,b111010001100101011100110111010000110011010111110110001001110101011100100111001101110100010111110110001101101111011011010111000001101100011001010111010001100101,b11101000110010101110011011101000011010001011111011000110110111101101110011001100110100101100111,b11101000110010101110011011101000011010001011111011000110110111101101110011001100110100101100111,b11111010000,b11101000110010101110011011101000011010001011111011000110110111101101110011001100110100101100111,b100111000100000
13110000,b11110111,0,b1111111111111111,1,0,1,1,1,1,0,0,b1010101111001101,b1000,b1100110,1,1,0,b1010101111001101,b1101,b10,b1010010110100101,0,b10,b1111111111111111,b111111111111,0,b11110111,b10,b1010000000000000,b111010001100101011100110111010000110011010111110110001001110101011100100111001101110100010111110110001101101111011011010111000001101100011001010111010001100101,b11101000110010101110011011101000011010001011111011000110110111101101110011001100110100101100111,b11101000110010101110011011101000011010001011111011000110110111101101110011001100110100101100111,b11111010000,b11101000110010101110011011101000011010001011111011000110110111101101110011001100110100101100111,b100111000100000
13120000,b11110111,0,b1111111111111111,1,0,1,0,1,1,0,0,b1010101111001101,b1000,b1100110,1,1,0,b1010101111001101,b1101,b10,b1010010110100101,0,b10,b1111111111111111,b111111111111,0,b11110111,b10,b1010000000000000,b111010001100101011100110111010000110011010111110110001001110101011100100111001101110100010111110110001101101111011011010111000001101100011001010111010001100101,b11101000110010101110011011101000011010001011111011000110110111101101110011001100110100101100111,b11101000110010101110011011101000011010001011111011000110110111101101110011001100110100101100111,b11111010000,b11101000110010101110011011101000011010001011111011000110110111101101110011001100110100101100111,b100111000100000
13130000,b11110111,0,b1111111111111111,1,0,1,1,1,1,0,0,b1010101111001101,b1000,b1100111,1,1,0,b1010101111001101,b1101,b11,b1010010110100101,0,b10,b1111111111111111,b111111111111,0,b11110111,b10,b1010000000000000,b111010001100101011100110111010000110011010111110110001001110101011100100111001101110100010111110110001101101111011011010111000001101100011001010111010001100101,b11101000110010101110011011101000011010001011111011000110110111101101110011001100110100101100111,b11101000110010101110011011101000011010001011111011000110110111101101110011001100110100101100111,b11111010000,b11101000110010101110011011101000011010001011111011000110110111101101110011001100110100101100111,b100111000100000
13140000,b11110111,0,b1111111111111111,1,0,1,0,1,1,0,0,b1010101111001101,b1000,b1100111,1,1,0,b1010101111001101,b1101,b11,b1010010110100101,0,b10,b1111111111111111,b111111111111,0,b11110111,b10,b1010000000000000,b111010001100101011100110111010000110011010111110110001001110101011100100111001101110100010111110110001101101111011011010111000001101100011001010111010001100101,b11101000110010101110011011101000011010001011111011000110110111101101110011001100110100101100111,b11101000110010101110011011101000011010001011111011000110110111101101110011001100110100101100111,b11111010000,b11101000110010101110011011101000011010001011111011000110110111101101110011001100110100101100111,b100111000100000
13150000,b11110111,0,b1111111111111111,1,0,1,1,1,1,0,0,b1010101111001101,b1000,b1101000,1,1,0,b1010101111001101,b1101,b0,b1010010110100101,0,b10,b1111111111111111,b111111111111,1,b11110111,b10,b1010000000000000,b111010001100101011100110111010000110011010111110110001001110101011100100111001101110100010111110110001101101111011011010111000001101100011001010111010001100101,b11101000110010101110011011101000011010001011111011000110110111101101110011001100110100101100111,b11101000110010101110011011101000011010001011111011000110110111101101110011001100110100101100111,b11111010000,b11101000110010101110011011101000011010001011111011000110110111101101110011001100110100101100111,b100111000100000
13160000,b11110111,0,b1111111111111111,1,0,1,0,1,1,0,0,b1010101111001101,b1000,b1101000,1,1,0,b1010101111001101,b1101,b0,b1010010110100101,0,b10,b1111111111111111,b111111111111,1,b11110111,b10,b1010000000000000,b111010001100101011100110111010000110011010111110110001001110101011100100111001101110100010111110110001101101111011011010111000001101100011001010111010001100101,b11101000110010101110011011101000011010001011111011000110110111101101110011001100110100101100111,b11101000110010101110011011101000011010001011111011000110110111101101110011001100110100101100111,b11111010000,b11101000110010101110011011101000011010001011111011000110110111101101110011001100110100101100111,b100111000100000
13170000,b11110111,1,b1111111111111111,1,0,1,1,1,1,0,0,b1010101111001101,b1000,b1101001,1,1,0,b1010101111001101,b1101,b1,b1010010110100101,1,b10,b1111111111111111,b1111111111111,1,b11110111,b10,b1010000000000000,b111010001100101011100110111010000110011010111110110001001110101011100100111001101110100010111110110001101101111011011010111000001101100011001010111010001100101,b11101000110010101110011011101000011010001011111011000110110111101101110011001100110100101100111,b11101000110010101110011011101000011010001011111011000110110111101101110011001100110100101100111,b11111010000,b11101000110010101110011011101000011010001011111011000110110111101101110011001100110100101100111,b100111000100000
13180000,b11110111,1,b1111111111111111,1,0,1,0,1,1,0,0,b1010101111001101,b1000,b1101001,1,1,0,b1010101111001101,b1101,b1,b1010010110100101,1,b10,b1111111111111111,b1111111111111,1,b11110111,b10,b1010000000000000,b111010001100101011100110111010000110011010111110110001001110101011100100111001101110100010111110110001101101111011011010111000001101100011001010111010001100101,b11101000110010101110011011101000011010001011111011000110110111101101110011001100110100101100111,b11101000110010101110011011101000011010001011111011000110110111101101110011001100110100101100111,b11111010000,b11101000110010101110011011101000011010001011111011000110110111101101110011001100110100101100111,b100111000100000
13190000,b11110111,1,b1111111111111111,1,0,1,1,1,1,0,0,b1010101111001101,b1000,b1101010,1,1,0,b1010101111001101,b1101,b10,b1010010110100101,1,b10,b1111111111111111,b1111111111111,1,b11110111,b10,b1010000000000000,b111010001100101011100110111010000110011010111110110001001110101011100100111001101110100010111110110001101101111011011010111000001101100011001010111010001100101,b11101000110010101110011011101000011010001011111011000110110111101101110011001100110100101100111,b11101000110010101110011011101000011010001011111011000110110111101101110011001100110100101100111,b11111010000,b11101000110010101110011011101000011010001011111011000110110111101101110011001100110100101100111,b100111000100000
13200000,b11110111,1,b1111111111111111,1,0,1,0,1,1,0,0,b1010101111001101,b1000,b1101010,1,1,0,b1010101111001101,b1101,b10,b1010010110100101,1,b10,b1111111111111111,b1111111111111,1,b11110111,b10,b1010000000000000,b111010001100101011100110111010000110011010111110110001001110101011100100111001101110100010111110110001101101111011011010111000001101100011001010111010001100101,b11101000110010101110011011101000011010001011111011000110110111101101110011001100110100101100111,b11101000110010101110011011101000011010001011111011000110110111101101110011001100110100101100111,b11111010000,b11101000110010101110011011101000011010001011111011000110110111101101110011001100110100101100111,b100111000100000
13210000,b11110111,1,b1111111111111111,1,0,1,1,1,1,0,0,b1010101111001101,b1000,b1101011,1,1,0,b1010101111001101,b1101,b11,b1010010110100101,1,b10,b1111111111111111,b1111111111111,1,b11110111,b10,b1010000000000000,b111010001100101011100110111010000110011010111110110001001110101011100100111001101110100010111110110001101101111011011010111000001101100011001010111010001100101,b11101000110010101110011011101000011010001011111011000110110111101101110011001100110100101100111,b11101000110010101110011011101000011010001011111011000110110111101101110011001100110100101100111,b11111010000,b11101000110010101110011011101000011010001011111011000110110111101101110011001100110100101100111,b100111000100000
13220000,b11110111,1,b1111111111111111,1,0,1,0,1,1,0,0,b1010101111001101,b1000,b1101011,1,1,0,b1010101111001101,b1101,b11,b1010010110100101,1,b10,b1111111111111111,b1111111111111,1,b11110111,b10,b1010000000000000,b111010001100101011100110111010000110011010111110110001001110101011100100111001101110100010111110110001101101111011011010111000001101100011001010111010001100101,b11101000110010101110011011101000011010001011111011000110110111101101110011001100110100101100111,b11101000110010101110011011101000011010001011111011000110110111101101110011001100110100101100111,b11111010000,b11101000110010101110011011101000011010001011111011000110110111101101110011001100110100101100111,b100111000100000
13230000,b11110111,1,b1111111111111111,1,0,1,1,1,1,0,0,b1010101111001101,b1000,b1101100,1,1,0,b1010101111001101,b1101,b0,b1010010110100101,1,b10,b1111111111111111,b1111111111111,0,b11110111,b10,b1010000000000000,b111010001100101011100110111010000110011010111110110001001110101011100100111001101110100010111110110001101101111011011010111000001101100011001010111010001100101,b11101000110010101110011011101000011010001011111011000110110111101101110011001100110100101100111,b11101000110010101110011011101000011010001011111011000110110111101101110011001100110100101100111,b11111010000,b11101000110010101110011011101000011010001011111011000110110111101101110011001100110100101100111,b100111000100000
13240000,b11110111,1,b1111111111111111,1,0,1,0,1,1,0,0,b1010101111001101,b1000,b1101100,1,1,0,b1010101111001101,b1101,b0,b1010010110100101,1,b10,b1111111111111111,b1111111111111,0,b11110111,b10,b1010000000000000,b111010001100101011100110111010000110011010111110110001001110101011100100111001101110100010111110110001101101111011011010111000001101100011001010111010001100101,b11101000110010101110011011101000011010001011111011000110110111101101110011001100110100101100111,b11101000110010101110011011101000011010001011111011000110110111101101110011001100110100101100111,b11111010000,b11101000110010101110011011101000011010001011111011000110110111101101110011001100110100101100111,b100111000100000
13250000,b11110111,0,b1111111111111111,1,0,1,1,1,1,0,0,b1010101111001101,b1000,b1101101,1,1,0,b1010101111001101,b1110,b1,b1010010110100101,0,b10,b1111111111111111,b1111111111111,0,b11110111,b10,b100000000000000,b111010001100101011100110111010000110011010111110110001001110101011100100111001101110100010111110110001101101111011011010111000001101100011001010111010001100101,b11101000110010101110011011101000011010001011111011000110110111101101110011001100110100101100111,b11101000110010101110011011101000011010001011111011000110110111101101110011001100110100101100111,b11111010000,b11101000110010101110011011101000011010001011111011000110110111101101110011001100110100101100111,b100111000100000
13260000,b11110111,0,b1111111111111111,1,0,1,0,1,1,0,0,b1010101111001101,b1000,b1101101,1,1,0,b1010101111001101,b1110,b1,b1010010110100101,0,b10,b1111111111111111,b1111111111111,0,b11110111,b10,b100000000000000,b111010001100101011100110111010000110011010111110110001001110101011100100111001101110100010111110110001101101111011011010111000001101100011001010111010001100101,b11101000110010101110011011101000011010001011111011000110110111101101110011001100110100101100111,b11101000110010101110011011101000011010001011111011000110110111101101110011001100110100101100111,b11111010000,b11101000110010101110011011101000011010001011111011000110110111101101110011001100110100101100111,b100111000100000
13270000,b11110111,0,b1111111111111111,1,0,1,1,1,1,0,0,b1010101111001101,b1000,b1101110,1,1,0,b1010101111001101,b1110,b10,b1010010110100101,0,b10,b1111111111111111,b1111111111111,0,b11110111,b10,b100000000000000,b111010001100101011100110111010000110011010111110110001001110101011100100111001101110100010111110110001101101111011011010111000001101100011001010111010001100101,b11101000110010101110011011101000011010001011111011000110110111101101110011001100110100101100111,b11101000110010101110011011101000011010001011111011000110110111101101110011001100110100101100111,b11111010000,b11101000110010101110011011101000011010001011111011000110110111101101110011001100110100101100111,b100111000100000
13280000,b11110111,0,b1111111111111111,1,0,1,0,1,1,0,0,b1010101111001101,b1000,b1101110,1,1,0,b1010101111001101,b1110,b10,b1010010110100101,0,b10,b1111111111111111,b1111111111111,0,b11110111,b10,b100000000000000,b111010001100101011100110111010000110011010111110110001001110101011100100111001101110100010111110110001101101111011011010111000001101100011001010111010001100101,b11101000110010101110011011101000011010001011111011000110110111101101110011001100110100101100111,b11101000110010101110011011101000011010001011111011000110110111101101110011001100110100101100111,b11111010000,b11101000110010101110011011101000011010001011111011000110110111101101110011001100110100101100111,b100111000100000
13290000,b11110111,0,b1111111111111111,1,0,1,1,1,1,0,0,b1010101111001101,b1000,b1101111,1,1,0,b1010101111001101,b1110,b11,b1010010110100101,0,b10,b1111111111111111,b1111111111111,0,b11110111,b10,b100000000000000,b111010001100101011100110111010000110011010111110110001001110101011100100111001101110100010111110110001101101111011011010111000001101100011001010111010001100101,b11101000110010101110011011101000011010001011111011000110110111101101110011001100110100101100111,b11101000110010101110011011101000011010001011111011000110110111101101110011001100110100101100111,b11111010000,b11101000110010101110011011101000011010001011111011000110110111101101110011001100110100101100111,b100111000100000
13300000,b11110111,0,b1111111111111111,1,0,1,0,1,1,0,0,b1010101111001101,b1000,b1101111,1,1,0,b1010101111001101,b1110,b11,b1010010110100101,0,b10,b1111111111111111,b1111111111111,0,b11110111,b10,b100000000000000,b111010001100101011100110111010000110011010111110110001001110101011100100111001101110100010111110110001101101111011011010111000001101100011001010111010001100101,b11101000110010101110011011101000011010001011111011000110110111101101110011001100110100101100111,b11101000110010101110011011101000011010001011111011000110110111101101110011001100110100101100111,b11111010000,b11101000110010101110011011101000011010001011111011000110110111101101110011001100110100101100111,b100111000100000
13310000,b11110111,0,b1111111111111111,1,0,1,1,1,1,0,0,b1010101111001101,b1000,b1110000,1,1,0,b1010101111001101,b1110,b0,b1010010110100101,0,b10,b1111111111111111,b1111111111111,1,b11110111,b10,b100000000000000,b111010001100101011100110111010000110011010111110110001001110101011100100111001101110100010111110110001101101111011011010111000001101100011001010111010001100101,b11101000110010101110011011101000011010001011111011000110110111101101110011001100110100101100111,b11101000110010101110011011101000011010001011111011000110110111101101110011001100110100101100111,b11111010000,b11101000110010101110011011101000011010001011111011000110110111101101110011001100110100101100111,b100111000100000
13320000,b11110111,0,b1111111111111111,1,0,1,0,1,1,0,0,b1010101111001101,b1000,b1110000,1,1,0,b1010101111001101,b1110,b0,b1010010110100101,0,b10,b1111111111111111,b1111111111111,1,b11110111,b10,b100000000000000,b111010001100101011100110111010000110011010111110110001001110101011100100111001101110100010111110110001101101111011011010111000001101100011001010111010001100101,b11101000110010101110011011101000011010001011111011000110110111101101110011001100110100101100111,b11101000110010101110011011101000011010001011111011000110110111101101110011001100110100101100111,b11111010000,b11101000110010101110011011101000011010001011111011000110110111101101110011001100110100101100111,b100111000100000
13330000,b11110111,1,b1111111111111111,1,0,1,1,1,1,0,0,b1010101111001101,b1000,b1110001,1,1,0,b1010101111001101,b1110,b1,b1010010110100101,1,b10,b1111111111111111,b11111111111111,1,b11110111,b10,b100000000000000,b111010001100101011100110111010000110011010111110110001001110101011100100111001101110100010111110110001101101111011011010111000001101100011001010111010001100101,b11101000110010101110011011101000011010001011111011000110110111101101110011001100110100101100111,b11101000110010101110011011101000011010001011111011000110110111101101110011001100110100101100111,b11111010000,b11101000110010101110011011101000011010001011111011000110110111101101110011001100110100101100111,b100111000100000
13340000,b11110111,1,b1111111111111111,1,0,1,0,1,1,0,0,b1010101111001101,b1000,b1110001,1,1,0,b1010101111001101,b1110,b1,b1010010110100101,1,b10,b1111111111111111,b11111111111111,1,b11110111,b10,b100000000000000,b111010001100101011100110111010000110011010111110110001001110101011100100111001101110100010111110110001101101111011011010111000001101100011001010111010001100101,b11101000110010101110011011101000011010001011111011000110110111101101110011001100110100101100111,b11101000110010101110011011101000011010001011111011000110110111101101110011001100110100101100111,b11111010000,b11101000110010101110011011101000011010001011111011000110110111101101110011001100110100101100111,b100111000100000
13350000,b11110111,1,b1111111111111111,1,0,1,1,1,1,0,0,b1010101111001101,b1000,b1110010,1,1,0,b1010101111001101,b1110,b10,b1010010110100101,1,b10,b1111111111111111,b11111111111111,1,b11110111,b10,b100000000000000,b111010001100101011100110111010000110011010111110110001001110101011100100111001101110100010111110110001101101111011011010111000001101100011001010111010001100101,b11101000110010101110011011101000011010001011111011000110110111101101110011001100110100101100111,b11101000110010101110011011101000011010001011111011000110110111101101110011001100110100101100111,b11111010000,b11101000110010101110011011101000011010001011111011000110110111101101110011001100110100101100111,b100111000100000
13360000,b11110111,1,b1111111111111111,1,0,1,0,1,1,0,0,b1010101111001101,b1000,b1110010,1,1,0,b1010101111001101,b1110,b10,b1010010110100101,1,b10,b1111111111111111,b11111111111111,1,b11110111,b10,b100000000000000,b111010001100101011100110111010000110011010111110110001001110101011100100111001101110100010111110110001101101111011011010111000001101100011001010111010001100101,b11101000110010101110011011101000011010001011111011000110110111101101110011001100110100101100111,b11101000110010101110011011101000011010001011111011000110110111101101110011001100110100101100111,b11111010000,b11101000110010101110011011101000011010001011111011000110110111101101110011001100110100101100111,b100111000100000
13370000,b11110111,1,b1111111111111111,1,0,1,1,1,1,0,0,b1010101111001101,b1000,b1110011,1,1,0,b1010101111001101,b1110,b11,b1010010110100101,1,b10,b1111111111111111,b11111111111111,1,b11110111,b10,b100000000000000,b111010001100101011100110111010000110011010111110110001001110101011100100111001101110100010111110110001101101111011011010111000001101100011001010111010001100101,b11101000110010101110011011101000011010001011111011000110110111101101110011001100110100101100111,b11101000110010101110011011101000011010001011111011000110110111101101110011001100110100101100111,b11111010000,b11101000110010101110011011101000011010001011111011000110110111101101110011001100110100101100111,b100111000100000
13380000,b11110111,1,b1111111111111111,1,0,1,0,1,1,0,0,b1010101111001101,b1000,b1110011,1,1,0,b1010101111001101,b1110,b11,b1010010110100101,1,b10,b1111111111111111,b11111111111111,1,b11110111,b10,b100000000000000,b111010001100101011100110111010000110011010111110110001001110101011100100111001101110100010111110110001101101111011011010111000001101100011001010111010001100101,b11101000110010101110011011101000011010001011111011000110110111101101110011001100110100101100111,b11101000110010101110011011101000011010001011111011000110110111101101110011001100110100101100111,b11111010000,b11101000110010101110011011101000011010001011111011000110110111101101110011001100110100101100111,b100111000100000
13390000,b11110111,1,b1111111111111111,1,0,1,1,1,1,0,0,b1010101111001101,b1000,b1110100,1,1,0,b1010101111001101,b1110,b0,b1010010110100101,1,b10,b1111111111111111,b11111111111111,0,b11110111,b10,b100000000000000,b111010001100101011100110111010000110011010111110110001001110101011100100111001101110100010111110110001101101111011011010111000001101100011001010111010001100101,b11101000110010101110011011101000011010001011111011000110110111101101110011001100110100101100111,b11101000110010101110011011101000011010001011111011000110110111101101110011001100110100101100111,b11111010000,b11101000110010101110011011101000011010001011111011000110110111101101110011001100110100101100111,b100111000100000
13400000,b11110111,1,b1111111111111111,1,0,1,0,1,1,0,0,b1010101111001101,b1000,b1110100,1,1,0,b1010101111001101,b1110,b0,b1010010110100101,1,b10,b1111111111111111,b11111111111111,0,b11110111,b10,b100000000000000,b111010001100101011100110111010000110011010111110110001001110101011100100111001101110100010111110110001101101111011011010111000001101100011001010111010001100101,b11101000110010101110011011101000011010001011111011000110110111101101110011001100110100101100111,b11101000110010101110011011101000011010001011111011000110110111101101110011001100110100101100111,b11111010000,b11101000110010101110011011101000011010001011111011000110110111101101110011001100110100101100111,b100111000100000
13410000,b11110111,0,b1111111111111111,0,0,1,1,1,1,0,0,b1010101111001101,b1000,b1110101,1,1,0,b1010101111001101,b1111,b1,b1010010110100101,0,b10,b1111111111111111,b11111111111111,0,b11110111,b10,b1000000000000000,b111010001100101011100110111010000110011010111110110001001110101011100100111001101110100010111110110001101101111011011010111000001101100011001010111010001100101,b11101000110010101110011011101000011010001011111011000110110111101101110011001100110100101100111,b11101000110010101110011011101000011010001011111011000110110111101101110011001100110100101100111,b11111010000,b11101000110010101110011011101000011010001011111011000110110111101101110011001100110100101100111,b100111000100000
13420000,b11110111,0,b1111111111111111,0,0,1,0,1,1,0,0,b1010101111001101,b1000,b1110101,1,1,0,b1010101111001101,b1111,b1,b1010010110100101,0,b10,b1111111111111111,b11111111111111,0,b11110111,b10,b1000000000000000,b111010001100101011100110111010000110011010111110110001001110101011100100111001101110100010111110110001101101111011011010111000001101100011001010111010001100101,b11101000110010101110011011101000011010001011111011000110110111101101110011001100110100101100111,b11101000110010101110011011101000011010001011111011000110110111101101110011001100110100101100111,b11111010000,b11101000110010101110011011101000011010001011111011000110110111101101110011001100110100101100111,b100111000100000
13430000,b11110111,0,b1111111111111111,0,0,1,1,1,1,0,0,b1010101111001101,b1000,b1110110,1,1,0,b1010101111001101,b1111,b10,b1010010110100101,0,b10,b1111111111111111,b11111111111111,0,b11110111,b10,b1000000000000000,b111010001100101011100110111010000110011010111110110001001110101011100100111001101110100010111110110001101101111011011010111000001101100011001010111010001100101,b11101000110010101110011011101000011010001011111011000110110111101101110011001100110100101100111,b11101000110010101110011011101000011010001011111011000110110111101101110011001100110100101100111,b11111010000,b11101000110010101110011011101000011010001011111011000110110111101101110011001100110100101100111,b100111000100000
13440000,b11110111,0,b1111111111111111,0,0,1,0,1,1,0,0,b1010101111001101,b1000,b1110110,1,1,0,b1010101111001101,b1111,b10,b1010010110100101,0,b10,b1111111111111111,b11111111111111,0,b11110111,b10,b1000000000000000,b111010001100101011100110111010000110011010111110110001001110101011100100111001101110100010111110110001101101111011011010111000001101100011001010111010001100101,b11101000110010101110011011101000011010001011111011000110110111101101110011001100110100101100111,b11101000110010101110011011101000011010001011111011000110110111101101110011001100110100101100111,b11111010000,b11101000110010101110011011101000011010001011111011000110110111101101110011001100110100101100111,b100111000100000
13450000,b11110111,0,b1111111111111111,0,0,1,1,1,1,0,0,b1010101111001101,b1000,b1110111,1,1,0,b1010101111001101,b1111,b11,b1010010110100101,0,b10,b1111111111111111,b11111111111111,0,b11110111,b10,b1000000000000000,b111010001100101011100110111010000110011010111110110001001110101011100100111001101110100010111110110001101101111011011010111000001101100011001010111010001100101,b11101000110010101110011011101000011010001011111011000110110111101101110011001100110100101100111,b11101000110010101110011011101000011010001011111011000110110111101101110011001100110100101100111,b11111010000,b11101000110010101110011011101000011010001011111011000110110111101101110011001100110100101100111,b100111000100000
13460000,b11110111,0,b1111111111111111,0,0,1,0,1,1,0,0,b1010101111001101,b1000,b1110111,1,1,0,b1010101111001101,b1111,b11,b1010010110100101,0,b10,b1111111111111111,b11111111111111,0,b11110111,b10,b1000000000000000,b111010001100101011100110111010000110011010111110110001001110101011100100111001101110100010111110110001101101111011011010111000001101100011001010111010001100101,b11101000110010101110011011101000011010001011111011000110110111101101110011001100110100101100111,b11101000110010101110011011101000011010001011111011000110110111101101110011001100110100101100111,b11111010000,b11101000110010101110011011101000011010001011111011000110110111101101110011001100110100101100111,b100111000100000
13470000,b11110111,0,b1111111111111111,0,0,1,1,1,1,0,0,b1010101111001101,b1000,b1111000,1,1,0,b1010101111001101,b1111,b0,b1010010110100101,0,b10,b1111111111111111,b11111111111111,1,b11110111,b10,b1000000000000000,b111010001100101011100110111010000110011010111110110001001110101011100100111001101110100010111110110001101101111011011010111000001101100011001010111010001100101,b11101000110010101110011011101000011010001011111011000110110111101101110011001100110100101100111,b11101000110010101110011011101000011010001011111011000110110111101101110011001100110100101100111,b11111010000,b11101000110010101110011011101000011010001011111011000110110111101101110011001100110100101100111,b100111000100000
13480000,b11110111,0,b1111111111111111,0,0,1,0,1,1,0,0,b1010101111001101,b1000,b1111000,1,1,0,b1010101111001101,b1111,b0,b1010010110100101,0,b10,b1111111111111111,b11111111111111,1,b11110111,b10,b1000000000000000,b111010001100101011100110111010000110011010111110110001001110101011100100111001101110100010111110110001101101111011011010111000001101100011001010111010001100101,b11101000110010101110011011101000011010001011111011000110110111101101110011001100110100101100111,b11101000110010101110011011101000011010001011111011000110110111101101110011001100110100101100111,b11111010000,b11101000110010101110011011101000011010001011111011000110110111101101110011001100110100101100111,b100111000100000
13490000,b11110111,1,b1111111111111111,0,0,1,1,1,1,0,0,b1010101111001101,b1000,b1111001,1,1,0,b1010101111001101,b1111,b1,b1010010110100101,1,b10,b1111111111111111,b111111111111111,1,b11110111,b10,b1000000000000000,b111010001100101011100110111010000110011010111110110001001110101011100100111001101110100010111110110001101101111011011010111000001101100011001010111010001100101,b11101000110010101110011011101000011010001011111011000110110111101101110011001100110100101100111,b11101000110010101110011011101000011010001011111011000110110111101101110011001100110100101100111,b11111010000,b11101000110010101110011011101000011010001011111011000110110111101101110011001100110100101100111,b100111000100000
13500000,b11110111,1,b1111111111111111,0,0,1,0,1,1,0,0,b1010101111001101,b1000,b1111001,1,1,0,b1010101111001101,b1111,b1,b1010010110100101,1,b10,b1111111111111111,b111111111111111,1,b11110111,b10,b1000000000000000,b111010001100101011100110111010000110011010111110110001001110101011100100111001101110100010111110110001101101111011011010111000001101100011001010111010001100101,b11101000110010101110011011101000011010001011111011000110110111101101110011001100110100101100111,b11101000110010101110011011101000011010001011111011000110110111101101110011001100110100101100111,b11111010000,b11101000110010101110011011101000011010001011111011000110110111101101110011001100110100101100111,b100111000100000
13510000,b11110111,1,b1111111111111111,0,0,1,1,1,1,0,0,b1010101111001101,b1000,b1111010,1,1,0,b1010101111001101,b1111,b10,b1010010110100101,1,b10,b1111111111111111,b111111111111111,1,b11110111,b10,b1000000000000000,b111010001100101011100110111010000110011010111110110001001110101011100100111001101110100010111110110001101101111011011010111000001101100011001010111010001100101,b11101000110010101110011011101000011010001011111011000110110111101101110011001100110100101100111,b11101000110010101110011011101000011010001011111011000110110111101101110011001100110100101100111,b11111010000,b11101000110010101110011011101000011010001011111011000110110111101101110011001100110100101100111,b100111000100000
13520000,b11110111,1,b1111111111111111,0,0,1,0,1,1,0,0,b1010101111001101,b1000,b1111010,1,1,0,b1010101111001101,b1111,b10,b1010010110100101,1,b10,b1111111111111111,b111111111111111,1,b11110111,b10,b1000000000000000,b111010001100101011100110111010000110011010111110110001001110101011100100111001101110100010111110110001101101111011011010111000001101100011001010111010001100101,b11101000110010101110011011101000011010001011111011000110110111101101110011001100110100101100111,b11101000110010101110011011101000011010001011111011000110110111101101110011001100110100101100111,b11111010000,b11101000110010101110011011101000011010001011111011000110110111101101110011001100110100101100111,b100111000100000
13530000,b11110111,1,b1111111111111111,0,0,1,1,1,1,0,0,b1010101111001101,b1000,b1111011,1,1,0,b1010101111001101,b1111,b11,b1010010110100101,1,b10,b1111111111111111,b111111111111111,1,b11110111,b10,b1000000000000000,b111010001100101011100110111010000110011010111110110001001110101011100100111001101110100010111110110001101101111011011010111000001101100011001010111010001100101,b11101000110010101110011011101000011010001011111011000110110111101101110011001100110100101100111,b11101000110010101110011011101000011010001011111011000110110111101101110011001100110100101100111,b11111010000,b11101000110010101110011011101000011010001011111011000110110111101101110011001100110100101100111,b100111000100000
13540000,b11110111,1,b1111111111111111,0,0,1,0,1,1,0,0,b1010101111001101,b1000,b1111011,1,1,0,b1010101111001101,b1111,b11,b1010010110100101,1,b10,b1111111111111111,b111111111111111,1,b11110111,b10,b1000000000000000,b111010001100101011100110111010000110011010111110110001001110101011100100111001101110100010111110110001101101111011011010111000001101100011001010111010001100101,b11101000110010101110011011101000011010001011111011000110110111101101110011001100110100101100111,b11101000110010101110011011101000011010001011111011000110110111101101110011001100110100101100111,b11111010000,b11101000110010101110011011101000011010001011111011000110110111101101110011001100110100101100111,b100111000100000
13550000,b11110111,1,b1111111111111111,0,0,1,1,1,1,0,0,b1010101111001101,b1000,b1111100,1,1,0,b1010101111001101,b1111,b0,b1010010110100101,1,b10,b1111111111111111,b111111111111111,0,b11110111,b10,b1000000000000000,b111010001100101011100110111010000110011010111110110001001110101011100100111001101110100010111110110001101101111011011010111000001101100011001010111010001100101,b11101000110010101110011011101000011010001011111011000110110111101101110011001100110100101100111,b11101000110010101110011011101000011010001011111011000110110111101101110011001100110100101100111,b11111010000,b11101000110010101110011011101000011010001011111011000110110111101101110011001100110100101100111,b100111000100000
13560000,b11110111,1,b1111111111111111,0,0,1,0,1,1,0,0,b1010101111001101,b1000,b1111100,1,1,0,b1010101111001101,b1111,b0,b1010010110100101,1,b10,b1111111111111111,b111111111111111,0,b11110111,b10,b1000000000000000,b111010001100101011100110111010000110011010111110110001001110101011100100111001101110100010111110110001101101111011011010111000001101100011001010111010001100101,b11101000110010101110011011101000011010001011111011000110110111101101110011001100110100101100111,b11101000110010101110011011101000011010001011111011000110110111101101110011001100110100101100111,b11111010000,b11101000110010101110011011101000011010001011111011000110110111101101110011001100110100101100111,b100111000100000
13570000,b11110111,0,b1111111111111111,1,0,1,1,1,1,0,0,b1010101111001101,b1000,b1111101,1,1,0,b1010101111001101,b10000,b1,b1010010110100101,0,b10,b1111111111111111,b111111111111111,0,b11110111,b10,b0,b111010001100101011100110111010000110011010111110110001001110101011100100111001101110100010111110110001101101111011011010111000001101100011001010111010001100101,b11101000110010101110011011101000011010001011111011000110110111101101110011001100110100101100111,b11101000110010101110011011101000011010001011111011000110110111101101110011001100110100101100111,b11111010000,b11101000110010101110011011101000011010001011111011000110110111101101110011001100110100101100111,b100111000100000
13580000,b11110111,0,b1111111111111111,1,0,1,0,1,1,0,0,b1010101111001101,b1000,b1111101,1,1,0,b1010101111001101,b10000,b1,b1010010110100101,0,b10,b1111111111111111,b111111111111111,0,b11110111,b10,b0,b111010001100101011100110111010000110011010111110110001001110101011100100111001101110100010111110110001101101111011011010111000001101100011001010111010001100101,b11101000110010101110011011101000011010001011111011000110110111101101110011001100110100101100111,b11101000110010101110011011101000011010001011111011000110110111101101110011001100110100101100111,b11111010000,b11101000110010101110011011101000011010001011111011000110110111101101110011001100110100101100111,b100111000100000
13590000,b11110111,0,b1111111111111111,1,0,1,1,1,1,0,0,b1010101111001101,b1000,b1111110,1,1,0,b1010101111001101,b10000,b10,b1010010110100101,0,b10,b1111111111111111,b111111111111111,0,b11110111,b10,b0,b111010001100101011100110111010000110011010111110110001001110101011100100111001101110100010111110110001101101111011011010111000001101100011001010111010001100101,b11101000110010101110011011101000011010001011111011000110110111101101110011001100110100101100111,b11101000110010101110011011101000011010001011111011000110110111101101110011001100110100101100111,b11111010000,b11101000110010101110011011101000011010001011111011000110110111101101110011001100110100101100111,b100111000100000
13600000,b11110111,0,b1111111111111111,1,0,1,0,1,1,0,0,b1010101111001101,b1000,b1111110,1,1,0,b1010101111001101,b10000,b10,b1010010110100101,0,b10,b1111111111111111,b111111111111111,0,b11110111,b10,b0,b111010001100101011100110111010000110011010111110110001001110101011100100111001101110100010111110110001101101111011011010111000001101100011001010111010001100101,b11101000110010101110011011101000011010001011111011000110110111101101110011001100110100101100111,b11101000110010101110011011101000011010001011111011000110110111101101110011001100110100101100111,b11111010000,b11101000110010101110011011101000011010001011111011000110110111101101110011001100110100101100111,b100111000100000
13610000,b11110111,0,b1111111111111111,1,0,1,1,1,1,0,0,b1010101111001101,b1000,b1111111,1,1,0,b1010101111001101,b10000,b11,b1010010110100101,0,b10,b1111111111111111,b111111111111111,0,b11110111,b10,b0,b111010001100101011100110111010000110011010111110110001001110101011100100111001101110100010111110110001101101111011011010111000001101100011001010111010001100101,b11101000110010101110011011101000011010001011111011000110110111101101110011001100110100101100111,b11101000110010101110011011101000011010001011111011000110110111101101110011001100110100101100111,b11111010000,b11101000110010101110011011101000011010001011111011000110110111101101110011001100110100101100111,b100111000100000
13620000,b11110111,0,b1111111111111111,1,0,1,0,1,1,0,0,b1010101111001101,b1000,b1111111,1,1,0,b1010101111001101,b10000,b11,b1010010110100101,0,b10,b1111111111111111,b111111111111111,0,b11110111,b10,b0,b111010001100101011100110111010000110011010111110110001001110101011100100111001101110100010111110110001101101111011011010111000001101100011001010111010001100101,b11101000110010101110011011101000011010001011111011000110110111101101110011001100110100101100111,b11101000110010101110011011101000011010001011111011000110110111101101110011001100110100101100111,b11111010000,b11101000110010101110011011101000011010001011111011000110110111101101110011001100110100101100111,b100111000100000
13630000,b11110111,0,b1111111111111111,1,0,1,1,1,1,0,0,b1010101111001101,b1000,b10000000,1,1,0,b1010101111001101,b10000,b0,b1010010110100101,0,b100,b1111111111111111,b111111111111111,1,b11110111,b10,b0,b111010001100101011100110111010000110011010111110110001001110101011100100111001101110100010111110110001101101111011011010111000001101100011001010111010001100101,b11101000110010101110011011101000011010001011111011000110110111101101110011001100110100101100111,b11101000110010101110011011101000011010001011111011000110110111101101110011001100110100101100111,b11111010000,b11101000110010101110011011101000011010001011111011000110110111101101110011001100110100101100111,b100111000100000
13640000,b11110111,0,b1111111111111111,1,0,1,0,1,1,0,0,b1010101111001101,b1000,b10000000,1,1,0,b1010101111001101,b10000,b0,b1010010110100101,0,b100,b1111111111111111,b111111111111111,1,b11110111,b10,b0,b111010001100101011100110111010000110011010111110110001001110101011100100111001101110100010111110110001101101111011011010111000001101100011001010111010001100101,b11101000110010101110011011101000011010001011111011000110110111101101110011001100110100101100111,b11101000110010101110011011101000011010001011111011000110110111101101110011001100110100101100111,b11111010000,b11101000110010101110011011101000011010001011111011000110110111101101110011001100110100101100111,b100111000100000
13650000,b11111111,1,b1111111111111111,1,1,0,1,1,1,0,0,b1010101111001101,b1000,b10000001,1,1,0,b1010101111001101,b10000,b1,b1010010110100101,1,b0,b1111111111111111,b1111111111111111,1,b11111111,b100,b0,b111010001100101011100110111010000110011010111110110001001110101011100100111001101110100010111110110001101101111011011010111000001101100011001010111010001100101,b11101000110010101110011011101000011010001011111011000110110111101101110011001100110100101100111,b11101000110010101110011011101000011010001011111011000110110111101101110011001100110100101100111,b11111010000,b11101000110010101110011011101000011010001011111011000110110111101101110011001100110100101100111,b100111000100000
13660000,b11111111,1,b1111111111111111,1,1,0,0,1,1,0,0,b1010101111001101,b1000,b10000001,1,1,0,b1010101111001101,b10000,b1,b1010010110100101,1,b0,b1111111111111111,b1111111111111111,1,b11111111,b100,b0,b111010001100101011100110111010000110011010111110110001001110101011100100111001101110100010111110110001101101111011011010111000001101100011001010111010001100101,b11101000110010101110011011101000011010001011111011000110110111101101110011001100110100101100111,b11101000110010101110011011101000011010001011111011000110110111101101110011001100110100101100111,b11111010000,b11101000110010101110011011101000011010001011111011000110110111101101110011001100110100101100111,b100111000100000
13670000,b11111111,1,b1111111111111111,1,0,0,1,1,1,0,0,b1010101111001101,b1000,b10000010,1,1,0,b1010101111001101,b10000,b0,b1010010110100101,1,b0,b1111111111111111,b1111111111111111,1,b11111111,b0,b0,b11101000110010101110011011101000011010001011111011000110110111101101110011001100110100101100111010111110110001101101111011011010111000001101100011001010111010001100101,b11101000110010101110011011101000011010001011111011000110110111101101110011001100110100101100111,b11101000110010101110011011101000011010001011111011000110110111101101110011001100110100101100111,b11111010000,b11101000110010101110011011101000011010001011111011000110110111101101110011001100110100101100111,b100111000100000
